date,symbol,open,high,low,close,volume,sector
2024-05-24,AAPL,188.87,190.56,188.06,190.0,469969,Technology
2024-05-24,AMZN,181.715,182.39,180.31,180.75,431528,Technology
2024-05-24,AVGO,1399.005,1413.02,1394.86,1407.05,73904,Technology
2024-05-24,GOOGL,175.115,175.755,173.69,174.97,230768,Technology
2024-05-24,META,467.25,479.795,466.52,478.11,193063,Technology
2024-05-24,MSFT,427.27,430.98,424.645,430.07,184949,Technology
2024-05-24,NVDA,1044.55,1064.71,1030.16,1064.71,434162,Technology
2024-05-28,AAPL,191.53,192.98,189.13,190.1,838111,Technology
2024-05-28,AMZN,179.68,182.23,179.58,182.175,548594,Technology
2024-05-28,AVGO,1411.52,1415.84,1392.995,1412.31,108994,Technology
2024-05-28,GOOGL,174.54,177.245,174.45,176.4,542997,Technology
2024-05-28,META,476.69,480.48,474.86,479.97,390766,Technology
2024-05-28,MSFT,429.62,430.7,426.69,430.2,284143,Technology
2024-05-28,NVDA,1102.44,1148.75,1098.83,1140.525,717748,Technology
2024-05-29,AAPL,189.65,192.24,189.61,190.37,743546,Technology
2024-05-29,AMZN,181.82,184.04,181.585,181.985,425832,Technology
2024-05-29,AVGO,1392.985,1398.32,1383.62,1389.93,118146,Technology
2024-05-29,GOOGL,175.24,176.835,174.74,175.95,580717,Technology
2024-05-29,META,474.555,479.82,473.79,474.38,176397,Technology
2024-05-29,MSFT,426.26,430.865,425.82,429.23,234958,Technology
2024-05-29,NVDA,1130.5,1154.625,1109.375,1146.37,530678,Technology
2024-05-30,AAPL,190.75,192.175,190.65,191.28,707884,Technology
2024-05-30,AMZN,181.27,181.325,178.37,179.245,368611,Technology
2024-05-30,AVGO,1380.325,1382.12,1356.18,1364.205,81558,Technology
2024-05-30,GOOGL,175.065,175.065,171.82,172.12,363452,Technology
2024-05-30,META,471.11,471.28,464.89,467.01,257501,Technology
2024-05-30,MSFT,423.93,424.065,414.31,414.74,531923,Technology
2024-05-30,NVDA,1145.92,1158.0,1096.85,1105.57,469750,Technology
2024-05-31,AAPL,191.345,192.56,189.915,192.31,1346295,Technology
2024-05-31,AMZN,178.255,179.165,173.885,176.52,1046175,Technology
2024-05-31,AVGO,1361.37,1361.64,1308.03,1330.9,125659,Technology
2024-05-31,GOOGL,171.755,172.98,169.455,172.5,441821,Technology
2024-05-31,META,466.025,468.82,454.52,466.99,274213,Technology
2024-05-31,MSFT,416.585,416.585,404.735,415.28,720404,Technology
2024-05-31,NVDA,1124.62,1127.05,1069.57,1095.14,522293,Technology
2024-06-03,AAPL,192.985,194.99,192.6,193.99,390603,Technology
2024-06-03,AMZN,177.51,178.67,175.95,178.33,364027,Technology
2024-06-03,AVGO,1351.5,1351.5,1302.74,1320.55,96147,Technology
2024-06-03,GOOGL,172.57,174.5,171.19,173.2,206433,Technology
2024-06-03,META,470.77,479.42,468.45,477.46,198819,Technology
2024-06-03,MSFT,415.63,416.38,408.98,413.41,217236,Technology
2024-06-03,NVDA,1137.24,1150.0,1120.26,1149.995,277141,Technology
2024-06-04,AAPL,194.845,195.295,193.14,194.31,517834,Technology
2024-06-04,AMZN,177.66,179.815,176.51,179.24,618027,Technology
2024-06-04,AVGO,1318.55,1331.33,1307.5,1331.17,98048,Technology
2024-06-04,GOOGL,173.3,173.835,171.89,173.715,212962,Technology
2024-06-04,META,477.16,478.88,473.3,476.97,148615,Technology
2024-06-04,MSFT,412.43,416.435,409.73,416.03,180618,Technology
2024-06-04,NVDA,1157.03,1165.61,1140.935,1164.35,328757,Technology
2024-06-05,AAPL,195.39,196.885,194.905,195.87,856960,Technology
2024-06-05,AMZN,179.99,181.48,178.83,181.25,471930,Technology
2024-06-05,AVGO,1344.59,1414.035,1344.495,1413.35,119280,Technology
2024-06-05,GOOGL,175.23,176.64,174.02,175.27,268333,Technology
2024-06-05,META,484.49,496.62,483.97,495.02,380288,Technology
2024-06-05,MSFT,417.93,423.94,416.33,423.91,272697,Technology
2024-06-05,NVDA,1183.21,1224.49,1175.54,1224.49,478770,Technology
2024-06-06,AAPL,195.72,196.49,194.175,194.435,568869,Technology
2024-06-06,AMZN,181.745,184.98,181.555,184.93,488670,Technology
2024-06-06,AVGO,1419.18,1420.0,1390.64,1400.87,44231,Technology
2024-06-06,GOOGL,175.97,177.135,175.825,176.79,302893,Technology
2024-06-06,META,493.645,502.59,490.97,493.72,201572,Technology
2024-06-06,MSFT,423.75,425.26,420.65,424.64,192399,Technology
2024-06-06,NVDA,1240.23,1255.445,1183.6,1210.89,652773,Technology
2024-06-07,AAPL,194.77,196.93,194.16,196.88,901606,Technology
2024-06-07,AMZN,184.785,186.28,183.425,184.16,298904,Technology
2024-06-07,AVGO,1407.775,1424.33,1398.38,1406.39,58117,Technology
2024-06-07,GOOGL,176.935,177.81,174.3,174.4,318036,Technology
2024-06-07,META,495.125,498.83,490.27,492.875,121294,Technology
2024-06-07,MSFT,425.28,426.21,423.18,423.74,171267,Technology
2024-06-07,NVDA,1197.7,1216.21,1180.845,1208.42,264492,Technology
2024-06-10,AAPL,196.905,197.23,192.24,193.15,1746307,Technology
2024-06-10,AMZN,184.075,187.19,183.81,187.12,549100,Technology
2024-06-10,AVGO,1409.82,1447.705,1409.82,1441.42,72690,Technology
2024-06-10,GOOGL,174.99,177.01,172.79,175.09,353062,Technology
2024-06-10,META,493.925,502.65,493.925,502.605,210161,Technology
2024-06-10,MSFT,424.35,428.035,424.11,427.865,177123,Technology
2024-06-10,NVDA,120.34,123.06,117.02,121.93,2293876,Technology
2024-06-11,AAPL,193.66,207.15,193.65,207.15,2713867,Technology
2024-06-11,AMZN,187.025,187.745,184.55,187.28,460231,Technology
2024-06-11,AVGO,1435.0,1462.735,1418.935,1461.56,70261,Technology
2024-06-11,GOOGL,176.03,176.81,173.79,176.72,261764,Technology
2024-06-11,META,500.05,507.56,498.35,507.46,127222,Technology
2024-06-11,MSFT,425.475,432.72,425.39,432.65,304224,Technology
2024-06-11,NVDA,121.78,122.775,118.765,120.92,1498478,Technology
2024-06-12,AAPL,207.385,220.19,206.93,213.17,3330445,Technology
2024-06-12,AMZN,187.96,188.325,185.445,186.81,524784,Technology
2024-06-12,AVGO,1497.69,1504.0,1477.85,1494.72,106016,Technology
2024-06-12,GOOGL,178.16,180.36,176.13,177.87,442167,Technology
2024-06-12,META,513.52,513.52,504.54,508.6,205422,Technology
2024-06-12,MSFT,435.16,443.39,433.26,441.05,322060,Technology
2024-06-12,NVDA,123.02,126.84,122.6,125.28,1840054,Technology
2024-06-13,AAPL,214.72,216.64,211.615,214.22,1704323,Technology
2024-06-13,AMZN,186.105,187.63,182.72,183.68,472778,Technology
2024-06-13,AVGO,1711.14,1733.95,1653.59,1679.46,184586,Technology
2024-06-13,GOOGL,176.015,176.69,174.915,175.11,271594,Technology
2024-06-13,META,505.335,509.185,501.37,504.275,217585,Technology
2024-06-13,MSFT,440.805,443.26,439.41,441.52,204863,Technology
2024-06-13,NVDA,129.39,129.8,127.17,129.37,1724570,Technology
2024-06-14,AAPL,213.765,215.08,211.34,212.57,1048695,Technology
2024-06-14,AMZN,183.095,183.7,182.23,183.69,294993,Technology
2024-06-14,AVGO,1689.0,1745.355,1683.14,1735.4,133723,Technology
2024-06-14,GOOGL,174.52,176.995,174.35,176.82,137571,Technology
2024-06-14,META,501.9,507.11,500.87,504.38,120807,Technology
2024-06-14,MSFT,438.275,442.96,436.87,442.605,173164,Technology
2024-06-14,NVDA,129.9,132.825,128.32,131.97,1322940,Technology
2024-06-17,AAPL,213.275,218.93,212.81,216.67,1856996,Technology
2024-06-17,AMZN,182.375,185.0,181.23,184.12,696125,Technology
2024-06-17,AVGO,1799.045,1842.68,1781.09,1829.89,212227,Technology
2024-06-17,GOOGL,175.37,178.325,174.915,177.3,194566,Technology
2024-06-17,META,501.655,510.65,496.11,506.675,161143,Technology
2024-06-17,MSFT,442.585,450.895,440.74,448.48,420270,Technology
2024-06-17,NVDA,132.87,133.71,129.61,131.1,2322133,Technology
2024-06-18,AAPL,217.63,218.61,213.0,214.38,1240896,Technology
2024-06-18,AMZN,183.62,184.28,181.43,182.88,476585,Technology
2024-06-18,AVGO,1837.94,1850.8,1785.01,1802.01,223222,Technology
2024-06-18,GOOGL,177.185,177.37,174.11,175.11,283061,Technology
2024-06-18,META,504.0,505.335,495.15,499.7,177805,Technology
2024-06-18,MSFT,449.705,449.885,445.025,446.5,253068,Technology
2024-06-18,NVDA,131.16,136.31,130.77,135.63,2294554,Technology
2024-06-20,AAPL,213.995,214.22,208.87,209.55,887236,Technology
2024-06-20,AMZN,182.93,186.495,182.76,186.06,533760,Technology
2024-06-20,AVGO,1803.82,1804.05,1723.03,1733.34,186850,Technology
2024-06-20,GOOGL,175.4,177.26,174.995,176.33,341729,Technology
2024-06-20,META,502.0,503.34,496.92,501.88,230219,Technology
2024-06-20,MSFT,446.505,446.51,441.32,445.62,313672,Technology
2024-06-20,NVDA,139.75,140.715,129.57,130.78,5074898,Technology
2024-06-21,AAPL,210.39,211.85,207.215,207.215,1486160,Technology
2024-06-21,AMZN,187.74,189.255,185.89,189.01,585066,Technology
2024-06-21,AVGO,1696.64,1712.94,1658.18,1658.18,224710,Technology
2024-06-21,GOOGL,176.87,180.83,176.75,179.57,383949,Technology
2024-06-21,META,502.75,502.75,492.565,494.68,273285,Technology
2024-06-21,MSFT,446.79,450.55,446.51,449.78,458686,Technology
2024-06-21,NVDA,127.01,130.62,124.315,126.855,5063212,Technology
2024-06-24,AAPL,207.7,212.65,206.65,208.29,693762,Technology
2024-06-24,AMZN,189.47,190.97,185.37,185.8,769479,Technology
2024-06-24,AVGO,1644.69,1657.905,1591.235,1591.74,271164,Technology
2024-06-24,GOOGL,180.17,180.7,178.69,179.21,270077,Technology
2024-06-24,META,499.27,507.58,494.495,498.895,209522,Technology
2024-06-24,MSFT,449.935,452.71,446.5,447.705,343384,Technology
2024-06-24,NVDA,123.125,124.46,118.05,118.08,3236896,Technology
2024-06-25,AAPL,209.125,211.335,208.635,209.17,468769,Technology
2024-06-25,AMZN,186.82,188.78,185.44,186.37,451226,Technology
2024-06-25,AVGO,1599.0,1605.79,1566.015,1580.9,200276,Technology
2024-06-25,GOOGL,179.78,184.27,179.78,184.0,425391,Technology
2024-06-25,META,497.01,510.61,495.75,510.4,215244,Technology
2024-06-25,MSFT,448.135,451.32,446.93,451.115,207532,Technology
2024-06-25,NVDA,121.2,126.495,119.4,126.1,2946792,Technology
2024-06-26,AAPL,211.48,214.825,210.69,213.17,895570,Technology
2024-06-26,AMZN,186.71,194.745,186.3,193.59,1121587,Technology
2024-06-26,AVGO,1596.44,1617.48,1573.93,1592.75,254297,Technology
2024-06-26,GOOGL,182.555,184.5,182.525,183.855,315799,Technology
2024-06-26,META,506.125,513.57,505.61,513.17,202400,Technology
2024-06-26,MSFT,448.91,453.52,448.32,452.26,263971,Technology
2024-06-26,NVDA,126.18,128.12,122.61,126.39,1732149,Technology
2024-06-27,AAPL,214.74,215.7,212.395,214.11,760763,Technology
2024-06-27,AMZN,194.97,199.84,194.33,197.85,1490925,Technology
2024-06-27,AVGO,1589.64,1605.29,1572.405,1586.61,129965,Technology
2024-06-27,GOOGL,184.28,186.03,184.15,185.32,271795,Technology
2024-06-27,META,514.6,522.74,514.435,519.335,126376,Technology
2024-06-27,MSFT,452.075,456.12,451.885,452.56,353701,Technology
2024-06-27,NVDA,124.09,126.4,122.945,123.99,1449437,Technology
2024-06-28,AAPL,215.83,216.045,210.31,210.61,1405664,Technology
2024-06-28,AMZN,197.6,198.815,192.5,193.27,937374,Technology
2024-06-28,AVGO,1590.79,1639.11,1587.01,1600.82,248617,Technology
2024-06-28,GOOGL,184.295,185.07,182.0,182.1,464353,Technology
2024-06-28,META,517.225,521.73,504.0,504.47,289063,Technology
2024-06-28,MSFT,453.075,455.245,446.48,446.82,377022,Technology
2024-06-28,NVDA,124.59,127.7,122.77,123.43,2026434,Technology
2024-07-01,AAPL,212.16,217.505,211.95,216.7,849200,Technology
2024-07-01,AMZN,193.505,198.255,193.04,197.16,673840,Technology
2024-07-01,AVGO,1612.255,1647.66,1594.42,1640.0,176631,Technology
2024-07-01,GOOGL,183.14,183.72,181.355,182.96,208511,Technology
2024-07-01,META,505.055,506.3,493.44,504.6,250569,Technology
2024-07-01,MSFT,448.67,457.29,445.74,456.48,323031,Technology
2024-07-01,NVDA,123.47,124.83,118.85,124.19,1695833,Technology
2024-07-02,AAPL,216.16,220.35,215.14,220.35,611120,Technology
2024-07-02,AMZN,197.21,200.41,195.97,200.03,631154,Technology
2024-07-02,AVGO,1639.435,1658.62,1623.33,1658.3,52097,Technology
2024-07-02,GOOGL,182.01,185.54,181.605,185.27,196349,Technology
2024-07-02,META,500.76,510.44,499.54,509.52,180089,Technology
2024-07-02,MSFT,453.125,459.47,453.125,459.45,261240,Technology
2024-07-02,NVDA,121.13,123.41,121.06,122.645,1371543,Technology
2024-07-03,AAPL,219.93,221.53,219.045,221.53,568282,Technology
2024-07-03,AMZN,199.885,200.0,196.775,197.58,454253,Technology
2024-07-03,AVGO,1672.0,1728.705,1667.31,1727.12,86932,Technology
2024-07-03,GOOGL,184.83,186.08,184.02,185.74,257060,Technology
2024-07-03,META,506.31,511.21,506.215,510.02,153030,Technology
2024-07-03,MSFT,458.27,460.98,458.005,460.425,181485,Technology
2024-07-03,NVDA,121.66,128.26,121.36,128.24,2150798,Technology
2024-07-05,AAPL,221.705,226.445,221.68,226.35,762352,Technology
2024-07-05,AMZN,198.625,200.53,198.355,199.97,496494,Technology
2024-07-05,AVGO,1761.465,1764.37,1696.725,1703.68,73367,Technology
2024-07-05,GOOGL,185.86,190.85,185.86,190.59,251357,Technology
2024-07-05,META,511.81,540.77,511.81,540.04,553351,Technology
2024-07-05,MSFT,459.61,468.35,458.98,467.55,234713,Technology
2024-07-05,NVDA,127.5,128.85,125.705,125.85,1341996,Technology
2024-07-08,AAPL,227.125,227.84,223.27,227.81,624992,Technology
2024-07-08,AMZN,200.05,201.16,197.975,199.18,431642,Technology
2024-07-08,AVGO,1709.01,1756.3,1707.44,1744.82,88457,Technology
2024-07-08,GOOGL,189.89,190.16,187.82,189.0,317837,Technology
2024-07-08,META,542.515,542.655,526.72,529.27,231806,Technology
2024-07-08,MSFT,466.56,467.64,464.525,466.0,237534,Technology
2024-07-08,NVDA,127.51,130.77,127.09,128.2,1616686,Technology
2024-07-09,AAPL,228.23,229.38,226.38,228.69,514553,Technology
2024-07-09,AMZN,199.63,200.565,199.045,199.34,379359,Technology
2024-07-09,AVGO,1756.32,1769.2,1706.91,1732.98,122062,Technology
2024-07-09,GOOGL,190.4,191.16,188.76,189.01,215108,Technology
2024-07-09,META,533.78,537.3,528.24,530.01,150039,Technology
2024-07-09,MSFT,466.99,466.99,458.01,459.54,342675,Technology
2024-07-09,NVDA,130.405,133.82,128.69,131.4,1589335,Technology
2024-07-10,AAPL,229.38,233.06,229.31,232.93,1112322,Technology
2024-07-10,AMZN,199.995,200.075,197.73,199.76,405444,Technology
2024-07-10,AVGO,1746.765,1766.225,1728.73,1743.78,61905,Technology
2024-07-10,GOOGL,189.19,191.71,189.13,191.28,202178,Technology
2024-07-10,META,530.855,538.8,528.84,534.57,177894,Technology
2024-07-10,MSFT,461.205,466.45,458.855,465.99,425127,Technology
2024-07-10,NVDA,134.03,135.09,132.49,134.83,1339920,Technology
2024-07-11,AAPL,231.425,232.3,225.78,227.66,812486,Technology
2024-07-11,AMZN,200.12,200.24,192.91,195.02,532717,Technology
2024-07-11,AVGO,1764.42,1764.42,1669.885,1706.08,90632,Technology
2024-07-11,GOOGL,189.865,190.735,185.105,185.59,656562,Technology
2024-07-11,META,530.88,535.13,508.6,512.66,383807,Technology
2024-07-11,MSFT,462.85,464.72,451.645,454.855,364884,Technology
2024-07-11,NVDA,135.835,136.06,127.065,127.44,2348569,Technology
2024-07-12,AAPL,229.03,232.61,228.685,230.27,753812,Technology
2024-07-12,AMZN,194.51,196.425,193.88,194.5,472834,Technology
2024-07-12,AVGO,1706.875,1725.33,1692.16,1698.62,73998,Technology
2024-07-12,GOOGL,185.065,187.07,184.49,184.89,506353,Technology
2024-07-12,META,497.91,507.95,494.28,498.8,418306,Technology
2024-07-12,MSFT,454.325,456.29,450.65,452.91,341611,Technology
2024-07-12,NVDA,128.25,131.9,127.22,129.5,1500415,Technology
2024-07-15,AAPL,236.63,237.16,233.115,234.43,582872,Technology
2024-07-15,AMZN,194.5,196.18,190.845,192.79,563081,Technology
2024-07-15,AVGO,170.185,173.46,169.335,171.475,503003,Technology
2024-07-15,GOOGL,185.075,188.23,185.065,186.57,204537,Technology
2024-07-15,META,498.86,506.63,493.47,496.225,181303,Technology
2024-07-15,MSFT,452.98,457.26,451.55,453.875,231061,Technology
2024-07-15,NVDA,130.85,131.355,127.2,128.42,1101682,Technology
2024-07-16,AAPL,235.205,236.25,232.38,234.83,488572,Technology
2024-07-16,AMZN,195.545,196.58,192.26,192.88,419751,Technology
2024-07-16,AVGO,172.215,172.755,166.445,169.385,690757,Technology
2024-07-16,GOOGL,187.31,188.675,183.385,183.79,187350,Technology
2024-07-16,META,501.08,503.78,485.98,489.68,206047,Technology
2024-07-16,MSFT,453.85,454.07,446.685,449.235,321869,Technology
2024-07-16,NVDA,128.41,129.01,124.585,126.35,1435422,Technology
2024-07-17,AAPL,229.46,231.35,226.685,228.96,845050,Technology
2024-07-17,AMZN,191.425,191.575,185.99,188.055,902683,Technology
2024-07-17,AVGO,162.4,162.45,155.725,155.97,1441348,Technology
2024-07-17,GOOGL,182.85,183.495,179.94,181.08,356980,Technology
2024-07-17,META,478.185,478.185,459.15,462.05,819071,Technology
2024-07-17,MSFT,442.44,444.79,439.2,443.53,377948,Technology
2024-07-17,NVDA,121.35,121.85,116.73,117.97,2836649,Technology
2024-07-18,AAPL,230.29,230.29,222.45,224.21,694929,Technology
2024-07-18,AMZN,189.55,189.645,181.46,183.68,831741,Technology
2024-07-18,AVGO,158.96,161.51,153.975,160.54,1324602,Technology
2024-07-18,GOOGL,182.135,182.465,176.47,177.73,347807,Technology
2024-07-18,META,474.72,479.13,464.61,475.965,538566,Technology
2024-07-18,MSFT,444.43,444.485,434.46,440.42,354310,Technology
2024-07-18,NVDA,121.83,122.35,116.57,121.13,1585456,Technology
2024-07-19,AAPL,224.88,226.77,223.31,224.44,434480,Technology
2024-07-19,AMZN,181.14,184.83,180.12,183.21,455379,Technology
2024-07-19,AVGO,161.825,163.88,157.13,157.47,639884,Technology
2024-07-19,GOOGL,178.93,180.245,177.205,177.8,233708,Technology
2024-07-19,META,476.145,486.67,475.89,476.955,369447,Technology
2024-07-19,MSFT,433.25,440.93,432.2,436.96,252994,Technology
2024-07-19,NVDA,120.35,121.54,117.39,118.01,1015301,Technology
2024-07-22,AAPL,227.335,227.77,223.18,224.16,472525,Technology
2024-07-22,AMZN,184.98,184.98,182.51,182.685,581451,Technology
2024-07-22,AVGO,160.235,162.93,157.9,160.93,605014,Technology
2024-07-22,GOOGL,180.73,182.69,180.295,181.76,449844,Technology
2024-07-22,META,486.695,491.98,484.05,487.2,341631,Technology
2024-07-22,MSFT,441.94,444.52,439.02,442.8,175012,Technology
2024-07-22,NVDA,120.37,124.06,119.88,123.5,1521317,Technology
2024-07-23,AAPL,224.365,226.925,222.68,224.92,465219,Technology
2024-07-23,AMZN,184.145,189.37,183.59,186.22,587732,Technology
2024-07-23,AVGO,160.275,165.32,160.065,163.7,561113,Technology
2024-07-23,GOOGL,182.21,183.605,181.55,181.8,480642,Technology
2024-07-23,META,490.65,495.16,487.88,488.745,277785,Technology
2024-07-23,MSFT,444.17,448.235,443.365,444.8,109164,Technology
2024-07-23,NVDA,122.85,124.685,122.11,122.62,992371,Technology
2024-07-24,AAPL,224.115,224.765,217.165,218.585,1005989,Technology
2024-07-24,AMZN,183.24,185.39,180.48,180.77,865985,Technology
2024-07-24,AVGO,160.025,161.405,151.19,151.55,753302,Technology
2024-07-24,GOOGL,173.65,176.13,171.85,172.67,755317,Technology
2024-07-24,META,471.63,476.25,460.66,461.43,504067,Technology
2024-07-24,MSFT,440.225,441.46,427.7,428.97,405749,Technology
2024-07-24,NVDA,119.03,119.89,113.56,114.37,2148321,Technology
2024-07-25,AAPL,218.88,220.81,214.64,217.42,642703,Technology
2024-07-25,AMZN,182.89,183.875,176.82,179.89,831959,Technology
2024-07-25,AVGO,151.04,153.45,145.64,149.12,785777,Technology
2024-07-25,GOOGL,172.81,173.29,167.2,167.27,853057,Technology
2024-07-25,META,462.93,463.48,442.76,453.56,437019,Technology
2024-07-25,MSFT,428.92,429.785,417.52,418.53,613186,Technology
2024-07-25,NVDA,113.07,116.62,106.31,112.34,4118118,Technology
2024-07-26,AAPL,218.94,219.48,216.04,218.03,661067,Technology
2024-07-26,AMZN,180.44,183.15,180.385,182.6,370815,Technology
2024-07-26,AVGO,153.49,153.49,149.96,151.8,389967,Technology
2024-07-26,GOOGL,167.065,168.065,164.06,167.02,878701,Technology
2024-07-26,META,464.195,469.65,459.47,465.86,385805,Technology
2024-07-26,MSFT,418.19,428.915,417.34,425.53,373959,Technology
2024-07-26,NVDA,116.15,116.17,111.59,113.08,2039135,Technology
2024-07-29,AAPL,217.375,219.28,215.79,218.185,381966,Technology
2024-07-29,AMZN,183.655,184.64,182.435,183.21,230790,Technology
2024-07-29,AVGO,152.325,155.0,149.31,150.08,307781,Technology
2024-07-29,GOOGL,168.82,170.41,168.0,169.56,212868,Technology
2024-07-29,META,470.43,473.75,465.03,465.9,324197,Technology
2024-07-29,MSFT,431.99,431.99,424.77,426.71,174027,Technology
2024-07-29,NVDA,113.64,116.25,111.3,111.63,1716712,Technology
2024-07-30,AAPL,219.3,220.27,216.12,218.68,559407,Technology
2024-07-30,AMZN,184.75,185.765,179.385,181.735,354512,Technology
2024-07-30,AVGO,153.24,153.39,143.36,143.59,762468,Technology
2024-07-30,GOOGL,170.25,171.215,168.46,170.28,269377,Technology
2024-07-30,META,466.23,472.42,456.99,463.37,191428,Technology
2024-07-30,MSFT,427.475,428.87,417.45,422.68,355104,Technology
2024-07-30,NVDA,111.53,111.945,102.59,103.6,3760067,Technology
2024-07-31,AAPL,221.52,223.81,220.91,222.18,549326,Technology
2024-07-31,AMZN,185.115,187.92,184.485,187.03,524987,Technology
2024-07-31,AVGO,151.13,161.275,151.08,160.64,1339548,Technology
2024-07-31,GOOGL,173.22,174.185,170.04,171.46,453439,Technology
2024-07-31,META,471.14,476.44,467.12,474.36,569173,Technology
2024-07-31,MSFT,420.225,421.585,412.25,418.02,1337553,Technology
2024-07-31,NVDA,112.915,118.33,110.9,117.06,3360787,Technology
2024-08-01,AAPL,224.34,224.4,217.03,218.51,1321543,Technology
2024-08-01,AMZN,189.26,190.475,181.9,183.45,1196897,Technology
2024-08-01,AVGO,156.98,158.77,146.18,147.1,870945,Technology
2024-08-01,GOOGL,170.51,174.0,168.955,170.78,470587,Technology
2024-08-01,META,520.89,527.045,492.275,497.62,1028257,Technology
2024-08-01,MSFT,420.555,427.3,413.205,417.03,489924,Technology
2024-08-01,NVDA,117.53,120.14,106.82,109.37,6161952,Technology
2024-08-02,AAPL,219.06,225.57,217.77,219.81,2263645,Technology
2024-08-02,AMZN,166.725,168.73,160.57,167.745,3440319,Technology
2024-08-02,AVGO,141.715,145.11,139.685,143.96,666270,Technology
2024-08-02,GOOGL,166.49,168.48,164.72,166.66,570796,Technology
2024-08-02,META,489.07,500.98,476.24,488.06,744445,Technology
2024-08-02,MSFT,412.375,414.865,404.45,408.52,455440,Technology
2024-08-02,NVDA,103.85,108.7,101.41,107.34,3149437,Technology
2024-08-05,AAPL,199.16,213.45,196.0,209.23,2582819,Technology
2024-08-05,AMZN,154.2,162.94,151.62,161.06,1980844,Technology
2024-08-05,AVGO,129.69,145.39,128.67,142.23,1253329,Technology
2024-08-05,GOOGL,155.14,164.35,155.0,159.28,1117668,Technology
2024-08-05,META,451.4,483.38,450.95,475.97,620938,Technology
2024-08-05,MSFT,389.18,400.82,385.6,395.39,895565,Technology
2024-08-05,NVDA,92.09,103.39,90.735,100.64,6339472,Technology
2024-08-06,AAPL,205.38,209.98,201.1,207.14,1429961,Technology
2024-08-06,AMZN,161.74,165.015,158.63,161.915,950567,Technology
2024-08-06,AVGO,141.97,148.87,140.34,143.86,686628,Technology
2024-08-06,GOOGL,159.2,160.56,156.45,158.24,1276989,Technology
2024-08-06,META,479.685,502.45,478.91,494.05,401193,Technology
2024-08-06,MSFT,399.82,405.63,398.96,399.42,415695,Technology
2024-08-06,NVDA,103.845,107.65,100.57,104.0,3547880,Technology
2024-08-07,AAPL,206.9,213.625,206.45,209.81,724474,Technology
2024-08-07,AMZN,166.66,167.55,161.45,162.75,1007962,Technology
2024-08-07,AVGO,148.45,150.0,135.85,136.36,1032325,Technology
2024-08-07,GOOGL,161.25,162.95,158.51,158.98,528391,Technology
2024-08-07,META,503.85,510.05,487.29,489.14,433804,Technology
2024-08-07,MSFT,408.635,410.025,397.5,398.59,327772,Technology
2024-08-07,NVDA,107.84,108.72,98.7,98.85,3998714,Technology
2024-08-08,AAPL,213.09,214.2,208.91,213.35,838953,Technology
2024-08-08,AMZN,165.165,166.66,162.57,165.74,735973,Technology
2024-08-08,AVGO,141.45,146.225,138.48,145.75,523228,Technology
2024-08-08,GOOGL,160.64,163.68,160.245,162.12,601650,Technology
2024-08-08,META,496.66,509.95,495.49,509.12,404970,Technology
2024-08-08,MSFT,402.6,405.66,400.28,403.02,247884,Technology
2024-08-08,NVDA,102.0,105.5,97.53,104.97,3082788,Technology
2024-08-09,AAPL,212.06,216.74,211.99,216.16,911230,Technology
2024-08-09,AMZN,166.58,168.52,166.16,166.96,566208,Technology
2024-08-09,AVGO,144.39,149.515,144.2,148.305,417736,Technology
2024-08-09,GOOGL,159.965,163.78,159.06,163.62,715972,Technology
2024-08-09,META,507.48,518.275,506.36,517.68,255571,Technology
2024-08-09,MSFT,404.02,407.88,402.4,406.01,183020,Technology
2024-08-09,NVDA,105.61,106.58,103.5,104.72,1478851,Technology
2024-08-12,AAPL,216.07,219.5,215.63,217.6,564185,Technology
2024-08-12,AMZN,168.16,168.54,166.13,166.845,465432,Technology
2024-08-12,AVGO,148.12,150.84,146.58,148.72,312005,Technology
2024-08-12,GOOGL,164.47,164.885,161.85,162.28,237624,Technology
2024-08-12,META,516.85,518.0,509.21,516.08,195014,Technology
2024-08-12,MSFT,407.415,408.7,404.455,406.95,154876,Technology
2024-08-12,NVDA,106.33,111.04,106.28,109.06,2276801,Technology
2024-08-13,AAPL,219.185,221.87,219.185,221.21,589109,Technology
2024-08-13,AMZN,167.83,171.03,167.11,170.2,667298,Technology
2024-08-13,AVGO,151.53,156.36,149.955,156.16,482918,Technology
2024-08-13,GOOGL,163.41,164.68,163.0,164.14,246958,Technology
2024-08-13,META,519.66,531.38,519.66,528.5,335270,Technology
2024-08-13,MSFT,409.61,414.88,409.61,413.78,247042,Technology
2024-08-13,NVDA,112.43,116.22,111.58,116.12,1826356,Technology
2024-08-14,AAPL,220.51,223.0,219.7,221.63,620996,Technology
2024-08-14,AMZN,172.06,172.26,168.9,170.03,485481,Technology
2024-08-14,AVGO,158.02,160.22,154.76,157.58,453506,Technology
2024-08-14,GOOGL,162.4,163.185,157.715,160.32,1195942,Technology
2024-08-14,META,528.56,533.53,523.25,526.66,187346,Technology
2024-08-14,MSFT,415.19,417.69,412.565,416.655,231308,Technology
2024-08-14,NVDA,118.51,118.59,114.09,117.97,2530749,Technology
2024-08-15,AAPL,224.6,225.35,222.8,224.69,720255,Technology
2024-08-15,AMZN,174.945,177.89,174.0,177.59,1112465,Technology
2024-08-15,AVGO,161.2,166.66,160.53,166.28,503714,Technology
2024-08-15,GOOGL,160.71,161.63,159.645,161.25,643187,Technology
2024-08-15,META,531.875,539.58,527.0,537.25,483758,Technology
2024-08-15,MSFT,419.61,421.085,417.69,420.87,320490,Technology
2024-08-15,NVDA,118.945,123.23,117.5,122.9,2329110,Technology
2024-08-16,AAPL,223.98,226.8,223.67,226.06,459595,Technology
2024-08-16,AMZN,176.9,178.33,176.275,177.04,610107,Technology
2024-08-16,AVGO,164.255,166.01,162.71,165.69,195008,Technology
2024-08-16,GOOGL,161.46,165.04,161.17,163.0,436122,Technology
2024-08-16,META,531.27,533.44,525.04,527.5,252021,Technology
2024-08-16,MSFT,420.775,420.945,417.33,418.5,192582,Technology
2024-08-16,NVDA,121.92,125.0,121.18,124.55,1968614,Technology
2024-08-19,AAPL,225.57,225.93,223.07,225.82,637982,Technology
2024-08-19,AMZN,177.61,178.27,176.19,178.14,661576,Technology
2024-08-19,AVGO,165.02,167.8,160.44,167.61,408791,Technology
2024-08-19,GOOGL,165.21,166.66,164.29,166.62,331891,Technology
2024-08-19,META,526.88,531.55,523.0,529.29,175362,Technology
2024-08-19,MSFT,419.08,421.56,416.48,421.45,211362,Technology
2024-08-19,NVDA,124.3,130.0,123.44,130.0,2133443,Technology
2024-08-20,AAPL,225.83,227.165,225.515,226.53,518769,Technology
2024-08-20,AMZN,178.01,179.01,177.47,178.9,600135,Technology
2024-08-20,AVGO,167.05,168.33,164.29,165.92,311856,Technology
2024-08-20,GOOGL,166.87,168.635,166.85,167.2,421991,Technology
2024-08-20,META,527.57,531.02,526.03,526.62,148402,Technology
2024-08-20,MSFT,421.88,425.83,421.7,424.87,439801,Technology
2024-08-20,NVDA,128.4,129.86,125.89,127.26,2296913,Technology
2024-08-21,AAPL,226.58,227.97,225.24,226.32,576993,Technology
2024-08-21,AMZN,179.96,182.33,178.9,180.04,819931,Technology
2024-08-21,AVGO,165.115,166.38,162.9,165.77,439114,Technology
2024-08-21,GOOGL,165.02,166.84,164.775,165.8,435151,Technology
2024-08-21,META,527.775,539.33,526.935,535.1,265773,Technology
2024-08-21,MSFT,424.075,426.385,421.83,424.0,224468,Technology
2024-08-21,NVDA,127.33,129.34,126.66,128.4,2040350,Technology
2024-08-22,AAPL,227.59,228.32,223.91,224.7,750261,Technology
2024-08-22,AMZN,181.38,181.38,175.7,176.22,627628,Technology
2024-08-22,AVGO,170.51,172.35,161.52,162.53,554414,Technology
2024-08-22,GOOGL,167.14,167.53,163.31,163.85,381986,Technology
2024-08-22,META,536.295,544.22,528.87,532.21,277786,Technology
2024-08-22,MSFT,424.31,426.74,414.65,415.74,412381,Technology
2024-08-22,NVDA,130.04,130.74,123.1,123.84,2853378,Technology
2024-08-23,AAPL,225.96,228.22,224.36,226.8,746287,Technology
2024-08-23,AMZN,177.325,178.96,175.25,177.08,588842,Technology
2024-08-23,AVGO,165.025,168.24,163.605,166.44,479756,Technology
2024-08-23,GOOGL,164.72,166.16,163.89,165.56,318781,Technology
2024-08-23,META,537.585,539.69,525.25,528.0,290414,Technology
2024-08-23,MSFT,417.02,419.25,412.17,416.58,308771,Technology
2024-08-23,NVDA,125.86,129.59,125.245,129.28,2104926,Technology
2024-08-26,AAPL,226.745,227.27,223.93,227.24,537463,Technology
2024-08-26,AMZN,176.74,177.45,174.32,175.51,542867,Technology
2024-08-26,AVGO,165.44,165.52,158.83,159.62,513630,Technology
2024-08-26,GOOGL,166.63,167.515,164.51,166.21,212342,Technology
2024-08-26,META,527.34,527.34,515.0,521.17,190300,Technology
2024-08-26,MSFT,416.69,417.19,411.365,413.59,260568,Technology
2024-08-26,NVDA,129.56,131.25,124.4,126.45,2670055,Technology
2024-08-27,AAPL,225.995,228.845,224.93,228.13,580021,Technology
2024-08-27,AMZN,174.14,174.76,172.25,173.11,779077,Technology
2024-08-27,AVGO,157.66,161.99,155.9,161.42,560894,Technology
2024-08-27,GOOGL,165.995,166.415,164.46,164.66,221004,Technology
2024-08-27,META,518.9,523.91,515.46,519.145,149056,Technology
2024-08-27,MSFT,412.94,414.205,410.32,413.79,288310,Technology
2024-08-27,NVDA,125.06,129.19,123.905,128.27,2696916,Technology
2024-08-28,AAPL,228.025,229.85,225.74,226.395,666448,Technology
2024-08-28,AMZN,173.68,173.68,168.96,170.82,757868,Technology
2024-08-28,AVGO,160.06,162.2,156.27,158.21,528037,Technology
2024-08-28,GOOGL,165.035,165.57,161.56,162.86,503278,Technology
2024-08-28,META,517.45,521.0,513.25,516.92,161264,Technology
2024-08-28,MSFT,414.575,414.585,407.34,410.58,335012,Technology
2024-08-28,NVDA,128.08,128.3,122.66,125.57,3785691,Technology
2024-08-29,AAPL,230.1,232.92,228.89,229.83,962928,Technology
2024-08-29,AMZN,173.25,174.27,170.81,172.19,604415,Technology
2024-08-29,AVGO,158.515,163.19,155.42,157.03,754633,Technology
2024-08-29,GOOGL,164.33,165.95,160.27,161.77,531972,Technology
2024-08-29,META,519.05,526.985,516.0,518.48,327783,Technology
2024-08-29,MSFT,414.72,422.01,412.02,413.015,416314,Technology
2024-08-29,NVDA,121.0,124.4,116.76,117.6,4192572,Technology
2024-08-30,AAPL,230.23,230.38,227.5,228.88,732245,Technology
2024-08-30,AMZN,172.72,178.89,172.61,178.53,1333257,Technology
2024-08-30,AVGO,161.235,163.205,158.74,162.77,628675,Technology
2024-08-30,GOOGL,162.56,163.59,161.705,163.3,647580,Technology
2024-08-30,META,522.43,523.225,515.48,521.42,153422,Technology
2024-08-30,MSFT,415.31,417.37,412.185,416.99,365487,Technology
2024-08-30,NVDA,119.52,121.74,117.23,119.46,2693047,Technology
2024-09-03,AAPL,228.59,229.0,221.24,222.72,893528,Technology
2024-09-03,AMZN,177.72,178.2,175.28,176.34,1174918,Technology
2024-09-03,AVGO,160.115,160.66,151.38,152.8,849125,Technology
2024-09-03,GOOGL,161.71,161.71,156.48,157.38,581992,Technology
2024-09-03,META,519.88,525.25,508.805,511.96,236995,Technology
2024-09-03,MSFT,417.995,419.76,407.125,409.67,375433,Technology
2024-09-03,NVDA,116.04,116.205,107.295,108.01,3292811,Technology
2024-09-04,AAPL,221.72,221.75,217.49,220.73,1276056,Technology
2024-09-04,AMZN,174.48,175.97,172.54,173.305,784273,Technology
2024-09-04,AVGO,150.25,156.43,149.39,154.14,520420,Technology
2024-09-04,GOOGL,156.65,158.965,155.99,156.42,520345,Technology
2024-09-04,META,506.2,516.51,504.23,512.57,233438,Technology
2024-09-04,MSFT,405.77,411.23,404.46,408.8,317669,Technology
2024-09-04,NVDA,105.38,109.99,104.12,106.16,5285953,Technology
2024-09-05,AAPL,221.64,225.47,221.64,222.29,666252,Technology
2024-09-05,AMZN,175.23,179.87,175.23,177.87,1644303,Technology
2024-09-05,AVGO,150.69,156.31,150.17,153.08,527625,Technology
2024-09-05,GOOGL,156.3,159.41,156.01,157.26,510167,Technology
2024-09-05,META,512.415,521.47,512.415,516.975,180830,Technology
2024-09-05,MSFT,408.26,413.06,406.18,408.215,301972,Technology
2024-09-05,NVDA,104.995,109.64,104.805,107.17,2732510,Technology
2024-09-06,AAPL,223.94,225.23,219.83,220.95,1049899,Technology
2024-09-06,AMZN,177.2,178.345,171.28,171.45,1025776,Technology
2024-09-06,AVGO,143.21,143.44,136.61,137.0,1927798,Technology
2024-09-06,GOOGL,157.3,157.8,150.585,150.93,1199033,Technology
2024-09-06,META,521.88,524.34,498.33,500.41,402933,Technology
2024-09-06,MSFT,409.74,410.265,400.83,401.93,417065,Technology
2024-09-06,NVDA,108.095,108.105,100.96,102.87,4585344,Technology
2024-09-09,AAPL,221.03,221.24,216.72,220.95,1606171,Technology
2024-09-09,AMZN,174.635,175.85,173.53,175.4,815280,Technology
2024-09-09,AVGO,139.005,141.57,134.945,140.875,1125795,Technology
2024-09-09,GOOGL,152.34,153.395,147.24,148.72,1049848,Technology
2024-09-09,META,505.625,511.27,502.43,505.05,184304,Technology
2024-09-09,MSFT,407.31,408.62,402.185,405.71,382809,Technology
2024-09-09,NVDA,104.93,106.54,103.71,106.51,2537551,Technology
2024-09-10,AAPL,218.86,221.455,216.78,220.1,957648,Technology
2024-09-10,AMZN,177.555,180.5,176.79,179.62,1059674,Technology
2024-09-10,AVGO,141.21,149.86,141.09,148.26,954355,Technology
2024-09-10,GOOGL,150.56,151.24,148.345,148.63,679752,Technology
2024-09-10,META,508.13,513.575,500.11,504.85,223912,Technology
2024-09-10,MSFT,408.44,416.15,407.705,414.15,333556,Technology
2024-09-10,NVDA,107.92,109.385,104.96,108.0,2399601,Technology
2024-09-11,AAPL,221.29,223.07,217.91,222.56,844135,Technology
2024-09-11,AMZN,180.105,184.88,175.785,184.38,1189323,Technology
2024-09-11,AVGO,148.4,158.87,145.095,158.15,1305033,Technology
2024-09-11,GOOGL,149.91,151.5,147.55,151.17,849684,Technology
2024-09-11,META,506.885,513.08,495.8,511.69,347256,Technology
2024-09-11,MSFT,414.85,423.945,409.67,422.73,559974,Technology
2024-09-11,NVDA,109.39,117.16,107.43,116.84,4687625,Technology
2024-09-12,AAPL,222.39,223.535,219.84,222.85,677459,Technology
2024-09-12,AMZN,184.855,187.39,183.56,187.07,883244,Technology
2024-09-12,AVGO,158.37,166.3,156.87,164.6,1226115,Technology
2024-09-12,GOOGL,153.78,154.82,152.67,154.69,826920,Technology
2024-09-12,META,516.365,526.65,515.42,525.46,333099,Technology
2024-09-12,MSFT,423.31,427.225,419.81,427.0,368649,Technology
2024-09-12,NVDA,116.86,120.79,115.4,119.22,3550116,Technology
2024-09-13,AAPL,223.79,224.0,222.0,222.42,637521,Technology
2024-09-13,AMZN,186.88,188.48,185.93,186.44,721182,Technology
2024-09-13,AVGO,166.42,168.055,164.15,167.62,596944,Technology
2024-09-13,GOOGL,155.4,158.37,155.22,157.46,652224,Technology
2024-09-13,META,520.14,527.49,517.5,524.51,278050,Technology
2024-09-13,MSFT,425.825,431.795,425.57,430.61,395239,Technology
2024-09-13,NVDA,118.96,119.93,117.61,119.08,2252263,Technology
2024-09-16,AAPL,216.6,217.2,213.94,216.46,1439907,Technology
2024-09-16,AMZN,185.31,185.8,183.36,184.9,692230,Technology
2024-09-16,AVGO,165.2,165.265,160.42,163.985,562247,Technology
2024-09-16,GOOGL,157.405,158.24,156.61,158.03,596531,Technology
2024-09-16,META,524.425,533.94,517.53,533.085,215070,Technology
2024-09-16,MSFT,430.59,433.48,428.42,431.46,384409,Technology
2024-09-16,NVDA,116.79,118.175,114.37,116.74,2027423,Technology
2024-09-17,AAPL,215.75,216.895,214.5,216.85,949661,Technology
2024-09-17,AMZN,186.77,189.44,186.17,186.96,793631,Technology
2024-09-17,AVGO,165.65,166.01,160.855,162.39,560155,Technology
2024-09-17,GOOGL,159.1,160.53,158.405,159.36,614708,Technology
2024-09-17,META,537.96,542.055,530.61,536.35,302451,Technology
2024-09-17,MSFT,439.92,441.805,432.33,435.17,409490,Technology
2024-09-17,NVDA,118.19,118.795,114.85,115.59,2491009,Technology
2024-09-18,AAPL,217.55,222.63,217.55,220.83,1204282,Technology
2024-09-18,AMZN,186.48,188.77,185.06,186.39,860092,Technology
2024-09-18,AVGO,163.755,167.38,161.48,161.78,678210,Technology
2024-09-18,GOOGL,159.86,160.5,158.61,159.82,889126,Technology
2024-09-18,META,537.065,543.72,534.15,538.02,222555,Technology
2024-09-18,MSFT,435.245,435.85,430.45,430.76,305960,Technology
2024-09-18,NVDA,115.91,117.7,113.24,113.29,2965736,Technology
2024-09-19,AAPL,225.095,229.795,224.65,228.905,2617911,Technology
2024-09-19,AMZN,190.07,190.97,188.505,189.85,1246862,Technology
2024-09-19,AVGO,167.7,169.99,165.66,167.33,855928,Technology
2024-09-19,GOOGL,163.76,163.76,161.38,162.16,591457,Technology
2024-09-19,META,550.215,562.06,546.685,559.13,333271,Technology
2024-09-19,MSFT,440.84,441.14,437.0,438.68,405641,Technology
2024-09-19,NVDA,117.29,119.66,117.26,117.9,3147187,Technology
2024-09-20,AAPL,229.98,233.075,227.68,228.535,3617727,Technology
2024-09-20,AMZN,190.365,191.72,187.42,191.72,732061,Technology
2024-09-20,AVGO,167.145,172.0,166.505,171.28,775739,Technology
2024-09-20,GOOGL,163.295,163.73,162.06,163.54,754023,Technology
2024-09-20,META,559.67,564.465,556.4,561.37,310872,Technology
2024-09-20,MSFT,437.19,439.2,434.275,435.42,572275,Technology
2024-09-20,NVDA,117.02,118.6,115.41,116.04,3739522,Technology
2024-09-23,AAPL,227.18,229.44,225.85,226.49,1013326,Technology
2024-09-23,AMZN,191.32,194.4,190.63,193.89,730878,Technology
2024-09-23,AVGO,171.89,173.3,168.43,172.88,428979,Technology
2024-09-23,GOOGL,164.39,165.39,161.685,161.82,597396,Technology
2024-09-23,META,569.455,573.84,562.67,564.265,193655,Technology
2024-09-23,MSFT,434.19,436.4,430.41,433.5,222357,Technology
2024-09-23,NVDA,116.47,116.98,114.87,116.23,1939328,Technology
2024-09-24,AAPL,228.645,229.34,225.75,227.46,716012,Technology
2024-09-24,AMZN,194.33,195.33,190.135,194.02,762139,Technology
2024-09-24,AVGO,172.92,175.96,171.785,175.01,614749,Technology
2024-09-24,GOOGL,162.875,163.19,160.7,162.33,808966,Technology
2024-09-24,META,566.805,567.48,554.52,563.39,233022,Technology
2024-09-24,MSFT,433.25,433.275,426.16,429.18,363942,Technology
2024-09-24,NVDA,116.42,121.8,115.385,120.83,3567423,Technology
2024-09-25,AAPL,224.99,227.26,224.02,226.36,917606,Technology
2024-09-25,AMZN,193.75,193.92,192.17,192.53,644843,Technology
2024-09-25,AVGO,174.41,177.1,173.77,175.51,406297,Technology
2024-09-25,GOOGL,161.6,162.8,161.3,161.49,572090,Technology
2024-09-25,META,564.135,576.73,563.885,568.29,305753,Technology
2024-09-25,MSFT,429.695,433.05,428.78,432.11,319299,Technology
2024-09-25,NVDA,122.02,124.93,121.61,123.49,3117195,Technology
2024-09-26,AAPL,227.57,228.45,225.515,227.665,876871,Technology
2024-09-26,AMZN,194.315,194.505,189.55,191.17,751569,Technology
2024-09-26,AVGO,178.87,180.24,175.0,178.15,595233,Technology
2024-09-26,GOOGL,163.75,164.05,162.29,162.75,585207,Technology
2024-09-26,META,575.48,577.29,562.5,567.71,449885,Technology
2024-09-26,MSFT,435.16,435.23,429.205,431.17,373223,Technology
2024-09-26,NVDA,126.76,127.66,121.8,124.0,2475022,Technology
2024-09-27,AAPL,228.57,229.495,227.3,227.73,718703,Technology
2024-09-27,AMZN,190.8,190.85,187.345,187.88,1106288,Technology
2024-09-27,AVGO,178.12,178.24,171.8,172.56,604224,Technology
2024-09-27,GOOGL,162.84,165.7,162.645,163.9,456952,Technology
2024-09-27,META,569.785,570.22,564.655,567.2,219201,Technology
2024-09-27,MSFT,431.52,431.82,427.495,427.83,315861,Technology
2024-09-27,NVDA,123.93,123.985,119.26,121.35,3743504,Technology
2024-09-30,AAPL,230.04,233.0,229.68,232.85,929770,Technology
2024-09-30,AMZN,187.07,188.49,184.69,186.38,1181263,Technology
2024-09-30,AVGO,171.87,172.88,169.66,172.4,418731,Technology
2024-09-30,GOOGL,163.44,166.07,163.44,165.83,365116,Technology
2024-09-30,META,567.24,574.585,565.0,572.59,278326,Technology
2024-09-30,MSFT,428.11,430.31,425.5,430.2,355528,Technology
2024-09-30,NVDA,118.31,121.5,118.15,121.5,2330437,Technology
2024-10-01,AAPL,229.52,229.58,223.75,226.205,1491424,Technology
2024-10-01,AMZN,184.925,186.18,183.505,185.15,1156742,Technology
2024-10-01,AVGO,172.115,172.215,165.83,167.46,457513,Technology
2024-10-01,GOOGL,167.72,169.13,164.6,167.02,945718,Technology
2024-10-01,META,579.05,582.905,570.2,576.44,406289,Technology
2024-10-01,MSFT,427.57,428.225,418.83,420.64,355464,Technology
2024-10-01,NVDA,121.765,122.38,115.79,116.89,3213379,Technology
2024-10-02,AAPL,226.095,227.35,223.03,226.77,813257,Technology
2024-10-02,AMZN,184.38,186.57,184.065,184.78,843221,Technology
2024-10-02,AVGO,167.44,172.81,167.26,170.68,461449,Technology
2024-10-02,GOOGL,166.49,167.51,164.775,165.83,489249,Technology
2024-10-02,META,574.86,575.995,569.635,572.7,199614,Technology
2024-10-02,MSFT,422.6,422.665,416.88,417.18,389957,Technology
2024-10-02,NVDA,116.41,119.38,115.15,118.83,1977137,Technology
2024-10-03,AAPL,225.14,226.805,223.33,225.6,790847,Technology
2024-10-03,AMZN,183.045,183.41,180.88,181.9,619176,Technology
2024-10-03,AVGO,169.23,174.94,169.19,171.87,281404,Technology
2024-10-03,GOOGL,164.425,166.625,163.95,165.86,491871,Technology
2024-10-03,META,570.245,583.225,569.11,582.75,412959,Technology
2024-10-03,MSFT,417.86,419.4,414.43,416.42,226915,Technology
2024-10-03,NVDA,120.92,124.36,120.35,122.82,2992060,Technology
2024-10-04,AAPL,227.92,227.96,224.17,226.69,920089,Technology
2024-10-04,AMZN,185.8,187.595,183.63,186.49,1164541,Technology
2024-10-04,AVGO,176.185,176.89,172.855,176.68,716964,Technology
2024-10-04,GOOGL,168.22,168.22,165.49,167.03,511645,Technology
2024-10-04,META,584.72,596.77,581.445,596.0,275266,Technology
2024-10-04,MSFT,418.2,419.69,415.09,416.12,350395,Technology
2024-10-04,NVDA,124.93,125.0,121.91,124.89,2877588,Technology
2024-10-07,AAPL,224.47,225.68,221.33,221.74,818946,Technology
2024-10-07,AMZN,183.03,183.6,180.25,180.835,1223566,Technology
2024-10-07,AVGO,174.855,178.29,173.9,175.21,479566,Technology
2024-10-07,GOOGL,167.715,168.44,162.755,162.99,563752,Technology
2024-10-07,META,597.73,602.33,584.18,584.68,265553,Technology
2024-10-07,MSFT,416.2,417.095,409.045,409.47,526094,Technology
2024-10-07,NVDA,125.03,130.62,125.02,127.775,5406297,Technology
2024-10-08,AAPL,224.26,225.97,223.28,225.79,746690,Technology
2024-10-08,AMZN,181.95,183.07,180.98,182.71,762424,Technology
2024-10-08,AVGO,175.545,181.56,174.96,180.72,573791,Technology
2024-10-08,GOOGL,164.01,164.68,162.87,164.38,435040,Technology
2024-10-08,META,588.715,593.505,586.12,592.78,165949,Technology
2024-10-08,MSFT,410.84,415.61,408.27,414.55,415418,Technology
2024-10-08,NVDA,130.32,133.48,129.43,132.94,4435837,Technology
2024-10-09,AAPL,225.17,229.745,224.92,229.51,684369,Technology
2024-10-09,AMZN,182.8,185.84,182.06,185.19,763825,Technology
2024-10-09,AVGO,179.04,186.42,176.45,185.97,817194,Technology
2024-10-09,GOOGL,163.39,164.805,159.745,161.89,977646,Technology
2024-10-09,META,594.215,594.39,581.77,590.32,271350,Technology
2024-10-09,MSFT,415.68,420.345,414.32,417.42,480062,Technology
2024-10-09,NVDA,134.135,134.52,131.39,132.61,3131226,Technology
2024-10-10,AAPL,227.8,229.49,227.17,229.03,455382,Technology
2024-10-10,AMZN,187.15,188.12,185.84,186.69,595519,Technology
2024-10-10,AVGO,183.69,186.29,182.64,185.66,441820,Technology
2024-10-10,GOOGL,160.97,163.07,160.41,162.08,410384,Technology
2024-10-10,META,587.57,589.99,582.55,583.81,217283,Technology
2024-10-10,MSFT,414.54,417.335,413.17,416.0,370805,Technology
2024-10-10,NVDA,131.9,135.0,131.32,134.81,2911690,Technology
2024-10-11,AAPL,229.395,229.395,227.37,227.51,544805,Technology
2024-10-11,AMZN,186.48,189.92,186.32,188.79,824093,Technology
2024-10-11,AVGO,181.11,182.535,177.44,181.41,635822,Technology
2024-10-11,GOOGL,162.145,163.895,161.24,163.31,291568,Technology
2024-10-11,META,584.38,591.13,582.76,589.905,247140,Technology
2024-10-11,MSFT,416.135,417.11,413.365,416.43,306774,Technology
2024-10-11,NVDA,134.03,135.77,133.67,134.77,1839529,Technology
2024-10-14,AAPL,228.72,231.73,228.65,231.3,691749,Technology
2024-10-14,AMZN,189.745,189.8,187.37,187.61,485746,Technology
2024-10-14,AVGO,183.31,184.95,180.18,182.39,438828,Technology
2024-10-14,GOOGL,163.5,166.225,163.46,164.95,295835,Technology
2024-10-14,META,593.71,600.0,590.05,590.57,158643,Technology
2024-10-14,MSFT,417.85,424.02,417.79,419.11,328191,Technology
2024-10-14,NVDA,136.47,139.6,136.32,138.18,3134138,Technology
2024-10-15,AAPL,233.635,237.49,232.4,233.93,1152069,Technology
2024-10-15,AMZN,187.36,188.4,184.58,187.83,778378,Technology
2024-10-15,AVGO,181.02,181.14,173.39,176.05,764323,Technology
2024-10-15,GOOGL,165.77,167.67,164.635,165.54,794385,Technology
2024-10-15,META,589.95,590.4,580.32,586.4,269443,Technology
2024-10-15,MSFT,422.08,422.11,415.355,418.88,517515,Technology
2024-10-15,NVDA,137.81,138.565,128.76,131.77,4726217,Technology
2024-10-16,AAPL,231.6,232.09,229.85,231.72,717358,Technology
2024-10-16,AMZN,187.085,187.74,185.62,186.9,590257,Technology
2024-10-16,AVGO,178.51,179.2,175.36,176.8,347331,Technology
2024-10-16,GOOGL,164.555,165.78,163.78,165.14,339619,Technology
2024-10-16,META,581.395,581.87,574.11,576.56,223625,Technology
2024-10-16,MSFT,415.27,416.33,410.605,416.06,311427,Technology
2024-10-16,NVDA,133.955,136.62,131.585,135.72,4444476,Technology
2024-10-17,AAPL,233.46,233.765,230.55,232.17,548744,Technology
2024-10-17,AMZN,188.19,188.94,186.0,187.55,815704,Technology
2024-10-17,AVGO,181.4,185.48,180.76,181.525,911096,Technology
2024-10-17,GOOGL,165.73,166.32,162.76,162.91,734752,Technology
2024-10-17,META,583.32,584.85,575.52,576.98,198394,Technology
2024-10-17,MSFT,422.355,422.37,415.615,416.74,299108,Technology
2024-10-17,NVDA,139.35,140.88,136.875,136.92,3748774,Technology
2024-10-18,AAPL,236.01,236.01,234.04,234.95,849948,Technology
2024-10-18,AMZN,186.97,190.735,186.31,188.96,920578,Technology
2024-10-18,AVGO,182.32,182.67,178.7,179.89,433543,Technology
2024-10-18,GOOGL,163.13,164.69,163.13,163.39,372053,Technology
2024-10-18,META,580.65,583.74,575.31,576.37,150468,Technology
2024-10-18,MSFT,417.36,419.63,416.28,418.09,270978,Technology
2024-10-18,NVDA,138.79,138.82,137.28,137.98,2037775,Technology
2024-10-21,AAPL,234.785,236.8,234.54,236.48,555366,Technology
2024-10-21,AMZN,188.16,189.43,186.4,189.09,512738,Technology
2024-10-21,AVGO,179.06,181.69,178.255,179.96,257704,Technology
2024-10-21,GOOGL,163.08,164.5,162.62,164.1,347672,Technology
2024-10-21,META,576.03,576.96,569.29,574.99,165506,Technology
2024-10-21,MSFT,416.59,418.96,413.81,418.9,279611,Technology
2024-10-21,NVDA,138.14,143.68,138.03,143.68,3175273,Technology
2024-10-22,AAPL,233.86,236.18,232.67,235.89,562790,Technology
2024-10-22,AMZN,188.35,191.5,187.01,189.71,434882,Technology
2024-10-22,AVGO,178.6,180.66,177.41,179.36,425168,Technology
2024-10-22,GOOGL,163.06,165.76,163.05,165.16,317558,Technology
2024-10-22,META,574.29,583.46,572.455,581.97,211160,Technology
2024-10-22,MSFT,418.585,430.56,418.115,427.54,553185,Technology
2024-10-22,NVDA,142.92,144.41,141.81,143.57,2694622,Technology
2024-10-23,AAPL,234.1,235.13,227.77,230.675,1283638,Technology
2024-10-23,AMZN,188.81,189.15,183.71,184.715,709376,Technology
2024-10-23,AVGO,177.78,178.92,172.57,173.44,560947,Technology
2024-10-23,GOOGL,164.77,165.81,161.925,162.78,375146,Technology
2024-10-23,META,579.8,584.85,562.705,563.84,327364,Technology
2024-10-23,MSFT,430.89,430.99,422.58,424.56,519160,Technology
2024-10-23,NVDA,142.02,142.41,137.485,139.56,2908927,Technology
2024-10-24,AAPL,229.97,230.815,228.42,230.6,801959,Technology
2024-10-24,AMZN,185.31,187.1,183.89,186.4,542920,Technology
2024-10-24,AVGO,174.14,174.23,169.62,171.33,775051,Technology
2024-10-24,GOOGL,162.85,163.31,161.01,162.72,685028,Technology
2024-10-24,META,567.155,568.63,561.71,567.7,172083,Technology
2024-10-24,MSFT,425.325,425.93,422.4,424.82,333516,Technology
2024-10-24,NVDA,140.86,141.35,138.47,140.4,1669064,Technology
2024-10-25,AAPL,229.74,233.12,229.6,231.22,613894,Technology
2024-10-25,AMZN,187.83,190.44,187.54,187.85,705353,Technology
2024-10-25,AVGO,174.415,176.79,172.72,173.02,556195,Technology
2024-10-25,GOOGL,163.67,165.575,163.43,165.27,494409,Technology
2024-10-25,META,573.935,581.19,572.03,573.34,286333,Technology
2024-10-25,MSFT,426.82,432.465,426.7,428.23,422862,Technology
2024-10-25,NVDA,140.91,144.125,140.85,141.5,1803783,Technology
2024-10-28,AAPL,233.32,234.71,232.565,233.51,577877,Technology
2024-10-28,AMZN,189.56,190.19,188.21,188.5,516682,Technology
2024-10-28,AVGO,173.065,173.9,171.345,172.06,567208,Technology
2024-10-28,GOOGL,168.75,168.75,163.96,166.77,921831,Technology
2024-10-28,META,581.435,583.625,574.12,578.47,272567,Technology
2024-10-28,MSFT,431.635,431.85,426.43,426.64,422646,Technology
2024-10-28,NVDA,143.05,143.13,140.055,140.57,1877353,Technology
2024-10-29,AAPL,233.2,234.325,232.36,233.73,520565,Technology
2024-10-29,AMZN,188.45,191.455,187.84,190.87,630325,Technology
2024-10-29,AVGO,172.1,180.22,171.34,179.31,732028,Technology
2024-10-29,GOOGL,167.745,170.37,167.12,169.7,799757,Technology
2024-10-29,META,580.145,593.62,575.435,593.47,260453,Technology
2024-10-29,MSFT,427.69,433.17,425.895,432.17,404221,Technology
2024-10-29,NVDA,140.285,142.25,138.915,141.3,1945298,Technology
2024-10-30,AAPL,232.655,233.22,229.57,230.16,1092531,Technology
2024-10-30,AMZN,194.695,195.55,192.43,192.78,1096707,Technology
2024-10-30,AVGO,177.47,179.1,175.64,176.63,398742,Technology
2024-10-30,GOOGL,180.805,182.0,174.06,174.41,1962538,Technology
2024-10-30,META,601.09,601.11,589.52,592.0,756237,Technology
2024-10-30,MSFT,437.625,438.465,432.21,433.74,883496,Technology
2024-10-30,NVDA,139.54,140.31,136.81,139.34,2472975,Technology
2024-10-31,AAPL,229.24,229.81,225.46,225.73,1473753,Technology
2024-10-31,AMZN,190.435,190.58,185.245,186.22,1546937,Technology
2024-10-31,AVGO,174.08,174.25,167.41,169.8,723847,Technology
2024-10-31,GOOGL,173.06,176.79,171.03,171.1,1712245,Technology
2024-10-31,META,584.315,589.59,563.135,566.68,646605,Technology
2024-10-31,MSFT,415.3,416.15,406.31,406.37,1403072,Technology
2024-10-31,NVDA,137.575,137.575,132.12,132.81,2875649,Technology
2024-11-01,AAPL,220.82,225.33,220.33,222.86,1509039,Technology
2024-11-01,AMZN,198.95,200.49,197.04,197.86,2549444,Technology
2024-11-01,AVGO,168.41,171.28,167.63,168.94,523108,Technology
2024-11-01,GOOGL,169.96,172.32,168.88,171.27,1013472,Technology
2024-11-01,META,567.78,573.53,562.57,566.95,416016,Technology
2024-11-01,MSFT,408.8,415.46,407.82,410.355,652435,Technology
2024-11-01,NVDA,134.69,137.3,134.6,135.4,2662071,Technology
2024-11-04,AAPL,221.08,222.78,219.73,222.07,765975,Technology
2024-11-04,AMZN,196.56,197.3,194.365,195.79,761144,Technology
2024-11-04,AVGO,169.28,172.43,168.43,168.54,496729,Technology
2024-11-04,GOOGL,169.93,170.72,168.02,169.31,625287,Technology
2024-11-04,META,564.1,568.64,558.0,560.67,331001,Technology
2024-11-04,MSFT,409.7,410.415,405.74,408.66,449581,Technology
2024-11-04,NVDA,137.23,138.96,135.59,136.15,1893718,Technology
2024-11-05,AAPL,221.81,223.945,221.81,223.48,544210,Technology
2024-11-05,AMZN,196.04,199.81,196.02,199.5,935747,Technology
2024-11-05,AVGO,170.49,174.375,170.33,173.9,576480,Technology
2024-11-05,GOOGL,169.51,170.53,168.86,169.74,502725,Technology
2024-11-05,META,568.6,573.3,566.985,572.415,301270,Technology
2024-11-05,MSFT,408.55,414.9,408.54,411.41,444486,Technology
2024-11-05,NVDA,137.43,140.37,137.375,139.93,1348050,Technology
2024-11-06,AAPL,222.6,226.045,221.23,222.59,1776205,Technology
2024-11-06,AMZN,200.17,207.45,199.15,207.06,1608919,Technology
2024-11-06,AVGO,179.63,180.195,176.015,179.61,766288,Technology
2024-11-06,GOOGL,173.84,176.87,173.565,176.52,699596,Technology
2024-11-06,META,562.6,572.95,555.5,571.82,475625,Technology
2024-11-06,MSFT,412.42,420.44,410.69,420.15,742271,Technology
2024-11-06,NVDA,142.955,146.49,141.975,145.5,2916302,Technology
2024-11-07,AAPL,224.67,227.875,224.61,227.405,750937,Technology
2024-11-07,AMZN,207.4,212.245,207.28,210.04,1116343,Technology
2024-11-07,AVGO,181.8,184.86,181.79,183.9,670784,Technology
2024-11-07,GOOGL,177.51,181.08,177.215,180.73,593544,Technology
2024-11-07,META,576.79,594.685,575.615,591.7,408679,Technology
2024-11-07,MSFT,420.48,426.79,419.94,425.45,631498,Technology
2024-11-07,NVDA,146.39,148.92,146.17,148.89,2232131,Technology
2024-11-08,AAPL,227.3,228.63,226.405,227.16,619490,Technology
2024-11-08,AMZN,209.78,209.84,207.44,208.27,808152,Technology
2024-11-08,AVGO,183.63,184.97,181.89,183.74,334348,Technology
2024-11-08,GOOGL,180.705,180.875,178.08,178.36,535572,Technology
2024-11-08,META,591.405,593.02,584.6,589.5,169650,Technology
2024-11-08,MSFT,425.42,426.45,421.85,422.73,387969,Technology
2024-11-08,NVDA,148.78,149.75,146.27,147.69,1848270,Technology
2024-11-11,AAPL,224.91,225.68,221.5,224.26,1143417,Technology
2024-11-11,AMZN,208.51,209.62,205.62,206.9,926248,Technology
2024-11-11,AVGO,183.39,183.63,176.83,178.98,328042,Technology
2024-11-11,GOOGL,178.69,180.53,178.58,180.44,402780,Technology
2024-11-11,META,586.36,586.6,576.67,583.42,265395,Technology
2024-11-11,MSFT,422.605,424.69,416.07,418.19,544606,Technology
2024-11-11,NVDA,148.68,148.72,143.59,145.285,2539065,Technology
2024-11-12,AAPL,224.575,225.545,223.36,224.26,1003430,Technology
2024-11-12,AMZN,208.24,209.52,206.04,208.95,807487,Technology
2024-11-12,AVGO,178.8,179.4,173.21,176.22,654900,Technology
2024-11-12,GOOGL,179.765,182.465,179.46,181.67,480010,Technology
2024-11-12,META,587.9,599.25,580.665,584.85,421475,Technology
2024-11-12,MSFT,417.605,424.395,417.2,423.22,482403,Technology
2024-11-12,NVDA,146.77,149.61,146.03,148.4,2390287,Technology
2024-11-13,AAPL,223.935,226.63,222.79,225.19,936950,Technology
2024-11-13,AMZN,209.4,215.09,209.3,214.08,1093994,Technology
2024-11-13,AVGO,174.58,175.58,172.6,173.61,531704,Technology
2024-11-13,GOOGL,180.6,180.9,178.59,178.95,1165821,Technology
2024-11-13,META,582.675,585.515,575.29,580.01,243627,Technology
2024-11-13,MSFT,421.64,429.27,418.27,425.14,538917,Technology
2024-11-13,NVDA,149.055,149.33,145.91,146.45,2210450,Technology
2024-11-14,AAPL,225.0,228.84,225.0,228.3,966299,Technology
2024-11-14,AMZN,214.145,215.88,210.91,211.45,810443,Technology
2024-11-14,AVGO,174.695,175.41,169.88,170.43,736881,Technology
2024-11-14,GOOGL,178.14,178.8,174.36,175.59,755199,Technology
2024-11-14,META,576.25,580.47,573.16,577.03,277531,Technology
2024-11-14,MSFT,425.02,428.14,420.04,426.7,689020,Technology
2024-11-14,NVDA,147.61,149.0,145.6,146.83,2266375,Technology
2024-11-15,AAPL,225.92,226.88,224.28,224.95,742110,Technology
2024-11-15,AMZN,206.73,207.3,199.66,202.565,1824764,Technology
2024-11-15,AVGO,168.09,169.13,163.47,164.78,644972,Technology
2024-11-15,GOOGL,173.815,174.12,171.225,172.47,815878,Technology
2024-11-15,META,572.21,572.285,552.06,554.07,501137,Technology
2024-11-15,MSFT,420.575,422.66,413.805,414.97,556831,Technology
2024-11-15,NVDA,144.89,145.18,140.1,141.91,3889458,Technology
2024-11-18,AAPL,225.3,229.735,225.17,228.16,719007,Technology
2024-11-18,AMZN,203.925,204.62,200.97,201.7,760048,Technology
2024-11-18,AVGO,165.505,166.34,162.25,165.62,419199,Technology
2024-11-18,GOOGL,173.46,175.43,172.915,175.33,560444,Technology
2024-11-18,META,556.15,559.745,550.13,554.34,412702,Technology
2024-11-18,MSFT,414.8,418.34,412.215,415.76,383132,Technology
2024-11-18,NVDA,139.495,141.515,137.18,140.13,2989170,Technology
2024-11-19,AAPL,226.74,230.16,226.73,228.21,632129,Technology
2024-11-19,AMZN,199.33,205.29,198.8,204.595,942074,Technology
2024-11-19,AVGO,166.68,166.68,164.35,165.3,449200,Technology
2024-11-19,GOOGL,173.71,178.86,173.59,178.09,777047,Technology
2024-11-19,META,551.85,561.405,550.63,560.99,156937,Technology
2024-11-19,MSFT,413.63,417.905,411.59,417.64,389331,Technology
2024-11-19,NVDA,141.28,147.12,141.0,147.0,2817554,Technology
2024-11-20,AAPL,228.05,229.92,225.9,229.0,509286,Technology
2024-11-20,AMZN,202.75,202.915,199.47,202.89,742517,Technology
2024-11-20,AVGO,165.47,165.48,160.86,163.4,656562,Technology
2024-11-20,GOOGL,177.265,177.59,173.79,175.99,383804,Technology
2024-11-20,META,562.835,566.28,554.47,565.7,266884,Technology
2024-11-20,MSFT,417.23,417.29,410.635,415.52,398982,Technology
2024-11-20,NVDA,147.355,147.41,142.73,145.89,3194590,Technology
2024-11-21,AAPL,228.785,230.13,225.72,228.48,985294,Technology
2024-11-21,AMZN,203.14,203.23,195.75,198.35,1464784,Technology
2024-11-21,AVGO,166.21,166.21,160.645,163.92,638533,Technology
2024-11-21,GOOGL,173.92,174.03,163.71,167.64,2345359,Technology
2024-11-21,META,569.03,570.0,549.32,563.09,274437,Technology
2024-11-21,MSFT,419.655,419.655,410.39,412.8,454051,Technology
2024-11-21,NVDA,149.27,152.87,140.7,146.65,5299846,Technology
2024-11-22,AAPL,228.23,230.71,228.175,229.75,827598,Technology
2024-11-22,AMZN,198.38,199.15,196.77,197.07,799243,Technology
2024-11-22,AVGO,163.645,164.88,162.45,164.14,320159,Technology
2024-11-22,GOOGL,165.29,166.45,163.93,164.73,1304189,Technology
2024-11-22,META,563.345,563.345,554.84,558.93,190585,Technology
2024-11-22,MSFT,411.365,417.39,411.33,416.76,424709,Technology
2024-11-22,NVDA,145.895,147.16,141.1,141.91,3293741,Technology
2024-11-25,AAPL,231.49,233.24,229.74,232.89,860206,Technology
2024-11-25,AMZN,199.28,201.9,199.01,201.44,888620,Technology
2024-11-25,AVGO,165.44,167.11,162.92,164.91,476284,Technology
2024-11-25,GOOGL,166.075,168.61,165.64,167.62,707370,Technology
2024-11-25,META,562.32,571.82,556.52,565.3,204254,Technology
2024-11-25,MSFT,418.63,420.98,414.855,418.79,451021,Technology
2024-11-25,NVDA,141.95,142.035,135.83,135.98,3667362,Technology
2024-11-26,AAPL,233.43,235.55,233.43,234.98,693660,Technology
2024-11-26,AMZN,201.91,208.0,201.8,207.82,816072,Technology
2024-11-26,AVGO,164.69,166.01,162.7,164.7,491625,Technology
2024-11-26,GOOGL,167.745,169.805,167.7,169.06,572235,Technology
2024-11-26,META,565.735,577.435,565.56,573.26,296718,Technology
2024-11-26,MSFT,419.98,429.005,419.11,428.08,517764,Technology
2024-11-26,NVDA,137.68,139.295,135.68,136.885,2648547,Technology
2024-11-27,AAPL,234.66,235.62,233.84,234.99,467635,Technology
2024-11-27,AMZN,207.025,207.61,205.07,205.79,566843,Technology
2024-11-27,AVGO,162.735,162.88,157.56,159.72,584500,Technology
2024-11-27,GOOGL,169.08,169.47,168.02,169.3,393059,Technology
2024-11-27,META,574.655,574.655,564.19,569.38,159290,Technology
2024-11-27,MSFT,425.545,427.14,422.05,422.64,452822,Technology
2024-11-27,NVDA,135.01,135.385,131.8,135.37,2853118,Technology
2024-11-29,AAPL,234.805,237.8,233.97,237.39,549571,Technology
2024-11-29,AMZN,205.895,208.09,204.69,207.95,543260,Technology
2024-11-29,AVGO,159.57,162.68,159.08,162.11,278543,Technology
2024-11-29,GOOGL,168.71,169.31,167.19,168.93,332429,Technology
2024-11-29,META,567.825,578.31,566.95,574.47,133694,Technology
2024-11-29,MSFT,420.065,424.82,417.84,423.63,283538,Technology
2024-11-29,NVDA,136.735,139.34,136.05,138.28,1920338,Technology
2024-12-02,AAPL,237.33,240.76,237.18,239.635,745588,Technology
2024-12-02,AMZN,209.96,212.975,209.55,210.67,1026123,Technology
2024-12-02,AVGO,163.14,168.365,162.75,166.49,602024,Technology
2024-12-02,GOOGL,168.81,172.07,168.58,171.48,502142,Technology
2024-12-02,META,577.5,594.47,575.765,592.75,326743,Technology
2024-12-02,MSFT,421.85,432.69,421.5,430.99,311114,Technology
2024-12-02,NVDA,138.84,140.435,137.83,138.54,2200598,Technology
2024-12-03,AAPL,239.9,242.76,238.99,242.65,886105,Technology
2024-12-03,AMZN,210.26,214.015,209.68,213.41,794896,Technology
2024-12-03,AVGO,164.48,168.26,164.38,168.13,388314,Technology
2024-12-03,GOOGL,171.49,172.61,170.85,171.27,1109966,Technology
2024-12-03,META,593.49,614.18,592.01,613.5,328021,Technology
2024-12-03,MSFT,429.705,432.42,427.905,431.24,486043,Technology
2024-12-03,NVDA,138.25,140.54,137.95,140.22,1667300,Technology
2024-12-04,AAPL,242.86,244.1,241.26,242.94,760420,Technology
2024-12-04,AMZN,215.96,219.99,215.76,218.1,1307432,Technology
2024-12-04,AVGO,173.34,175.135,168.63,170.5,893534,Technology
2024-12-04,GOOGL,171.145,174.9,171.14,174.35,1549074,Technology
2024-12-04,META,611.88,617.72,605.1,613.57,379960,Technology
2024-12-04,MSFT,432.78,439.51,432.73,437.43,541357,Technology
2024-12-04,NVDA,142.075,145.78,140.29,145.13,3236981,Technology
2024-12-05,AAPL,244.06,244.455,242.195,243.07,827553,Technology
2024-12-05,AMZN,218.05,222.14,217.33,220.57,1445577,Technology
2024-12-05,AVGO,170.76,172.385,169.215,170.48,524736,Technology
2024-12-05,GOOGL,175.59,175.99,172.33,172.69,585198,Technology
2024-12-05,META,617.075,619.755,607.105,608.79,224520,Technology
2024-12-05,MSFT,438.51,444.65,436.3,442.74,482685,Technology
2024-12-05,NVDA,145.09,146.525,143.96,145.11,1977392,Technology
2024-12-06,AAPL,242.96,244.625,242.12,242.69,672959,Technology
2024-12-06,AMZN,220.84,227.13,220.61,227.0,1331931,Technology
2024-12-06,AVGO,170.005,180.68,169.455,179.53,805271,Technology
2024-12-06,GOOGL,171.97,175.07,171.9,174.64,544379,Technology
2024-12-06,META,610.1,629.5,609.4,623.49,316850,Technology
2024-12-06,MSFT,442.3,446.06,441.835,443.52,337003,Technology
2024-12-06,NVDA,144.63,145.68,141.32,142.47,2423881,Technology
2024-12-09,AAPL,241.865,247.24,241.8,246.89,978692,Technology
2024-12-09,AMZN,227.21,230.08,225.7,226.015,1491859,Technology
2024-12-09,AVGO,178.99,180.75,176.035,178.96,570596,Technology
2024-12-09,GOOGL,173.96,176.26,173.71,175.44,690234,Technology
2024-12-09,META,623.605,626.17,606.51,613.87,309658,Technology
2024-12-09,MSFT,443.0,448.33,440.51,446.0,423924,Technology
2024-12-09,NVDA,138.985,139.94,137.16,138.81,2458680,Technology
2024-12-10,AAPL,246.91,248.205,245.35,247.81,812772,Technology
2024-12-10,AMZN,226.28,229.05,224.24,225.14,971073,Technology
2024-12-10,AVGO,177.755,177.755,169.78,171.8,866415,Technology
2024-12-10,GOOGL,182.82,186.35,181.13,185.17,1807288,Technology
2024-12-10,META,617.49,625.39,612.93,619.55,200048,Technology
2024-12-10,MSFT,444.36,449.605,441.6,443.17,439853,Technology
2024-12-10,NVDA,138.97,141.76,133.8,134.99,2010308,Technology
2024-12-11,AAPL,247.96,250.77,246.275,246.455,738775,Technology
2024-12-11,AMZN,226.45,231.14,226.29,230.16,1113859,Technology
2024-12-11,AVGO,180.01,184.825,176.555,183.16,846352,Technology
2024-12-11,GOOGL,185.305,195.58,184.91,195.46,1802515,Technology
2024-12-11,META,623.985,638.315,622.275,632.51,194075,Technology
2024-12-11,MSFT,444.19,450.28,444.17,448.87,323126,Technology
2024-12-11,NVDA,137.35,140.16,135.22,139.28,1619726,Technology
2024-12-12,AAPL,246.93,248.73,245.75,248.02,622093,Technology
2024-12-12,AMZN,229.525,231.07,227.64,229.03,744036,Technology
2024-12-12,AVGO,180.91,181.94,176.0,180.955,1525189,Technology
2024-12-12,GOOGL,195.07,195.16,191.735,191.93,1158842,Technology
2024-12-12,META,632.05,636.57,627.51,630.77,228469,Technology
2024-12-12,MSFT,449.555,456.14,449.15,449.52,476338,Technology
2024-12-12,NVDA,137.09,138.385,135.8,137.395,1559352,Technology
2024-12-13,AAPL,247.91,249.245,246.25,248.08,639940,Technology
2024-12-13,AMZN,228.41,230.09,225.895,227.44,659061,Technology
2024-12-13,AVGO,213.92,228.5,211.11,224.83,3397530,Technology
2024-12-13,GOOGL,191.195,192.72,189.66,189.78,568860,Technology
2024-12-13,META,627.35,631.08,617.0,620.31,176559,Technology
2024-12-13,MSFT,448.245,451.38,445.625,447.19,399754,Technology
2024-12-13,NVDA,139.0,139.55,132.55,134.18,3711216,Technology
2024-12-16,AAPL,247.955,251.355,247.73,251.03,926663,Technology
2024-12-16,AMZN,230.245,233.0,228.095,232.95,958200,Technology
2024-12-16,AVGO,231.58,251.81,230.92,249.99,2598616,Technology
2024-12-16,GOOGL,192.835,199.0,192.685,196.72,1058883,Technology
2024-12-16,META,628.85,631.11,618.65,624.13,301034,Technology
2024-12-16,MSFT,446.43,452.145,445.35,451.73,642560,Technology
2024-12-16,NVDA,134.17,134.38,130.43,132.0,4673200,Technology
2024-12-17,AAPL,250.19,253.8,249.87,253.5,1407054,Technology
2024-12-17,AMZN,232.51,232.68,227.9,231.24,1039586,Technology
2024-12-17,AVGO,240.65,242.38,233.84,239.99,1879993,Technology
2024-12-17,GOOGL,197.11,201.41,195.03,195.41,1561522,Technology
2024-12-17,META,626.17,632.03,616.62,619.425,255100,Technology
2024-12-17,MSFT,450.66,455.2,449.68,454.42,528762,Technology
2024-12-17,NVDA,129.035,131.585,126.89,130.3,3441459,Technology
2024-12-18,AAPL,252.22,254.265,247.74,247.95,1377103,Technology
2024-12-18,AMZN,230.03,231.37,220.11,220.49,1315760,Technology
2024-12-18,AVGO,239.61,239.65,219.39,223.125,1705361,Technology
2024-12-18,GOOGL,195.195,196.98,187.765,188.25,903475,Technology
2024-12-18,META,620.49,627.155,596.72,597.0,422812,Technology
2024-12-18,MSFT,451.32,452.62,437.1,437.16,630541,Technology
2024-12-18,NVDA,133.88,136.7,128.285,128.75,2945155,Technology
2024-12-19,AAPL,247.46,251.84,247.11,249.73,1265123,Technology
2024-12-19,AMZN,225.09,226.07,222.98,223.29,1002126,Technology
2024-12-19,AVGO,227.91,227.91,217.58,218.32,1029865,Technology
2024-12-19,GOOGL,191.69,192.93,188.38,188.44,1146391,Technology
2024-12-19,META,610.495,611.33,595.07,595.23,431148,Technology
2024-12-19,MSFT,441.79,442.955,436.46,437.1,525062,Technology
2024-12-19,NVDA,131.715,134.0,129.59,130.68,2035528,Technology
2024-12-20,AAPL,248.175,255.0,246.335,254.6,1193742,Technology
2024-12-20,AMZN,219.875,226.18,218.78,225.16,1057386,Technology
2024-12-20,AVGO,220.36,230.22,218.995,221.32,1178218,Technology
2024-12-20,GOOGL,185.735,192.88,185.26,191.5,806086,Technology
2024-12-20,META,590.4,603.04,584.2,584.96,420339,Technology
2024-12-20,MSFT,433.005,443.64,428.69,436.82,578976,Technology
2024-12-20,NVDA,129.81,135.28,128.26,134.92,2467581,Technology
2024-12-23,AAPL,254.84,255.615,253.45,254.26,315725,Technology
2024-12-23,AMZN,225.125,225.39,224.02,224.77,138469,Technology
2024-12-23,AVGO,226.68,232.0,225.2,228.16,216064,Technology
2024-12-23,GOOGL,192.6,193.955,190.16,190.85,162651,Technology
2024-12-23,META,589.6,598.535,586.74,587.4,61304,Technology
2024-12-23,MSFT,436.44,437.515,433.67,433.67,48821,Technology
2024-12-23,NVDA,136.28,137.81,135.13,136.42,291809,Technology
2024-12-24,AAPL,255.52,258.19,255.36,258.18,456446,Technology
2024-12-24,AMZN,226.86,229.11,226.14,228.95,389456,Technology
2024-12-24,AVGO,240.12,240.12,234.87,239.65,558111,Technology
2024-12-24,GOOGL,194.94,196.02,193.8,195.98,281135,Technology
2024-12-24,META,602.96,607.695,599.98,607.585,130659,Technology
2024-12-24,MSFT,434.72,439.32,434.31,439.275,129503,Technology
2024-12-24,NVDA,139.99,141.9,138.71,140.2,874127,Technology
2024-12-26,AAPL,258.355,260.1,257.68,259.15,491615,Technology
2024-12-26,AMZN,227.9,228.49,226.72,227.14,455443,Technology
2024-12-26,AVGO,239.95,247.18,237.66,245.29,800673,Technology
2024-12-26,GOOGL,195.265,196.72,194.4,195.585,356410,Technology
2024-12-26,META,605.75,606.18,599.045,603.1,162662,Technology
2024-12-26,MSFT,438.99,440.92,436.67,438.36,139201,Technology
2024-12-26,NVDA,139.62,140.83,137.73,139.91,1203412,Technology
2024-12-27,AAPL,257.93,258.64,253.07,255.635,912043,Technology
2024-12-27,AMZN,225.6,226.02,220.915,223.85,815472,Technology
2024-12-27,AVGO,244.81,245.33,236.4,241.7,477410,Technology
2024-12-27,GOOGL,194.815,195.165,190.7,192.76,458564,Technology
2024-12-27,META,600.175,601.77,589.97,600.0,146429,Technology
2024-12-27,MSFT,435.0,435.06,426.49,430.64,354623,Technology
2024-12-27,NVDA,138.555,139.0,134.715,137.055,2042354,Technology
2024-12-30,AAPL,252.085,253.5,250.75,252.15,857519,Technology
2024-12-30,AMZN,219.99,222.98,218.44,221.255,829831,Technology
2024-12-30,AVGO,234.44,238.72,231.655,235.47,536549,Technology
2024-12-30,GOOGL,189.53,192.54,189.175,191.27,381112,Technology
2024-12-30,META,588.75,596.83,585.78,591.28,175005,Technology
2024-12-30,MSFT,426.05,427.495,422.07,425.08,314098,Technology
2024-12-30,NVDA,134.835,140.25,134.03,137.42,1695547,Technology
2024-12-31,AAPL,252.6,253.14,249.45,250.545,803764,Technology
2024-12-31,AMZN,222.965,223.18,218.95,219.47,787150,Technology
2024-12-31,AVGO,235.59,237.25,231.33,232.05,478665,Technology
2024-12-31,GOOGL,191.26,191.96,188.54,189.36,549631,Technology
2024-12-31,META,592.67,593.58,583.86,585.79,147129,Technology
2024-12-31,MSFT,425.94,426.59,420.73,421.7,322354,Technology
2024-12-31,NVDA,138.035,138.06,133.84,134.2,1424606,Technology
2025-01-02,AAPL,248.93,249.025,241.845,243.82,1720928,Technology
2025-01-02,AMZN,222.43,225.07,218.21,220.21,1205003,Technology
2025-01-02,AVGO,236.22,239.27,230.29,231.98,879009,Technology
2025-01-02,GOOGL,190.63,191.99,187.51,189.41,584041,Technology
2025-01-02,META,589.72,604.68,588.0,599.45,332334,Technology
2025-01-02,MSFT,425.445,426.07,414.96,418.6,441739,Technology
2025-01-02,NVDA,136.02,138.87,134.65,138.32,2421189,Technology
2025-01-03,AAPL,243.315,244.165,241.89,243.41,1182159,Technology
2025-01-03,AMZN,222.5,225.32,221.64,224.15,675077,Technology
2025-01-03,AVGO,233.145,236.47,229.02,232.17,747482,Technology
2025-01-03,GOOGL,191.51,193.19,190.0,191.71,637218,Technology
2025-01-03,META,603.94,609.06,596.98,604.45,174155,Technology
2025-01-03,MSFT,421.715,423.99,419.585,423.8,248146,Technology
2025-01-03,NVDA,140.0,144.895,139.835,144.42,2799091,Technology
2025-01-06,AAPL,244.31,247.33,243.88,245.025,970622,Technology
2025-01-06,AMZN,226.775,228.79,224.87,227.58,911200,Technology
2025-01-06,AVGO,236.8,241.59,233.35,236.36,943133,Technology
2025-01-06,GOOGL,194.01,198.15,193.96,196.9,932339,Technology
2025-01-06,META,611.825,630.96,605.79,630.36,455183,Technology
2025-01-06,MSFT,428.19,434.24,425.65,428.07,434854,Technology
2025-01-06,NVDA,148.61,152.145,147.86,149.49,2874316,Technology
2025-01-07,AAPL,242.77,245.53,241.38,242.26,1048220,Technology
2025-01-07,AMZN,227.895,228.37,221.47,222.12,854886,Technology
2025-01-07,AVGO,239.2,239.2,227.74,228.63,809229,Technology
2025-01-07,GOOGL,197.305,201.0,194.62,195.57,910736,Technology
2025-01-07,META,631.93,631.93,608.6,617.97,266249,Technology
2025-01-07,MSFT,429.12,430.54,420.84,422.39,428978,Technology
2025-01-07,NVDA,153.045,153.1,140.01,140.17,3833401,Technology
2025-01-08,AAPL,241.97,243.67,240.16,242.63,868980,Technology
2025-01-08,AMZN,223.185,223.495,220.29,222.01,664884,Technology
2025-01-08,AVGO,229.6,232.21,226.06,229.59,499959,Technology
2025-01-08,GOOGL,192.57,196.28,192.395,193.96,1277154,Technology
2025-01-08,META,613.58,616.26,603.17,610.53,337138,Technology
2025-01-08,MSFT,423.89,426.87,421.61,424.46,414939,Technology
2025-01-08,NVDA,142.63,143.94,137.91,140.08,2682030,Technology
2025-01-10,AAPL,240.025,240.13,233.005,236.76,1713784,Technology
2025-01-10,AMZN,221.585,221.615,216.54,218.84,1163056,Technology
2025-01-10,AVGO,227.28,227.65,221.41,224.16,793792,Technology
2025-01-10,GOOGL,194.22,196.48,190.33,192.0,1337024,Technology
2025-01-10,META,610.03,629.78,597.45,615.82,632835,Technology
2025-01-10,MSFT,424.71,424.71,415.07,418.91,628970,Technology
2025-01-10,NVDA,137.46,137.69,134.23,135.93,2635138,Technology
2025-01-13,AAPL,233.52,234.67,229.72,234.41,1352710,Technology
2025-01-13,AMZN,218.095,219.39,216.47,218.48,780758,Technology
2025-01-13,AVGO,219.65,229.2,219.61,225.11,707016,Technology
2025-01-13,GOOGL,190.195,191.18,187.38,191.01,736146,Technology
2025-01-13,META,607.0,608.815,598.61,608.08,307658,Technology
2025-01-13,MSFT,415.02,418.425,412.4,417.06,472879,Technology
2025-01-13,NVDA,129.98,133.445,129.67,133.23,2045865,Technology
2025-01-14,AAPL,234.76,236.1,232.48,233.345,1051611,Technology
2025-01-14,AMZN,220.56,221.81,216.26,217.74,866121,Technology
2025-01-14,AVGO,226.64,230.205,223.1,224.8,670380,Technology
2025-01-14,GOOGL,191.405,191.925,188.32,189.65,581738,Technology
2025-01-14,META,604.74,605.24,588.905,594.32,413789,Technology
2025-01-14,MSFT,417.81,419.57,410.79,415.73,527781,Technology
2025-01-14,NVDA,136.06,136.32,130.05,131.78,2120718,Technology
2025-01-15,AAPL,234.755,238.52,234.445,237.765,1048228,Technology
2025-01-15,AMZN,222.81,223.5,220.785,223.3,1088018,Technology
2025-01-15,AVGO,228.315,230.28,225.62,227.89,898418,Technology
2025-01-15,GOOGL,193.05,196.34,191.86,195.5,782254,Technology
2025-01-15,META,610.695,622.33,606.5,616.73,376779,Technology
2025-01-15,MSFT,419.44,428.09,418.35,426.22,490795,Technology
2025-01-15,NVDA,133.64,136.41,131.31,136.19,2258924,Technology
2025-01-16,AAPL,237.42,237.95,228.04,228.24,1917016,Technology
2025-01-16,AMZN,224.5,224.63,220.325,220.65,662277,Technology
2025-01-16,AVGO,235.115,238.55,229.24,229.39,809706,Technology
2025-01-16,GOOGL,194.29,195.47,192.82,192.91,485029,Technology
2025-01-16,META,611.75,616.06,609.965,611.2,251212,Technology
2025-01-16,MSFT,429.375,429.385,424.39,424.63,389661,Technology
2025-01-16,NVDA,138.7,138.72,133.52,133.58,2755774,Technology
2025-01-17,AAPL,232.01,232.09,228.51,229.96,1129750,Technology
2025-01-17,AMZN,225.65,226.43,223.09,225.945,796056,Technology
2025-01-17,AVGO,236.52,238.0,232.69,237.33,726769,Technology
2025-01-17,GOOGL,196.53,197.21,193.78,195.99,579267,Technology
2025-01-17,META,624.27,624.96,603.85,612.87,264479,Technology
2025-01-17,MSFT,434.24,434.31,428.34,429.03,771081,Technology
2025-01-17,NVDA,136.52,138.5,135.5,137.73,1679819,Technology
2025-01-21,AAPL,224.255,224.39,219.39,222.59,2272802,Technology
2025-01-21,AMZN,229.05,231.78,227.0,230.68,1212920,Technology
2025-01-21,AVGO,241.38,242.73,237.41,240.2,1121312,Technology
2025-01-21,GOOGL,199.09,202.2,197.875,197.98,909304,Technology
2025-01-21,META,617.39,621.17,609.72,616.4,301918,Technology
2025-01-21,MSFT,430.17,430.865,425.73,428.61,481509,Technology
2025-01-21,NVDA,139.21,141.83,137.09,140.81,2559365,Technology
2025-01-22,AAPL,219.85,223.98,219.825,223.81,1380909,Technology
2025-01-22,AMZN,232.08,235.405,231.195,235.0,935770,Technology
2025-01-22,AVGO,246.65,246.945,240.72,240.75,656404,Technology
2025-01-22,GOOGL,198.97,200.46,197.545,198.33,624792,Technology
2025-01-22,META,623.26,633.58,620.68,623.42,327933,Technology
2025-01-22,MSFT,437.69,447.01,436.065,446.18,729761,Technology
2025-01-22,NVDA,144.765,147.785,143.71,147.03,3368376,Technology
2025-01-23,AAPL,224.74,227.01,222.3,223.57,1397373,Technology
2025-01-23,AMZN,233.98,235.435,231.57,235.37,787773,Technology
2025-01-23,AVGO,238.14,240.37,236.2,240.34,499332,Technology
2025-01-23,GOOGL,198.285,200.29,195.215,197.95,1149364,Technology
2025-01-23,META,627.145,636.57,621.38,636.57,195316,Technology
2025-01-23,MSFT,441.79,446.61,441.585,446.61,318751,Technology
2025-01-23,NVDA,145.01,147.22,143.74,147.21,2338049,Technology
2025-01-24,AAPL,225.1,225.615,221.42,222.85,1287472,Technology
2025-01-24,AMZN,234.87,236.385,232.94,234.835,727829,Technology
2025-01-24,AVGO,244.01,249.56,241.95,243.98,777508,Technology
2025-01-24,GOOGL,198.11,200.9,198.1,200.185,764876,Technology
2025-01-24,META,636.465,651.99,634.49,647.19,445172,Technology
2025-01-24,MSFT,445.5,446.61,441.46,443.96,392902,Technology
2025-01-24,NVDA,148.38,148.96,141.88,142.605,2835359,Technology
2025-01-27,AAPL,224.02,232.14,224.02,229.98,2657424,Technology
2025-01-27,AMZN,226.26,235.59,225.96,235.57,1817616,Technology
2025-01-27,AVGO,212.125,218.26,196.23,202.255,3530274,Technology
2025-01-27,GOOGL,192.44,196.865,190.73,191.97,1424420,Technology
2025-01-27,META,626.09,663.54,625.72,659.92,646137,Technology
2025-01-27,MSFT,424.11,435.19,423.66,434.625,915020,Technology
2025-01-27,NVDA,124.8,128.37,116.7,118.51,16790804,Technology
2025-01-28,AAPL,230.85,240.19,230.85,238.23,2008290,Technology
2025-01-28,AMZN,234.38,241.76,234.0,238.2,1835698,Technology
2025-01-28,AVGO,207.99,209.92,198.99,207.22,1313416,Technology
2025-01-28,GOOGL,192.745,195.48,190.74,195.27,841035,Technology
2025-01-28,META,666.0,682.405,659.62,674.09,493792,Technology
2025-01-28,MSFT,433.9,448.355,431.38,447.21,779706,Technology
2025-01-28,NVDA,121.81,128.99,116.26,128.81,12907879,Technology
2025-01-29,AAPL,234.15,239.85,234.05,239.315,1126638,Technology
2025-01-29,AMZN,239.015,240.36,236.16,237.05,1002067,Technology
2025-01-29,AVGO,208.28,211.36,202.91,206.43,1112457,Technology
2025-01-29,GOOGL,195.725,196.77,193.455,195.34,723321,Technology
2025-01-29,META,674.805,680.77,665.83,676.715,501622,Technology
2025-01-29,MSFT,446.75,446.835,440.45,441.89,565988,Technology
2025-01-29,NVDA,126.51,126.89,120.05,123.75,8372274,Technology
2025-01-30,AAPL,238.78,240.77,237.245,237.53,1419403,Technology
2025-01-30,AMZN,237.325,237.9,232.23,234.52,1138724,Technology
2025-01-30,AVGO,218.49,221.92,213.88,215.58,1695613,Technology
2025-01-30,GOOGL,198.15,201.37,197.67,200.83,1077614,Technology
2025-01-30,META,696.46,710.54,676.375,686.76,813995,Technology
2025-01-30,MSFT,418.415,422.76,413.28,414.82,1720660,Technology
2025-01-30,NVDA,123.07,124.96,118.1,124.91,10912660,Technology
2025-01-31,AAPL,247.125,247.19,233.45,235.96,2073352,Technology
2025-01-31,AMZN,236.61,240.275,236.61,237.65,1151423,Technology
2025-01-31,AVGO,219.44,226.77,216.37,221.22,1105981,Technology
2025-01-31,GOOGL,201.94,205.46,201.94,204.05,1359990,Technology
2025-01-31,META,692.22,705.19,685.77,689.19,450361,Technology
2025-01-31,MSFT,418.95,420.6,415.0,415.0,976370,Technology
2025-01-31,NVDA,123.81,127.85,119.19,120.035,7358114,Technology
2025-02-03,AAPL,229.98,231.82,225.7,227.92,2273201,Technology
2025-02-03,AMZN,234.05,239.22,232.93,237.46,1550070,Technology
2025-02-03,AVGO,215.405,220.88,213.585,217.68,769830,Technology
2025-02-03,GOOGL,200.65,203.74,200.175,201.28,1013285,Technology
2025-02-03,META,675.585,703.94,675.29,697.45,476771,Technology
2025-02-03,MSFT,411.6,415.36,408.72,410.995,888042,Technology
2025-02-03,NVDA,114.75,118.56,113.03,116.65,6752078,Technology
2025-02-04,AAPL,227.25,233.13,226.66,232.81,1318554,Technology
2025-02-04,AMZN,238.94,242.51,238.03,242.02,869939,Technology
2025-02-04,AVGO,219.175,222.91,215.47,222.45,945154,Technology
2025-02-04,GOOGL,203.26,207.0,202.82,206.23,1462966,Technology
2025-02-04,META,701.575,707.63,691.805,704.08,364541,Technology
2025-02-04,MSFT,411.89,413.86,409.795,412.21,536286,Technology
2025-02-04,NVDA,116.97,121.2,116.7,118.63,3782553,Technology
2025-02-05,AAPL,228.31,232.665,228.3,232.45,920706,Technology
2025-02-05,AMZN,236.775,238.25,235.21,236.11,1608196,Technology
2025-02-05,AVGO,233.585,237.915,227.57,232.17,999039,Technology
2025-02-05,GOOGL,191.22,192.7,188.05,191.49,2246500,Technology
2025-02-05,META,703.18,717.93,699.02,704.51,408455,Technology
2025-02-05,MSFT,411.51,413.7,410.47,413.265,446094,Technology
2025-02-05,NVDA,121.75,124.975,120.76,124.955,5073418,Technology
2025-02-06,AAPL,231.325,233.775,230.45,233.175,782002,Technology
2025-02-06,AMZN,238.14,239.57,236.02,238.78,1493612,Technology
2025-02-06,AVGO,234.04,234.04,228.59,231.28,515294,Technology
2025-02-06,GOOGL,189.2,192.09,188.73,191.53,965217,Technology
2025-02-06,META,705.79,718.83,703.745,712.01,440988,Technology
2025-02-06,MSFT,414.34,418.17,414.125,415.74,439620,Technology
2025-02-06,NVDA,127.37,128.77,125.21,128.68,3932811,Technology
2025-02-07,AAPL,232.405,234.0,227.27,227.68,927073,Technology
2025-02-07,AMZN,232.65,234.78,228.095,229.19,2708992,Technology
2025-02-07,AVGO,234.8,235.57,224.11,224.86,707524,Technology
2025-02-07,GOOGL,190.94,191.18,183.24,185.32,1484385,Technology
2025-02-07,META,716.795,724.92,711.865,714.33,425270,Technology
2025-02-07,MSFT,416.145,418.61,408.14,409.75,598502,Technology
2025-02-07,NVDA,129.13,130.37,127.6,129.885,4247572,Technology
2025-02-10,AAPL,229.58,230.58,227.205,227.66,734280,Technology
2025-02-10,AMZN,230.545,233.9,229.22,233.23,948969,Technology
2025-02-10,AVGO,227.485,235.79,227.18,235.03,725814,Technology
2025-02-10,GOOGL,187.32,188.18,185.88,186.39,821109,Technology
2025-02-10,META,718.39,721.035,711.72,717.14,288853,Technology
2025-02-10,MSFT,413.685,415.455,410.945,412.2,495128,Technology
2025-02-10,NVDA,130.015,134.99,129.995,133.5,2502834,Technology
2025-02-11,AAPL,228.2,235.225,228.2,232.59,1201805,Technology
2025-02-11,AMZN,231.765,233.44,230.14,232.77,753161,Technology
2025-02-11,AVGO,232.19,237.88,230.0,235.12,547938,Technology
2025-02-11,GOOGL,185.05,186.9,184.3,185.35,667898,Technology
2025-02-11,META,712.46,723.52,710.125,719.87,277794,Technology
2025-02-11,MSFT,409.565,412.49,409.365,411.5,266324,Technology
2025-02-11,NVDA,132.55,134.45,131.04,132.83,2137618,Technology
2025-02-12,AAPL,231.18,236.92,230.765,236.83,1238524,Technology
2025-02-12,AMZN,230.435,231.145,228.19,228.94,826255,Technology
2025-02-12,AVGO,230.1,236.48,230.085,236.34,500105,Technology
2025-02-12,GOOGL,183.41,185.04,181.83,183.57,810779,Technology
2025-02-12,META,715.3,727.05,712.8,725.2,297757,Technology
2025-02-12,MSFT,407.375,410.715,404.39,408.9,591021,Technology
2025-02-12,NVDA,130.01,132.23,129.11,131.1,1734951,Technology
2025-02-13,AAPL,236.97,242.33,235.6,241.49,1214691,Technology
2025-02-13,AMZN,228.79,230.42,227.53,230.32,1123130,Technology
2025-02-13,AVGO,235.51,236.95,230.94,235.73,598042,Technology
2025-02-13,GOOGL,184.22,186.28,183.15,186.12,600527,Technology
2025-02-13,META,721.575,728.94,718.21,728.47,326485,Technology
2025-02-13,MSFT,407.245,410.985,406.42,410.53,451882,Technology
2025-02-13,NVDA,131.51,136.5,131.17,135.25,2672708,Technology
2025-02-14,AAPL,241.21,245.41,241.21,244.6,1220858,Technology
2025-02-14,AMZN,229.195,229.765,227.24,228.64,822597,Technology
2025-02-14,AVGO,234.615,235.74,229.015,233.02,512541,Technology
2025-02-14,GOOGL,185.05,186.4,184.32,185.18,751104,Technology
2025-02-14,META,726.76,740.79,725.905,736.71,370448,Technology
2025-02-14,MSFT,407.72,408.83,405.92,408.33,547429,Technology
2025-02-14,NVDA,136.4,139.2,135.59,138.8,3264023,Technology
2025-02-18,AAPL,244.12,245.15,241.885,244.45,1233762,Technology
2025-02-18,AMZN,228.94,229.085,223.74,226.64,1439304,Technology
2025-02-18,AVGO,231.0,231.1,224.45,228.44,1153344,Technology
2025-02-18,GOOGL,185.57,185.9,181.75,183.74,958059,Technology
2025-02-18,META,736.34,736.72,706.57,716.37,550443,Technology
2025-02-18,MSFT,408.035,410.56,406.54,409.58,363578,Technology
2025-02-18,NVDA,141.24,143.425,137.93,139.38,3267899,Technology
2025-02-19,AAPL,244.67,246.0,243.18,244.9,714274,Technology
2025-02-19,AMZN,225.47,226.83,223.79,226.65,908458,Technology
2025-02-19,AVGO,227.8,229.025,224.47,228.745,413631,Technology
2025-02-19,GOOGL,184.18,185.46,183.59,185.26,629386,Technology
2025-02-19,META,704.3,706.955,695.42,703.51,345295,Technology
2025-02-19,MSFT,408.485,415.48,407.65,414.815,591677,Technology
2025-02-19,NVDA,139.505,141.34,137.22,139.245,1708580,Technology
2025-02-20,AAPL,244.925,246.66,244.31,245.84,930650,Technology
2025-02-20,AMZN,224.75,225.08,221.81,222.83,874609,Technology
2025-02-20,AVGO,228.34,228.82,222.79,226.78,355593,Technology
2025-02-20,GOOGL,184.71,185.28,182.78,184.59,630085,Technology
2025-02-20,META,697.345,705.53,693.74,694.93,410879,Technology
2025-02-20,MSFT,415.43,419.26,412.74,416.06,533906,Technology
2025-02-20,NVDA,140.1,140.51,136.81,140.09,2375557,Technology
2025-02-21,AAPL,245.91,248.69,245.23,245.68,1444119,Technology
2025-02-21,AMZN,223.3,223.3,214.765,216.63,1754848,Technology
2025-02-21,AVGO,225.55,227.635,216.83,218.62,635840,Technology
2025-02-21,GOOGL,185.16,185.27,179.1,179.665,1106202,Technology
2025-02-21,META,696.58,703.76,682.41,683.49,518044,Technology
2025-02-21,MSFT,417.55,417.98,407.965,408.27,537400,Technology
2025-02-21,NVDA,140.02,141.45,134.03,134.33,4089631,Technology
2025-02-24,AAPL,244.925,248.84,244.53,247.195,1414000,Technology
2025-02-24,AMZN,217.515,217.655,212.45,212.67,1330167,Technology
2025-02-24,AVGO,218.7,219.42,207.56,207.975,1535543,Technology
2025-02-24,GOOGL,182.13,183.065,178.89,179.31,1026548,Technology
2025-02-24,META,685.475,687.26,662.7,668.17,481098,Technology
2025-02-24,MSFT,408.945,409.33,399.4,404.09,676486,Technology
2025-02-24,NVDA,136.76,138.585,130.16,130.325,3473067,Technology
2025-02-25,AAPL,247.97,250.0,244.94,247.15,1758675,Technology
2025-02-25,AMZN,211.6,213.33,204.195,212.9,2496844,Technology
2025-02-25,AVGO,207.13,208.47,200.97,202.59,1257556,Technology
2025-02-25,GOOGL,178.19,178.715,174.715,175.48,1492806,Technology
2025-02-25,META,665.485,667.65,642.04,657.76,980804,Technology
2025-02-25,MSFT,401.2,401.86,396.75,398.17,1066512,Technology
2025-02-25,NVDA,129.96,130.2,124.49,126.52,6041492,Technology
2025-02-26,AAPL,244.3,244.935,239.13,240.38,1375162,Technology
2025-02-26,AMZN,214.865,218.1,213.1,214.35,1380593,Technology
2025-02-26,AVGO,206.91,213.53,206.11,213.0,756045,Technology
2025-02-26,GOOGL,175.08,176.07,171.6,172.73,1698104,Technology
2025-02-26,META,659.405,682.97,658.715,673.78,486105,Technology
2025-02-26,MSFT,397.72,403.57,394.26,399.775,481606,Technology
2025-02-26,NVDA,129.94,133.725,128.495,131.525,4179878,Technology
2025-02-27,AAPL,239.65,242.46,237.16,237.49,1530603,Technology
2025-02-27,AMZN,218.35,219.96,208.39,208.785,1819215,Technology
2025-02-27,AVGO,217.28,219.125,197.51,197.52,758490,Technology
2025-02-27,GOOGL,173.97,174.495,167.95,168.44,1593903,Technology
2025-02-27,META,683.6,688.59,657.645,657.9,332893,Technology
2025-02-27,MSFT,401.265,405.74,392.29,392.52,644416,Technology
2025-02-27,NVDA,135.0,135.0,120.05,120.245,7001324,Technology
2025-02-28,AAPL,237.055,242.08,234.68,241.37,1526227,Technology
2025-02-28,AMZN,208.75,212.62,207.0,212.09,1881771,Technology
2025-02-28,AVGO,195.96,201.02,193.3,199.33,1152100,Technology
2025-02-28,GOOGL,168.515,170.61,166.79,170.36,1422668,Technology
2025-02-28,META,658.5,669.63,642.855,667.84,590364,Technology
2025-02-28,MSFT,392.76,397.61,386.57,397.005,668791,Technology
2025-02-28,NVDA,118.05,125.02,116.42,124.995,5174741,Technology
2025-03-03,AAPL,241.8,244.01,236.15,238.095,1341972,Technology
2025-03-03,AMZN,213.275,214.0,202.56,205.075,1729039,Technology
2025-03-03,AVGO,203.83,203.92,184.59,187.435,1092047,Technology
2025-03-03,GOOGL,171.775,173.36,165.94,166.94,1627044,Technology
2025-03-03,META,673.865,681.25,651.21,654.6,285025,Technology
2025-03-03,MSFT,398.235,398.235,386.19,388.49,624200,Technology
2025-03-03,NVDA,123.51,123.69,112.31,114.06,6832918,Technology
2025-03-04,AAPL,238.12,240.045,234.7,236.03,1996015,Technology
2025-03-04,AMZN,200.07,206.8,197.46,203.85,2277871,Technology
2025-03-04,AVGO,189.28,193.95,180.56,187.69,1045017,Technology
2025-03-04,GOOGL,166.47,173.27,165.82,170.94,1693745,Technology
2025-03-04,META,645.51,649.655,623.74,639.73,840260,Technology
2025-03-04,MSFT,383.37,392.58,381.01,388.63,891894,Technology
2025-03-04,NVDA,110.68,119.31,110.12,115.92,7022319,Technology
2025-03-05,AAPL,235.69,236.53,229.24,235.65,1329895,Technology
2025-03-05,AMZN,204.67,209.95,203.26,208.27,1646556,Technology
2025-03-05,AVGO,191.625,194.08,187.13,191.47,659263,Technology
2025-03-05,GOOGL,170.44,173.75,169.07,173.02,1923814,Technology
2025-03-05,META,642.385,659.49,638.2,656.12,371904,Technology
2025-03-05,MSFT,389.015,401.645,388.88,400.685,931789,Technology
2025-03-05,NVDA,117.56,118.27,114.515,117.345,3478295,Technology
2025-03-06,AAPL,234.46,237.83,233.35,235.35,1877160,Technology
2025-03-06,AMZN,204.4,205.76,198.4,200.7,2191502,Technology
2025-03-06,AVGO,180.985,186.775,177.74,179.4,1659813,Technology
2025-03-06,GOOGL,170.78,174.8,170.605,172.33,1096022,Technology
2025-03-06,META,646.525,650.48,624.37,627.94,478448,Technology
2025-03-06,MSFT,394.11,402.11,393.3,396.92,932313,Technology
2025-03-06,NVDA,113.49,115.33,110.235,110.56,5454471,Technology
2025-03-07,AAPL,235.08,241.34,234.86,239.0,1889764,Technology
2025-03-07,AMZN,199.475,202.25,192.56,199.265,2640887,Technology
2025-03-07,AVGO,187.62,195.46,181.57,195.02,1891533,Technology
2025-03-07,GOOGL,171.37,174.95,170.28,173.81,1102667,Technology
2025-03-07,META,625.37,634.37,600.71,625.65,816566,Technology
2025-03-07,MSFT,392.44,394.77,385.58,393.38,669859,Technology
2025-03-07,NVDA,111.185,113.48,107.57,112.71,4730053,Technology
2025-03-10,AAPL,235.58,236.15,224.23,227.57,2751093,Technology
2025-03-10,AMZN,195.61,196.68,190.85,194.62,3022243,Technology
2025-03-10,AVGO,189.5,191.94,180.49,184.6,1656688,Technology
2025-03-10,GOOGL,168.17,168.45,163.69,165.9,1886643,Technology
2025-03-10,META,609.05,610.0,587.075,598.22,865637,Technology
2025-03-10,MSFT,385.84,386.36,377.22,380.18,1140743,Technology
2025-03-10,NVDA,109.89,111.83,105.465,107.015,5584708,Technology
2025-03-11,AAPL,223.65,225.825,217.48,220.92,2426827,Technology
2025-03-11,AMZN,193.945,200.085,193.43,196.5,2236137,Technology
2025-03-11,AVGO,188.13,195.525,185.415,190.08,1262242,Technology
2025-03-11,GOOGL,164.9,166.73,161.37,164.04,1146224,Technology
2025-03-11,META,595.33,614.67,595.33,605.49,542823,Technology
2025-03-11,MSFT,379.155,385.95,376.935,380.31,823758,Technology
2025-03-11,NVDA,107.0,112.215,104.79,108.7,4864065,Technology
2025-03-12,AAPL,220.18,221.73,214.93,216.945,2059190,Technology
2025-03-12,AMZN,200.74,201.5,195.32,198.83,1788004,Technology
2025-03-12,AVGO,196.215,199.97,192.5,194.1,931599,Technology
2025-03-12,GOOGL,166.575,167.63,163.56,167.04,778648,Technology
2025-03-12,META,629.305,633.2,609.52,619.34,518817,Technology
2025-03-12,MSFT,382.95,385.15,379.0,383.31,730929,Technology
2025-03-12,NVDA,114.1,116.755,112.88,115.705,3282611,Technology
2025-03-13,AAPL,215.96,216.795,208.445,209.69,2174496,Technology
2025-03-13,AMZN,198.15,198.87,191.84,193.92,1846463,Technology
2025-03-13,AVGO,193.24,196.27,189.465,191.42,977339,Technology
2025-03-13,GOOGL,166.085,166.085,162.14,162.75,761211,Technology
2025-03-13,META,619.22,619.35,586.59,590.7,422856,Technology
2025-03-13,MSFT,382.99,385.22,377.5,378.83,570517,Technology
2025-03-13,NVDA,117.005,117.755,113.8,115.74,3505293,Technology
2025-03-14,AAPL,211.29,213.87,209.585,213.36,1460667,Technology
2025-03-14,AMZN,197.385,198.555,195.35,198.14,1420376,Technology
2025-03-14,AVGO,196.2,197.49,193.33,195.5,874574,Technology
2025-03-14,GOOGL,163.16,165.925,162.55,165.42,2041878,Technology
2025-03-14,META,602.76,608.83,595.37,607.65,415649,Technology
2025-03-14,MSFT,379.775,389.685,379.66,388.34,500333,Technology
2025-03-14,NVDA,118.59,121.88,118.185,121.54,4647080,Technology
2025-03-17,AAPL,213.31,215.18,209.98,214.17,1598394,Technology
2025-03-17,AMZN,198.87,198.94,194.335,195.79,1661146,Technology
2025-03-17,AVGO,187.94,196.68,187.94,194.59,672212,Technology
2025-03-17,GOOGL,165.26,166.3,163.71,164.24,1185859,Technology
2025-03-17,META,607.2,612.75,598.2,605.22,568007,Technology
2025-03-17,MSFT,386.12,392.665,385.67,388.81,423613,Technology
2025-03-17,NVDA,122.74,122.87,118.03,119.625,3833610,Technology
2025-03-18,AAPL,214.12,215.13,211.5,212.79,1267492,Technology
2025-03-18,AMZN,192.485,193.91,189.4,192.9,1580624,Technology
2025-03-18,AVGO,190.515,192.84,186.94,188.74,718672,Technology
2025-03-18,GOOGL,163.67,164.24,156.73,160.66,1652811,Technology
2025-03-18,META,600.025,600.05,574.68,582.36,681818,Technology
2025-03-18,MSFT,387.28,387.28,381.175,383.55,614440,Technology
2025-03-18,NVDA,118.025,119.0,114.545,115.555,4792111,Technology
2025-03-19,AAPL,214.21,218.68,213.75,215.32,1228741,Technology
2025-03-19,AMZN,193.315,195.935,191.975,195.53,1362105,Technology
2025-03-19,AVGO,189.345,198.21,186.92,195.51,794312,Technology
2025-03-19,GOOGL,161.82,165.87,161.01,163.92,1003875,Technology
2025-03-19,META,584.5,592.12,574.89,584.09,625357,Technology
2025-03-19,MSFT,385.0,389.54,384.02,387.87,351023,Technology
2025-03-19,NVDA,117.305,120.44,115.69,117.53,4431361,Technology
2025-03-20,AAPL,213.955,217.44,212.22,214.13,1098248,Technology
2025-03-20,AMZN,192.75,199.28,192.325,194.97,1325940,Technology
2025-03-20,AVGO,191.62,193.76,188.96,190.51,708459,Technology
2025-03-20,GOOGL,161.58,164.88,160.98,162.84,908996,Technology
2025-03-20,META,581.92,609.97,580.22,585.385,569913,Technology
2025-03-20,MSFT,384.92,391.77,383.28,386.8,393229,Technology
2025-03-20,NVDA,116.48,120.19,116.47,118.5,2575320,Technology
2025-03-21,AAPL,211.66,218.84,211.55,218.22,1506309,Technology
2025-03-21,AMZN,192.705,196.75,192.57,196.16,1137824,Technology
2025-03-21,AVGO,188.14,192.01,187.435,191.53,476314,Technology
2025-03-21,GOOGL,161.05,164.22,160.92,164.07,674581,Technology
2025-03-21,META,583.25,597.5,581.275,596.275,353819,Technology
2025-03-21,MSFT,383.215,391.73,382.94,391.19,510378,Technology
2025-03-21,NVDA,116.9,117.98,115.43,117.68,3932365,Technology
2025-03-24,AAPL,221.0,221.03,218.68,220.34,1325290,Technology
2025-03-24,AMZN,200.16,203.55,200.16,203.04,1286092,Technology
2025-03-24,AVGO,194.59,196.65,190.7,191.13,1117062,Technology
2025-03-24,GOOGL,167.04,167.89,165.175,167.6,911872,Technology
2025-03-24,META,614.34,622.51,612.62,618.46,399246,Technology
2025-03-24,MSFT,395.29,395.29,389.88,392.6,535214,Technology
2025-03-24,NVDA,119.89,122.22,119.36,121.24,3182721,Technology
2025-03-25,AAPL,220.83,224.095,220.09,223.72,986365,Technology
2025-03-25,AMZN,203.605,206.2,203.235,205.73,1190428,Technology
2025-03-25,AVGO,190.31,191.55,187.69,188.265,946479,Technology
2025-03-25,GOOGL,168.9,170.63,168.335,170.55,802040,Technology
2025-03-25,META,627.15,633.79,621.45,626.17,350742,Technology
2025-03-25,MSFT,393.77,396.12,392.765,395.15,361797,Technology
2025-03-25,NVDA,120.565,121.29,118.93,120.66,2855458,Technology
2025-03-26,AAPL,223.51,225.005,220.52,221.4,1139694,Technology
2025-03-26,AMZN,205.95,206.01,199.94,201.1,1477856,Technology
2025-03-26,AVGO,187.075,188.05,177.59,179.2,1076659,Technology
2025-03-26,GOOGL,168.99,169.58,164.85,165.11,885414,Technology
2025-03-26,META,624.86,626.59,606.835,610.86,369286,Technology
2025-03-26,MSFT,395.07,395.28,388.6,389.83,447072,Technology
2025-03-26,NVDA,118.755,118.82,112.72,113.715,6207680,Technology
2025-03-27,AAPL,221.4,224.99,220.58,223.74,1032394,Technology
2025-03-27,AMZN,200.82,203.775,199.32,201.41,935426,Technology
2025-03-27,AVGO,177.675,178.21,170.515,171.84,1083779,Technology
2025-03-27,GOOGL,164.8,165.39,162.0,162.22,804039,Technology
2025-03-27,META,601.76,614.01,600.11,602.51,272931,Technology
2025-03-27,MSFT,390.01,392.22,387.485,390.61,409120,Technology
2025-03-27,NVDA,111.36,114.44,110.68,111.41,4145787,Technology
2025-03-28,AAPL,221.665,223.8,217.7,217.82,1154636,Technology
2025-03-28,AMZN,198.415,199.225,191.89,192.62,2123368,Technology
2025-03-28,AVGO,171.925,173.25,166.49,169.07,659177,Technology
2025-03-28,GOOGL,160.5,161.81,153.635,154.37,1699721,Technology
2025-03-28,META,600.445,601.315,573.955,576.79,580212,Technology
2025-03-28,MSFT,388.19,389.02,376.985,378.77,567820,Technology
2025-03-28,NVDA,111.49,112.85,109.085,109.63,3412878,Technology
2025-03-31,AAPL,217.16,224.11,216.25,222.065,2048529,Technology
2025-03-31,AMZN,188.11,191.31,184.64,190.28,2429655,Technology
2025-03-31,AVGO,164.485,167.94,160.62,167.4,981043,Technology
2025-03-31,GOOGL,153.285,155.42,150.68,154.55,1680419,Technology
2025-03-31,META,563.135,578.68,553.44,576.44,463214,Technology
2025-03-31,MSFT,372.61,377.05,367.28,375.03,1107106,Technology
2025-03-31,NVDA,105.13,108.95,103.66,108.525,5633283,Technology
2025-04-01,AAPL,219.75,223.48,218.91,223.2,1236713,Technology
2025-04-01,AMZN,187.94,193.91,187.32,192.15,1722473,Technology
2025-04-01,AVGO,166.155,168.69,163.54,168.46,655854,Technology
2025-04-01,GOOGL,153.805,158.08,153.805,157.02,1302066,Technology
2025-04-01,META,570.695,589.885,570.155,585.87,350446,Technology
2025-04-01,MSFT,374.655,382.805,373.38,382.08,639906,Technology
2025-04-01,NVDA,108.52,110.19,106.48,110.14,3953520,Technology
2025-04-02,AAPL,221.315,225.17,221.14,223.8,1160708,Technology
2025-04-02,AMZN,187.8,198.31,187.8,196.07,1945633,Technology
2025-04-02,AVGO,166.115,173.415,165.61,172.08,602161,Technology
2025-04-02,GOOGL,154.82,158.395,154.72,156.93,959936,Technology
2025-04-02,META,574.42,592.59,573.69,584.02,393904,Technology
2025-04-02,MSFT,378.235,385.045,376.69,381.98,516992,Technology
2025-04-02,NVDA,107.28,111.97,106.8,110.31,2857105,Technology
2025-04-03,AAPL,205.575,207.425,201.255,203.01,3169742,Technology
2025-04-03,AMZN,182.9,184.09,176.935,178.41,3920536,Technology
2025-04-03,AVGO,160.645,163.38,153.71,154.0,1493892,Technology
2025-04-03,GOOGL,151.05,152.76,150.41,150.74,1856308,Technology
2025-04-03,META,545.97,552.465,530.3,531.76,1102226,Technology
2025-04-03,MSFT,374.605,377.46,369.41,372.99,1013776,Technology
2025-04-03,NVDA,103.51,105.63,101.6,101.78,6497128,Technology
2025-04-04,AAPL,193.925,199.87,187.37,188.5,4381706,Technology
2025-04-04,AMZN,167.125,178.13,166.055,171.28,4823878,Technology
2025-04-04,AVGO,148.25,152.665,139.19,146.31,1934889,Technology
2025-04-04,GOOGL,148.175,151.06,145.39,145.66,2468632,Technology
2025-04-04,META,506.84,517.98,494.24,504.88,1200608,Technology
2025-04-04,MSFT,363.99,374.5,359.555,359.81,1473366,Technology
2025-04-04,NVDA,98.87,100.105,92.11,94.28,8030650,Technology
2025-04-07,AAPL,177.31,194.11,174.64,181.58,6095672,Technology
2025-04-07,AMZN,161.84,183.335,161.4,175.235,4429673,Technology
2025-04-07,AVGO,144.49,160.345,138.11,154.12,1880074,Technology
2025-04-07,GOOGL,141.55,152.74,140.61,146.58,3145441,Technology
2025-04-07,META,484.205,538.96,481.99,515.92,1310579,Technology
2025-04-07,MSFT,350.36,370.58,344.895,358.05,1475358,Technology
2025-04-07,NVDA,87.53,101.75,86.62,97.62,8904256,Technology
2025-04-08,AAPL,186.7,190.31,169.255,172.8,4563523,Technology
2025-04-08,AMZN,185.04,185.845,168.695,170.97,3361399,Technology
2025-04-08,AVGO,167.625,169.68,153.11,156.16,1886081,Technology
2025-04-08,GOOGL,151.2,152.23,143.06,144.72,1812681,Technology
2025-04-08,META,543.2,546.88,503.17,510.72,771052,Technology
2025-04-08,MSFT,368.255,373.595,350.41,355.41,1127586,Technology
2025-04-08,NVDA,103.84,105.845,94.485,96.41,6613619,Technology
2025-04-09,AAPL,172.18,200.57,171.93,198.46,7012998,Technology
2025-04-09,AMZN,171.875,192.64,169.96,190.81,4565578,Technology
2025-04-09,AVGO,160.015,187.27,157.545,184.77,2169001,Technology
2025-04-09,GOOGL,144.35,159.55,143.935,158.73,2670514,Technology
2025-04-09,META,508.72,587.88,502.675,585.32,1071260,Technology
2025-04-09,MSFT,353.1,393.13,353.1,389.88,1299161,Technology
2025-04-09,NVDA,98.88,115.09,97.72,114.21,8146151,Technology
2025-04-10,AAPL,189.065,194.75,183.06,190.63,4357948,Technology
2025-04-10,AMZN,185.53,186.83,175.89,181.07,2949285,Technology
2025-04-10,AVGO,175.38,176.905,166.4,172.305,1889914,Technology
2025-04-10,GOOGL,156.545,157.62,149.95,152.81,2503465,Technology
2025-04-10,META,575.635,580.975,535.595,546.15,837637,Technology
2025-04-10,MSFT,382.06,383.75,367.88,381.15,945018,Technology
2025-04-10,NVDA,109.34,110.86,103.02,107.67,6749690,Technology
2025-04-11,AAPL,186.21,199.49,186.21,198.15,2993809,Technology
2025-04-11,AMZN,179.93,185.79,178.0,184.7,2047952,Technology
2025-04-11,AVGO,173.98,182.65,173.435,181.81,1284255,Technology
2025-04-11,GOOGL,153.05,157.55,153.05,156.94,1466739,Technology
2025-04-11,META,535.45,546.805,529.12,543.3,558135,Technology
2025-04-11,MSFT,380.77,389.98,379.045,388.16,627150,Technology
2025-04-11,NVDA,108.59,111.48,107.5,110.765,4245442,Technology
2025-04-14,AAPL,211.44,212.87,201.215,202.61,3298316,Technology
2025-04-14,AMZN,186.99,187.32,179.25,182.14,2246367,Technology
2025-04-14,AVGO,185.16,185.95,175.875,178.32,855249,Technology
2025-04-14,GOOGL,160.05,161.71,157.57,159.09,1363056,Technology
2025-04-14,META,555.96,557.47,528.305,531.71,397997,Technology
2025-04-14,MSFT,392.72,394.56,384.26,388.05,530906,Technology
2025-04-14,NVDA,114.145,114.29,109.09,110.71,3748071,Technology
2025-04-15,AAPL,202.01,203.5,199.83,202.14,1578400,Technology
2025-04-15,AMZN,181.475,182.35,177.96,179.5,1562195,Technology
2025-04-15,AVGO,179.98,182.24,178.1,178.81,507327,Technology
2025-04-15,GOOGL,159.06,159.6,155.21,156.32,1748127,Technology
2025-04-15,META,532.105,537.81,517.66,521.23,383693,Technology
2025-04-15,MSFT,388.27,391.79,384.21,385.59,542969,Technology
2025-04-15,NVDA,110.97,113.61,110.52,112.12,2745361,Technology
2025-04-16,AAPL,198.36,200.54,192.38,194.27,1813064,Technology
2025-04-16,AMZN,176.395,179.07,171.43,174.385,2121532,Technology
2025-04-16,AVGO,170.34,175.98,166.95,174.59,928058,Technology
2025-04-16,GOOGL,153.1,155.85,151.55,153.38,1019645,Technology
2025-04-16,META,507.62,513.18,495.71,502.32,487418,Technology
2025-04-16,MSFT,380.65,381.42,368.25,371.53,605030,Technology
2025-04-16,NVDA,104.495,106.78,100.45,104.52,5607221,Technology
2025-04-17,AAPL,197.19,198.82,194.53,196.89,1314801,Technology
2025-04-17,AMZN,176.1,176.11,172.0,172.63,1855761,Technology
2025-04-17,AVGO,175.705,175.82,170.005,170.88,581342,Technology
2025-04-17,GOOGL,154.135,154.665,148.53,151.16,1259884,Technology
2025-04-17,META,504.915,507.3,498.17,501.45,416428,Technology
2025-04-17,MSFT,373.615,374.25,366.92,367.61,682451,Technology
2025-04-17,NVDA,104.455,104.455,100.06,101.4,4057796,Technology
2025-04-21,AAPL,193.11,193.8,189.86,193.25,1282577,Technology
2025-04-21,AMZN,169.495,169.55,165.29,167.35,2095026,Technology
2025-04-21,AVGO,166.82,167.835,161.7,166.26,538165,Technology
2025-04-21,GOOGL,148.88,148.915,146.1,147.63,821755,Technology
2025-04-21,META,491.335,493.11,479.95,484.51,464516,Technology
2025-04-21,MSFT,363.045,364.33,355.75,359.06,610410,Technology
2025-04-21,NVDA,98.74,99.4,95.04,96.77,3151406,Technology
2025-04-22,AAPL,196.12,201.55,196.035,199.56,1376819,Technology
2025-04-22,AMZN,169.895,176.76,169.415,173.13,3103852,Technology
2025-04-22,AVGO,167.565,170.39,165.33,169.39,529997,Technology
2025-04-22,GOOGL,148.89,152.185,148.63,151.44,1117992,Technology
2025-04-22,META,491.65,506.76,486.43,499.88,443255,Technology
2025-04-22,MSFT,363.375,367.73,360.06,366.66,637798,Technology
2025-04-22,NVDA,98.77,99.805,97.285,98.865,3422641,Technology
2025-04-23,AAPL,206.0,207.94,202.83,204.33,1708419,Technology
2025-04-23,AMZN,183.37,187.355,180.195,180.55,2798739,Technology
2025-04-23,AVGO,177.78,180.42,175.9,176.62,612121,Technology
2025-04-23,GOOGL,155.565,157.515,153.81,155.415,1172198,Technology
2025-04-23,META,528.46,535.23,516.6,519.78,495081,Technology
2025-04-23,MSFT,376.22,380.31,373.02,373.9,671821,Technology
2025-04-23,NVDA,104.52,104.8,102.02,102.495,3880014,Technology
2025-04-24,AAPL,205.05,208.8,202.965,208.2,1120255,Technology
2025-04-24,AMZN,180.915,186.72,180.18,186.49,1377778,Technology
2025-04-24,AVGO,179.595,188.55,178.42,188.11,978049,Technology
2025-04-24,GOOGL,156.15,159.59,155.825,159.035,1464925,Technology
2025-04-24,META,519.27,533.82,517.67,532.98,278202,Technology
2025-04-24,MSFT,375.71,388.45,375.355,387.25,455157,Technology
2025-04-24,NVDA,103.48,106.535,103.13,106.38,2667787,Technology
2025-04-25,AAPL,206.44,209.43,206.44,209.18,964315,Technology
2025-04-25,AMZN,187.7,189.94,185.51,188.945,1646722,Technology
2025-04-25,AVGO,186.92,193.36,186.92,192.245,553131,Technology
2025-04-25,GOOGL,165.065,166.08,161.07,161.87,1354959,Technology
2025-04-25,META,546.66,549.735,536.35,546.97,474537,Technology
2025-04-25,MSFT,387.265,392.14,384.6,391.81,423852,Technology
2025-04-25,NVDA,106.87,111.915,105.76,110.92,4031722,Technology
2025-04-28,AAPL,210.0,211.48,207.48,210.08,831002,Technology
2025-04-28,AMZN,190.1,190.16,184.885,187.69,913868,Technology
2025-04-28,AVGO,190.63,193.085,187.73,192.43,426091,Technology
2025-04-28,GOOGL,162.425,163.06,158.62,160.62,1295020,Technology
2025-04-28,META,555.545,558.275,540.66,549.685,366233,Technology
2025-04-28,MSFT,391.955,392.74,386.73,391.15,385868,Technology
2025-04-28,NVDA,109.69,110.36,106.02,108.72,2694490,Technology
2025-04-29,AAPL,208.68,212.11,208.39,211.22,819139,Technology
2025-04-29,AMZN,184.06,188.0,183.69,187.4,1343284,Technology
2025-04-29,AVGO,191.845,193.18,190.17,191.23,541035,Technology
2025-04-29,GOOGL,160.5,160.71,157.535,160.11,1165319,Technology
2025-04-29,META,545.23,556.535,544.43,554.55,287003,Technology
2025-04-29,MSFT,391.5,395.0,390.645,394.04,311746,Technology
2025-04-29,NVDA,107.66,110.12,107.45,108.91,1816155,Technology
2025-04-30,AAPL,209.32,213.51,206.68,212.305,939883,Technology
2025-04-30,AMZN,182.09,185.03,178.85,184.1,1546820,Technology
2025-04-30,AVGO,185.895,193.15,184.08,192.31,367616,Technology
2025-04-30,GOOGL,157.975,159.27,155.43,158.79,993362,Technology
2025-04-30,META,538.13,548.94,529.805,546.55,518577,Technology
2025-04-30,MSFT,390.065,396.61,384.65,394.04,637076,Technology
2025-04-30,NVDA,104.475,108.88,104.095,108.79,2566232,Technology
2025-05-01,AAPL,208.98,214.515,208.98,213.03,1451254,Technology
2025-05-01,AMZN,190.81,191.8,187.5,189.79,2127274,Technology
2025-05-01,AVGO,198.02,201.36,196.27,197.29,782335,Technology
2025-05-01,GOOGL,160.97,161.94,158.98,161.24,1042380,Technology
2025-05-01,META,592.075,592.55,570.81,571.99,700929,Technology
2025-05-01,MSFT,431.3,436.82,424.95,425.22,2100507,Technology
2025-05-01,NVDA,113.1,114.935,111.33,111.545,4008371,Technology
2025-05-02,AAPL,206.145,206.99,202.19,205.31,2839089,Technology
2025-05-02,AMZN,191.47,192.88,186.4,189.83,2251715,Technology
2025-05-02,AVGO,203.45,205.56,201.13,203.64,433825,Technology
2025-05-02,GOOGL,163.405,164.96,161.88,164.02,770087,Technology
2025-05-02,META,583.43,604.33,578.41,597.3,580139,Technology
2025-05-02,MSFT,432.485,439.4,430.0,435.22,755151,Technology
2025-05-02,NVDA,114.17,115.39,113.38,114.44,2806225,Technology
2025-05-05,AAPL,203.09,204.04,198.225,198.86,1924516,Technology
2025-05-05,AMZN,186.53,188.15,185.61,186.33,1086249,Technology
2025-05-05,AVGO,200.215,203.1,200.215,200.69,255278,Technology
2025-05-05,GOOGL,163.0,165.37,162.72,164.29,533801,Technology
2025-05-05,META,590.34,603.06,588.245,599.28,466169,Technology
2025-05-05,MSFT,432.88,439.485,432.18,436.29,436460,Technology
2025-05-05,NVDA,112.88,114.655,112.67,113.78,1844171,Technology
2025-05-06,AAPL,198.21,200.62,197.36,198.445,1086206,Technology
2025-05-06,AMZN,184.6,187.93,183.9,185.04,820142,Technology
2025-05-06,AVGO,196.44,201.91,195.95,200.13,410088,Technology
2025-05-06,GOOGL,162.14,164.79,161.21,163.18,605573,Technology
2025-05-06,META,592.525,595.725,586.73,587.02,256299,Technology
2025-05-06,MSFT,431.75,437.43,431.18,433.325,318152,Technology
2025-05-06,NVDA,111.48,114.74,110.83,113.455,2082813,Technology
2025-05-07,AAPL,199.205,199.4,193.26,196.25,1471338,Technology
2025-05-07,AMZN,185.54,190.97,185.01,188.71,1403606,Technology
2025-05-07,AVGO,199.285,206.165,198.48,204.93,448595,Technology
2025-05-07,GOOGL,164.115,164.985,147.85,151.34,4741459,Technology
2025-05-07,META,590.36,603.075,586.95,596.79,307653,Technology
2025-05-07,MSFT,433.63,438.08,431.19,433.15,537829,Technology
2025-05-07,NVDA,113.04,117.65,112.29,117.015,3444521,Technology
2025-05-08,AAPL,197.75,200.05,194.69,197.45,1416316,Technology
2025-05-08,AMZN,191.47,194.31,188.91,192.125,1052410,Technology
2025-05-08,AVGO,207.69,211.1,203.75,207.71,417715,Technology
2025-05-08,GOOGL,154.735,155.93,152.96,154.26,2131291,Technology
2025-05-08,META,606.135,610.3,596.73,597.77,437490,Technology
2025-05-08,MSFT,437.74,443.635,436.035,438.38,481728,Technology
2025-05-08,NVDA,118.49,118.665,115.875,117.365,2526801,Technology
2025-05-09,AAPL,198.975,200.52,197.54,198.49,767906,Technology
2025-05-09,AMZN,193.23,194.68,191.18,193.04,798750,Technology
2025-05-09,AVGO,209.33,209.85,206.55,208.09,292512,Technology
2025-05-09,GOOGL,154.07,155.03,152.22,152.75,1065269,Technology
2025-05-09,META,603.545,606.73,591.8,592.43,310826,Technology
2025-05-09,MSFT,439.95,440.39,435.945,438.62,370874,Technology
2025-05-09,NVDA,117.4,118.23,115.22,116.61,1829396,Technology
2025-05-12,AAPL,210.985,211.23,206.75,210.8,1348910,Technology
2025-05-12,AMZN,210.62,211.61,205.78,208.66,2588103,Technology
2025-05-12,AVGO,219.67,221.73,215.96,221.5,556567,Technology
2025-05-12,GOOGL,157.49,159.09,156.25,158.49,1437109,Technology
2025-05-12,META,630.795,640.37,621.445,639.56,502070,Technology
2025-05-12,MSFT,445.93,449.17,440.0,449.15,522632,Technology
2025-05-12,NVDA,121.965,123.0,120.3,122.985,3287098,Technology
2025-05-13,AAPL,210.435,213.38,209.16,212.89,1089189,Technology
2025-05-13,AMZN,211.03,214.83,210.125,211.18,1952512,Technology
2025-05-13,AVGO,222.88,235.19,222.21,232.31,771755,Technology
2025-05-13,GOOGL,158.765,160.57,156.17,159.5,1472014,Technology
2025-05-13,META,645.545,660.455,643.27,656.11,590441,Technology
2025-05-13,MSFT,447.655,450.53,445.37,449.19,426649,Technology
2025-05-13,NVDA,124.96,131.215,124.485,129.83,3688220,Technology
2025-05-14,AAPL,212.34,213.92,210.6,212.3,1020697,Technology
2025-05-14,AMZN,211.39,211.88,209.25,210.18,985626,Technology
2025-05-14,AVGO,230.32,233.335,228.39,232.11,683194,Technology
2025-05-14,GOOGL,159.965,167.0,159.63,165.28,1787718,Technology
2025-05-14,META,661.205,662.2,654.5,659.24,241236,Technology
2025-05-14,MSFT,448.14,453.86,448.14,452.855,460418,Technology
2025-05-14,NVDA,133.17,135.43,131.69,135.35,4170364,Technology
2025-05-15,AAPL,211.05,212.96,209.55,211.33,1104460,Technology
2025-05-15,AMZN,206.54,206.7,202.75,205.2,1687448,Technology
2025-05-15,AVGO,230.16,234.41,228.11,232.485,525160,Technology
2025-05-15,GOOGL,165.95,166.205,162.395,163.99,1140671,Technology
2025-05-15,META,654.525,657.2,639.035,643.49,457110,Technology
2025-05-15,MSFT,450.62,456.16,450.555,452.84,522487,Technology
2025-05-15,NVDA,134.3,136.29,132.67,134.91,2264944,Technology
2025-05-16,AAPL,212.36,212.42,209.79,211.21,744422,Technology
2025-05-16,AMZN,206.35,206.42,204.39,205.63,1171363,Technology
2025-05-16,AVGO,232.03,232.03,226.4,228.565,704780,Technology
2025-05-16,GOOGL,167.725,169.33,165.66,166.21,1190891,Technology
2025-05-16,META,637.755,640.38,626.39,640.34,387321,Technology
2025-05-16,MSFT,452.52,454.32,448.73,454.305,584665,Technology
2025-05-16,NVDA,136.2,136.29,133.54,135.31,2156082,Technology
2025-05-19,AAPL,207.99,209.47,204.29,208.75,1223105,Technology
2025-05-19,AMZN,201.81,206.61,201.29,206.24,898166,Technology
2025-05-19,AVGO,221.91,231.16,221.74,230.705,450983,Technology
2025-05-19,GOOGL,164.565,166.63,164.23,166.6,887810,Technology
2025-05-19,META,628.23,642.85,627.985,640.84,212293,Technology
2025-05-19,MSFT,450.9,459.55,450.9,458.735,500835,Technology
2025-05-19,NVDA,132.54,135.87,132.49,135.6,1713501,Technology
2025-05-20,AAPL,207.85,208.465,205.04,206.87,1178321,Technology
2025-05-20,AMZN,204.69,205.57,202.71,204.11,752422,Technology
2025-05-20,AVGO,227.49,231.74,227.055,231.7,279251,Technology
2025-05-20,GOOGL,166.48,168.49,162.92,163.98,2198904,Technology
2025-05-20,META,635.85,639.21,632.5,637.22,198931,Technology
2025-05-20,MSFT,455.48,458.28,454.37,458.2,414106,Technology
2025-05-20,NVDA,134.31,134.55,132.655,134.41,1176871,Technology
2025-05-21,AAPL,205.24,207.03,200.75,202.24,1639501,Technology
2025-05-21,AMZN,201.61,203.44,200.11,201.14,1331731,Technology
2025-05-21,AVGO,228.58,236.48,227.88,229.75,285977,Technology
2025-05-21,GOOGL,163.67,173.12,163.67,168.57,2096923,Technology
2025-05-21,META,632.785,646.25,630.39,635.37,278456,Technology
2025-05-21,MSFT,454.745,457.73,451.94,452.45,630469,Technology
2025-05-21,NVDA,133.05,137.395,130.605,131.81,2555982,Technology
2025-05-22,AAPL,200.715,202.65,199.71,201.37,1380855,Technology
2025-05-22,AMZN,201.44,205.75,200.175,203.02,1344812,Technology
2025-05-22,AVGO,228.535,233.655,227.51,230.42,342149,Technology
2025-05-22,GOOGL,171.835,176.76,170.74,170.85,2488259,Technology
2025-05-22,META,634.03,643.02,630.81,636.87,252767,Technology
2025-05-22,MSFT,454.38,460.23,453.95,454.9,518117,Technology
2025-05-22,NVDA,132.195,134.25,131.58,132.9,1968448,Technology
2025-05-23,AAPL,193.75,197.69,193.49,195.3,2131818,Technology
2025-05-23,AMZN,198.95,202.35,197.87,201.085,1107360,Technology
2025-05-23,AVGO,226.77,230.645,226.48,228.65,420516,Technology
2025-05-23,GOOGL,169.175,169.95,167.9,168.48,1298361,Technology
2025-05-23,META,624.205,632.34,622.95,626.72,180616,Technology
2025-05-23,MSFT,449.865,453.64,448.94,450.4,397930,Technology
2025-05-23,NVDA,129.91,132.66,129.18,131.3,1644584,Technology
2025-05-27,AAPL,198.46,200.725,197.435,200.28,1290367,Technology
2025-05-27,AMZN,203.085,206.675,202.2,206.0,1034157,Technology
2025-05-27,AVGO,232.76,236.45,231.25,235.59,388473,Technology
2025-05-27,GOOGL,170.15,173.14,170.15,172.88,974639,Technology
2025-05-27,META,635.98,642.835,632.95,642.05,277294,Technology
2025-05-27,MSFT,456.435,460.825,456.23,460.335,568121,Technology
2025-05-27,NVDA,134.14,135.65,133.33,135.495,2694451,Technology
2025-05-28,AAPL,200.7,202.72,199.9,200.47,617957,Technology
2025-05-28,AMZN,205.95,207.65,204.43,204.76,984777,Technology
2025-05-28,AVGO,237.17,240.98,234.455,239.53,471169,Technology
2025-05-28,GOOGL,173.13,175.265,171.915,172.39,692699,Technology
2025-05-28,META,643.88,650.77,642.71,643.73,226652,Technology
2025-05-28,MSFT,461.22,462.5,456.98,457.65,458693,Technology
2025-05-28,NVDA,136.03,137.245,134.8,134.83,4127199,Technology
2025-05-29,AAPL,203.58,203.72,198.56,199.94,1210966,Technology
2025-05-29,AMZN,208.085,208.8,204.29,205.7,1161445,Technology
2025-05-29,AVGO,245.755,245.83,237.4,241.985,602441,Technology
2025-05-29,GOOGL,174.06,174.35,170.63,171.865,816040,Technology
2025-05-29,META,650.775,653.25,640.08,644.96,249988,Technology
2025-05-29,MSFT,461.155,461.715,455.4,458.6,415148,Technology
2025-05-29,NVDA,142.245,143.48,137.91,139.18,4365352,Technology
2025-05-30,AAPL,199.345,201.95,196.82,200.64,1240825,Technology
2025-05-30,AMZN,204.84,205.93,201.7,204.775,967948,Technology
2025-05-30,AVGO,241.22,243.155,235.01,242.2,501517,Technology
2025-05-30,GOOGL,171.36,172.2,167.455,171.63,958764,Technology
2025-05-30,META,642.5,649.335,632.92,647.53,523812,Technology
2025-05-30,MSFT,459.465,461.63,455.62,459.97,440520,Technology
2025-05-30,NVDA,138.715,139.61,132.925,134.89,3556052,Technology
2025-06-02,AAPL,200.21,202.08,200.13,201.685,839441,Technology
2025-06-02,AMZN,204.865,207.0,202.68,206.69,1090952,Technology
2025-06-02,AVGO,243.305,249.98,243.275,248.565,491033,Technology
2025-06-02,GOOGL,168.39,169.83,167.46,169.005,934250,Technology
2025-06-02,META,644.98,673.22,644.97,671.15,479787,Technology
2025-06-02,MSFT,457.5,462.05,457.34,461.97,358612,Technology
2025-06-02,NVDA,135.55,138.11,135.45,137.37,2006562,Technology
2025-06-03,AAPL,201.49,203.76,200.955,203.33,933488,Technology
2025-06-03,AMZN,207.105,208.855,205.05,205.75,965516,Technology
2025-06-03,AVGO,250.075,257.835,249.505,256.83,774516,Technology
2025-06-03,GOOGL,167.76,168.475,165.295,166.14,1295786,Technology
2025-06-03,META,671.445,675.42,665.22,666.87,395067,Technology
2025-06-03,MSFT,461.93,464.09,460.93,463.03,402457,Technology
2025-06-03,NVDA,138.78,142.0,137.96,141.27,4284427,Technology
2025-06-04,AAPL,202.92,206.23,202.215,202.83,1245814,Technology
2025-06-04,AMZN,206.56,208.175,205.26,207.23,940952,Technology
2025-06-04,AVGO,257.825,265.26,257.63,261.225,720970,Technology
2025-06-04,GOOGL,166.735,168.21,166.365,168.06,1062114,Technology
2025-06-04,META,669.48,688.6,668.98,688.6,389163,Technology
2025-06-04,MSFT,464.01,465.61,463.04,463.89,362036,Technology
2025-06-04,NVDA,142.18,142.36,139.57,141.84,2477929,Technology
2025-06-05,AAPL,203.49,204.74,200.17,200.68,1847413,Technology
2025-06-05,AMZN,209.44,212.8,207.63,207.89,1723258,Technology
2025-06-05,AVGO,262.95,264.85,259.1,260.07,1098456,Technology
2025-06-05,GOOGL,170.47,170.93,167.71,168.25,1346272,Technology
2025-06-05,META,692.33,694.25,682.42,684.63,321594,Technology
2025-06-05,MSFT,464.955,469.605,464.15,467.77,564874,Technology
2025-06-05,NVDA,142.15,144.0,138.845,140.01,2563431,Technology
2025-06-06,AAPL,203.01,205.67,202.085,203.96,1171926,Technology
2025-06-06,AMZN,212.42,213.86,210.53,213.51,1291204,Technology
2025-06-06,AVGO,251.1,255.1,246.165,246.8,861449,Technology
2025-06-06,GOOGL,170.83,174.48,170.83,173.68,988109,Technology
2025-06-06,META,696.17,702.59,692.12,697.9,268671,Technology
2025-06-06,MSFT,470.085,473.25,468.86,470.17,383331,Technology
2025-06-06,NVDA,142.505,143.25,141.52,141.67,2432036,Technology
2025-06-09,AAPL,204.41,206.0,200.045,201.425,1374703,Technology
2025-06-09,AMZN,214.73,217.83,212.92,216.94,1281572,Technology
2025-06-09,AVGO,244.9,248.005,241.255,244.15,693833,Technology
2025-06-09,GOOGL,174.73,176.465,174.46,176.03,1013960,Technology
2025-06-09,META,698.05,705.09,694.23,694.23,225279,Technology
2025-06-09,MSFT,469.68,473.415,468.63,472.595,392218,Technology
2025-06-09,NVDA,143.21,144.99,141.955,142.57,2676439,Technology
2025-06-10,AAPL,200.62,204.33,200.62,202.68,1016332,Technology
2025-06-10,AMZN,216.8,217.67,214.17,217.655,1066338,Technology
2025-06-10,AVGO,244.25,246.25,241.47,244.74,478448,Technology
2025-06-10,GOOGL,176.62,181.1,174.91,178.635,1673202,Technology
2025-06-10,META,701.345,702.815,691.83,702.5,315439,Technology
2025-06-10,MSFT,471.3,472.525,467.05,470.96,453928,Technology
2025-06-10,NVDA,142.69,144.285,141.55,143.95,1925466,Technology
2025-06-11,AAPL,203.31,204.48,198.43,198.82,1352311,Technology
2025-06-11,AMZN,217.535,218.39,212.89,213.2,1078219,Technology
2025-06-11,AVGO,246.48,254.74,244.03,252.9,458365,Technology
2025-06-11,GOOGL,179.72,180.35,176.8,177.36,750815,Technology
2025-06-11,META,703.45,708.415,692.025,694.18,330296,Technology
2025-06-11,MSFT,469.95,475.43,469.89,472.73,378010,Technology
2025-06-11,NVDA,144.62,144.99,141.88,142.875,1568576,Technology
2025-06-12,AAPL,198.98,199.68,197.37,199.095,1507561,Technology
2025-06-12,AMZN,211.66,213.51,211.37,213.2,667842,Technology
2025-06-12,AVGO,249.845,257.86,249.705,256.09,492713,Technology
2025-06-12,GOOGL,176.05,176.71,174.92,175.695,597468,Technology
2025-06-12,META,692.435,695.36,687.16,693.22,195966,Technology
2025-06-12,MSFT,475.19,480.415,473.86,478.9,528293,Technology
2025-06-12,NVDA,141.97,145.0,141.87,145.0,1682713,Technology
2025-06-13,AAPL,199.69,200.3,195.78,196.37,1072719,Technology
2025-06-13,AMZN,209.805,214.05,209.675,212.17,793416,Technology
2025-06-13,AVGO,250.535,253.82,248.475,248.74,453966,Technology
2025-06-13,GOOGL,172.43,177.13,172.43,174.73,819597,Technology
2025-06-13,META,687.66,694.33,681.065,682.855,309914,Technology
2025-06-13,MSFT,475.81,478.89,472.92,474.88,392552,Technology
2025-06-13,NVDA,142.48,143.58,140.86,141.98,2473342,Technology
2025-06-16,AAPL,197.31,198.66,196.63,198.42,1084142,Technology
2025-06-16,AMZN,212.35,217.05,211.63,216.16,993188,Technology
2025-06-16,AVGO,250.38,255.18,249.7,252.05,644158,Technology
2025-06-16,GOOGL,174.775,176.9,174.69,176.77,704136,Technology
2025-06-16,META,699.57,707.14,693.8,702.03,346156,Technology
2025-06-16,MSFT,475.355,480.595,475.06,479.06,409355,Technology
2025-06-16,NVDA,143.345,146.175,143.275,144.67,2675568,Technology
2025-06-17,AAPL,197.215,198.37,195.22,195.62,799393,Technology
2025-06-17,AMZN,215.165,217.39,214.58,214.82,924027,Technology
2025-06-17,AVGO,250.945,253.92,248.0,249.34,679228,Technology
2025-06-17,GOOGL,175.715,177.34,174.585,175.92,957832,Technology
2025-06-17,META,702.135,705.805,696.16,697.265,216902,Technology
2025-06-17,MSFT,475.33,478.7,474.08,477.95,329069,Technology
2025-06-17,NVDA,144.47,145.18,143.8,144.03,1563089,Technology
2025-06-18,AAPL,195.875,197.535,195.07,196.295,917701,Technology
2025-06-18,AMZN,215.09,217.95,212.55,212.56,1200776,Technology
2025-06-18,AVGO,250.595,255.58,249.41,251.34,521347,Technology
2025-06-18,GOOGL,176.31,176.54,173.205,173.33,622184,Technology
2025-06-18,META,697.99,701.4,695.015,695.39,209355,Technology
2025-06-18,MSFT,478.32,481.0,475.26,480.13,335994,Technology
2025-06-18,NVDA,144.005,145.6,143.14,145.485,2041017,Technology
2025-06-20,AAPL,198.015,201.66,196.86,201.03,1310599,Technology
2025-06-20,AMZN,214.46,214.86,208.28,209.61,1696793,Technology
2025-06-20,AVGO,253.28,253.33,244.29,249.93,644506,Technology
2025-06-20,GOOGL,173.86,174.34,165.46,166.66,1302007,Technology
2025-06-20,META,700.55,701.485,679.08,682.6,358211,Technology
2025-06-20,MSFT,482.1,483.25,476.92,477.3,510151,Technology
2025-06-20,NVDA,145.4,146.195,142.675,143.76,2488233,Technology
2025-06-23,AAPL,201.625,202.29,198.96,201.53,1178964,Technology
2025-06-23,AMZN,209.79,210.39,207.34,208.41,1394706,Technology
2025-06-23,AVGO,249.02,254.19,246.54,253.73,651165,Technology
2025-06-23,GOOGL,166.31,167.32,162.07,165.17,1673401,Technology
2025-06-23,META,683.315,698.96,678.985,698.48,274462,Technology
2025-06-23,MSFT,477.805,487.64,472.56,485.98,627188,Technology
2025-06-23,NVDA,142.485,144.73,142.05,144.16,2255883,Technology
2025-06-24,AAPL,202.59,203.435,200.22,200.3,1698396,Technology
2025-06-24,AMZN,212.135,214.33,211.15,212.79,1316205,Technology
2025-06-24,AVGO,259.015,265.715,258.885,263.84,919888,Technology
2025-06-24,GOOGL,167.1,168.215,166.17,166.75,1302889,Technology
2025-06-24,META,704.885,713.06,702.19,712.26,335977,Technology
2025-06-24,MSFT,488.95,491.8,486.81,490.15,714232,Technology
2025-06-24,NVDA,145.59,147.955,145.51,147.89,2715556,Technology
2025-06-25,AAPL,201.425,203.67,200.67,201.55,973861,Technology
2025-06-25,AMZN,214.49,216.015,211.16,212.105,1092586,Technology
2025-06-25,AVGO,266.025,269.79,263.46,264.63,508270,Technology
2025-06-25,GOOGL,167.62,172.35,167.62,170.68,1044806,Technology
2025-06-25,META,713.075,716.5,705.62,708.72,295756,Technology
2025-06-25,MSFT,491.83,494.525,489.47,492.38,434087,Technology
2025-06-25,NVDA,149.29,154.44,149.29,154.4,3504133,Technology
2025-06-26,AAPL,201.455,202.575,199.46,201.05,1249214,Technology
2025-06-26,AMZN,213.12,218.01,212.02,217.04,1592503,Technology
2025-06-26,AVGO,265.075,271.62,264.16,270.14,724146,Technology
2025-06-26,GOOGL,172.6,173.66,169.95,173.485,863889,Technology
2025-06-26,META,714.355,728.12,711.16,726.03,393909,Technology
2025-06-26,MSFT,493.255,498.02,492.86,497.45,619404,Technology
2025-06-26,NVDA,155.985,156.71,154.03,155.07,3616990,Technology
2025-06-27,AAPL,201.905,203.2,200.2,201.05,1519293,Technology
2025-06-27,AMZN,219.94,223.24,216.765,223.07,1807418,Technology
2025-06-27,AVGO,270.58,271.82,266.905,269.38,399329,Technology
2025-06-27,GOOGL,173.505,178.67,171.75,178.46,1812081,Technology
2025-06-27,META,728.71,735.26,725.925,733.68,409526,Technology
2025-06-27,MSFT,497.31,499.3,493.96,495.88,525098,Technology
2025-06-27,NVDA,155.985,158.7,155.265,157.72,2927191,Technology
2025-06-30,AAPL,202.02,207.36,199.27,205.17,1874120,Technology
2025-06-30,AMZN,223.53,223.795,219.12,219.33,1590980,Technology
2025-06-30,AVGO,274.69,277.67,272.19,275.62,513625,Technology
2025-06-30,GOOGL,180.815,181.21,174.67,176.22,1773396,Technology
2025-06-30,META,743.97,747.725,734.65,738.54,346506,Technology
2025-06-30,MSFT,497.085,500.46,495.415,497.45,508585,Technology
2025-06-30,NVDA,158.41,158.63,155.96,157.98,2635872,Technology
2025-07-01,AAPL,206.725,210.18,206.2,207.815,2220671,Technology
2025-07-01,AMZN,219.64,221.86,217.955,220.47,1355143,Technology
2025-07-01,AVGO,274.4,274.4,262.69,264.86,577420,Technology
2025-07-01,GOOGL,175.825,176.04,173.54,175.85,870096,Technology
2025-07-01,META,736.875,737.48,715.52,719.365,523554,Technology
2025-07-01,MSFT,496.45,497.98,490.99,492.1,685718,Technology
2025-07-01,NVDA,156.28,157.19,151.5,153.34,4509554,Technology
2025-07-02,AAPL,208.995,213.32,208.15,212.4,1536101,Technology
2025-07-02,AMZN,219.67,221.6,219.09,219.88,902654,Technology
2025-07-02,AVGO,263.99,271.98,262.935,269.87,462267,Technology
2025-07-02,GOOGL,175.68,178.86,175.07,178.66,777285,Technology
2025-07-02,META,715.4,720.12,712.81,713.41,336441,Technology
2025-07-02,MSFT,489.56,493.47,488.815,491.09,478609,Technology
2025-07-02,NVDA,153.01,157.595,153.01,157.26,2818171,Technology
2025-07-03,AAPL,212.17,214.625,211.825,213.5,1215376,Technology
2025-07-03,AMZN,221.765,224.0,221.36,223.38,1295668,Technology
2025-07-03,AVGO,270.565,275.78,270.155,275.18,298020,Technology
2025-07-03,GOOGL,178.655,179.67,177.05,179.53,840746,Technology
2025-07-03,META,726.435,728.89,714.6,718.895,187831,Technology
2025-07-03,MSFT,493.81,500.0,493.53,498.735,444284,Technology
2025-07-03,NVDA,158.295,160.965,157.78,159.325,1985303,Technology
2025-07-07,AAPL,212.81,216.2,208.835,209.94,1353483,Technology
2025-07-07,AMZN,223.16,224.26,222.41,223.47,968605,Technology
2025-07-07,AVGO,275.04,277.535,273.09,274.25,367995,Technology
2025-07-07,GOOGL,179.06,179.25,175.695,176.78,927882,Technology
2025-07-07,META,717.45,726.75,713.51,718.26,241218,Technology
2025-07-07,MSFT,497.36,498.695,495.28,497.87,346608,Technology
2025-07-07,NVDA,158.19,159.31,157.365,158.305,1924669,Technology
2025-07-08,AAPL,210.01,211.43,208.47,210.095,1036309,Technology
2025-07-08,AMZN,223.93,223.97,218.43,219.495,1674876,Technology
2025-07-08,AVGO,276.34,276.34,271.16,271.79,553536,Technology
2025-07-08,GOOGL,177.895,177.905,172.83,174.39,1076784,Technology
2025-07-08,META,722.01,722.745,715.0,720.51,185096,Technology
2025-07-08,MSFT,497.34,498.14,494.14,496.58,267711,Technology
2025-07-08,NVDA,159.37,160.21,158.4,159.99,2456207,Technology
2025-07-09,AAPL,209.51,211.3,207.24,211.13,950117,Technology
2025-07-09,AMZN,221.07,224.27,220.47,222.45,1255276,Technology
2025-07-09,AVGO,273.1,279.41,273.065,277.84,485160,Technology
2025-07-09,GOOGL,175.18,179.43,172.97,176.58,1317744,Technology
2025-07-09,META,723.185,737.47,723.185,732.6,322742,Technology
2025-07-09,MSFT,500.3,506.74,499.855,503.48,501283,Technology
2025-07-09,NVDA,161.215,164.415,161.17,162.83,3431731,Technology
2025-07-10,AAPL,210.51,213.475,210.24,212.36,1139672,Technology
2025-07-10,AMZN,221.54,222.76,219.7,222.3,1055309,Technology
2025-07-10,AVGO,279.76,281.14,272.7,275.33,383671,Technology
2025-07-10,GOOGL,175.68,178.41,174.68,177.625,910197,Technology
2025-07-10,META,732.575,735.115,719.77,727.25,230726,Technology
2025-07-10,MSFT,503.05,504.4,497.865,501.27,396875,Technology
2025-07-10,NVDA,164.365,164.49,161.625,164.09,2428512,Technology
2025-07-11,AAPL,210.37,212.12,209.87,211.08,813325,Technology
2025-07-11,AMZN,223.55,226.63,222.38,224.96,1148061,Technology
2025-07-11,AVGO,274.11,276.445,271.97,274.37,341472,Technology
2025-07-11,GOOGL,176.73,181.41,176.485,180.15,797559,Technology
2025-07-11,META,722.5,725.05,709.9,717.55,311284,Technology
2025-07-11,MSFT,498.385,504.99,497.795,503.32,278171,Technology
2025-07-11,NVDA,163.535,167.88,163.535,164.89,3355897,Technology
2025-07-14,AAPL,209.945,210.85,207.57,208.65,853368,Technology
2025-07-14,AMZN,225.07,226.65,224.32,225.67,1211313,Technology
2025-07-14,AVGO,274.13,277.715,269.615,275.7,279890,Technology
2025-07-14,GOOGL,180.96,183.655,179.68,181.59,936372,Technology
2025-07-14,META,716.845,727.4,716.845,720.93,217724,Technology
2025-07-14,MSFT,501.48,503.89,501.14,503.105,302786,Technology
2025-07-14,NVDA,165.425,165.475,162.035,164.06,2114217,Technology
2025-07-15,AAPL,209.215,211.89,208.965,209.025,777589,Technology
2025-07-15,AMZN,226.165,227.24,225.455,226.32,993895,Technology
2025-07-15,AVGO,279.805,283.27,278.02,280.97,414101,Technology
2025-07-15,GOOGL,182.73,184.21,181.61,181.88,958073,Technology
2025-07-15,META,723.815,724.17,709.97,710.27,250003,Technology
2025-07-15,MSFT,502.8,508.28,502.79,506.0,304368,Technology
2025-07-15,NVDA,171.19,172.4,169.21,170.655,4369944,Technology
2025-07-16,AAPL,210.295,212.375,208.66,210.16,974450,Technology
2025-07-16,AMZN,225.89,226.05,222.2,223.15,1093449,Technology
2025-07-16,AVGO,280.025,281.5,275.8,280.8,342598,Technology
2025-07-16,GOOGL,183.235,184.32,182.05,182.905,1213901,Technology
2025-07-16,META,713.37,713.585,699.42,702.73,426648,Technology
2025-07-16,MSFT,505.19,506.6,502.005,505.74,320805,Technology
2025-07-16,NVDA,171.065,171.72,168.9,171.34,2608743,Technology
2025-07-17,AAPL,210.64,211.795,209.61,210.13,1067469,Technology
2025-07-17,AMZN,223.27,224.47,222.52,223.91,691639,Technology
2025-07-17,AVGO,281.195,288.24,280.045,286.44,485081,Technology
2025-07-17,GOOGL,182.38,184.03,180.56,183.62,837040,Technology
2025-07-17,META,704.515,705.76,697.495,701.22,392922,Technology
2025-07-17,MSFT,505.975,513.335,505.755,511.69,417355,Technology
2025-07-17,NVDA,172.06,174.16,170.835,173.085,1758746,Technology
2025-07-18,AAPL,210.73,211.78,209.73,211.16,731112,Technology
2025-07-18,AMZN,225.185,226.34,222.985,226.09,975108,Technology
2025-07-18,AVGO,287.325,287.45,281.135,283.27,393271,Technology
2025-07-18,GOOGL,185.63,186.39,183.72,185.05,904134,Technology
2025-07-18,META,701.89,704.465,691.805,704.07,213375,Technology
2025-07-18,MSFT,514.18,514.18,508.42,510.0,343790,Technology
2025-07-18,NVDA,173.725,174.23,171.27,172.4,1965802,Technology
2025-07-21,AAPL,212.12,215.775,211.69,212.53,946141,Technology
2025-07-21,AMZN,226.005,229.67,225.79,229.33,1171451,Technology
2025-07-21,AVGO,283.88,290.43,283.805,288.13,471406,Technology
2025-07-21,GOOGL,186.34,190.27,186.295,190.16,1269601,Technology
2025-07-21,META,706.8,716.75,706.435,713.4,293729,Technology
2025-07-21,MSFT,506.705,512.09,505.55,510.11,348861,Technology
2025-07-21,NVDA,172.775,173.36,171.2,171.475,1789677,Technology
2025-07-22,AAPL,213.24,214.635,212.255,214.43,964832,Technology
2025-07-22,AMZN,229.75,230.0,226.36,227.505,1084323,Technology
2025-07-22,AVGO,287.655,287.8,276.6,278.47,503055,Technology
2025-07-22,GOOGL,191.495,191.64,187.46,191.35,1443137,Technology
2025-07-22,META,715.81,715.81,701.54,704.92,324216,Technology
2025-07-22,MSFT,510.97,511.1,505.34,505.73,317694,Technology
2025-07-22,NVDA,171.305,171.305,164.62,167.01,2132053,Technology
2025-07-23,AAPL,215.02,215.115,212.45,214.23,779641,Technology
2025-07-23,AMZN,228.46,228.73,227.1,228.29,554375,Technology
2025-07-23,AVGO,276.82,283.715,273.085,283.69,429610,Technology
2025-07-23,GOOGL,191.61,192.53,189.21,190.31,1500975,Technology
2025-07-23,META,706.345,714.53,704.94,713.48,254180,Technology
2025-07-23,MSFT,506.79,506.79,500.72,505.79,427244,Technology
2025-07-23,NVDA,169.52,171.25,167.99,170.84,1925585,Technology
2025-07-24,AAPL,213.9,215.68,213.53,213.765,973782,Technology
2025-07-24,AMZN,229.17,234.04,228.66,232.26,1184528,Technology
2025-07-24,AVGO,289.55,291.14,283.55,288.77,436009,Technology
2025-07-24,GOOGL,196.81,197.93,191.01,192.22,1994732,Technology
2025-07-24,META,717.05,723.255,714.23,714.95,278715,Technology
2025-07-24,MSFT,508.77,513.15,507.35,511.02,399868,Technology
2025-07-24,NVDA,172.5,173.83,171.3,173.77,2127014,Technology
2025-07-25,AAPL,214.7,215.24,213.4,213.96,728795,Technology
2025-07-25,AMZN,232.11,232.47,231.2,231.44,592506,Technology
2025-07-25,AVGO,288.19,292.53,287.46,290.235,242958,Technology
2025-07-25,GOOGL,192.01,194.33,191.29,193.19,1033748,Technology
2025-07-25,META,716.915,720.62,712.245,712.94,172096,Technology
2025-07-25,MSFT,512.4,518.22,510.52,513.82,334030,Technology
2025-07-25,NVDA,173.615,174.715,172.98,173.5,1900587,Technology
2025-07-28,AAPL,214.04,214.845,213.07,214.0,919301,Technology
2025-07-28,AMZN,233.475,234.27,232.27,232.79,757057,Technology
2025-07-28,AVGO,292.36,295.45,290.87,294.29,308316,Technology
2025-07-28,GOOGL,193.65,193.99,190.86,192.55,852968,Technology
2025-07-28,META,714.95,724.39,712.785,717.59,294840,Technology
2025-07-28,MSFT,514.06,514.975,510.17,512.35,322526,Technology
2025-07-28,NVDA,174.015,176.83,173.97,176.695,2802631,Technology
2025-07-29,AAPL,214.175,214.8,210.88,211.27,1107896,Technology
2025-07-29,AMZN,234.205,234.72,230.315,231.05,860501,Technology
2025-07-29,AVGO,297.5,302.05,294.93,297.28,687261,Technology
2025-07-29,GOOGL,192.58,195.92,192.13,195.73,1644192,Technology
2025-07-29,META,720.025,724.44,700.74,700.96,598167,Technology
2025-07-29,MSFT,515.69,517.55,511.575,512.66,384759,Technology
2025-07-29,NVDA,177.985,179.34,175.185,175.5,2732513,Technology
2025-07-30,AAPL,211.895,212.37,207.73,208.96,828809,Technology
2025-07-30,AMZN,231.58,231.69,229.33,230.23,865709,Technology
2025-07-30,AVGO,296.91,303.23,296.385,302.76,389860,Technology
2025-07-30,GOOGL,195.53,197.57,194.7,196.63,1022069,Technology
2025-07-30,META,707.425,707.425,691.99,695.25,745717,Technology
2025-07-30,MSFT,515.9,515.9,509.495,513.33,584282,Technology
2025-07-30,NVDA,176.55,179.89,176.05,179.315,2180468,Technology
2025-07-31,AAPL,208.425,209.84,207.18,207.85,1632958,Technology
2025-07-31,AMZN,235.71,236.53,231.43,234.18,2763582,Technology
2025-07-31,AVGO,303.085,306.94,290.29,293.77,766788,Technology
2025-07-31,GOOGL,195.72,195.88,191.11,192.075,1626185,Technology
2025-07-31,META,775.635,784.54,765.75,773.63,1037584,Technology
2025-07-31,MSFT,555.2,555.2,532.025,533.93,1608941,Technology
2025-07-31,NVDA,182.92,183.26,175.95,178.06,4174080,Technology
2025-08-01,AAPL,210.865,213.56,201.5,202.3,1994299,Technology
2025-08-01,AMZN,217.14,220.4,212.815,214.855,3976423,Technology
2025-08-01,AVGO,286.635,292.585,281.74,288.75,632637,Technology
2025-08-01,GOOGL,188.985,190.73,187.825,189.08,1108574,Technology
2025-08-01,META,761.065,765.685,745.39,749.945,401093,Technology
2025-08-01,MSFT,535.595,535.595,520.98,524.24,886626,Technology
2025-08-01,NVDA,174.0,176.53,170.91,173.755,2959737,Technology
2025-08-04,AAPL,204.505,207.85,201.68,203.35,1875434,Technology
2025-08-04,AMZN,217.35,217.37,211.42,211.67,2429637,Technology
2025-08-04,AVGO,292.63,298.44,291.4,297.67,409984,Technology
2025-08-04,GOOGL,190.31,195.265,190.14,195.04,1285802,Technology
2025-08-04,META,760.17,776.85,758.45,776.35,459576,Technology
2025-08-04,MSFT,528.135,538.225,528.135,535.52,575795,Technology
2025-08-04,NVDA,175.16,179.98,174.53,179.98,2868036,Technology
2025-08-05,AAPL,203.43,205.32,202.165,202.93,968620,Technology
2025-08-05,AMZN,213.22,216.265,212.94,213.86,1342458,Technology
2025-08-05,AVGO,297.79,301.06,291.48,292.94,386962,Technology
2025-08-05,GOOGL,194.7,197.835,193.92,194.65,958940,Technology
2025-08-05,META,776.72,782.825,763.04,763.36,285798,Technology
2025-08-05,MSFT,536.805,537.01,527.315,527.74,620108,Technology
2025-08-05,NVDA,179.68,180.25,175.915,178.265,2752443,Technology
2025-08-06,AAPL,205.63,215.38,205.61,213.275,2182167,Technology
2025-08-06,AMZN,214.67,222.52,213.75,222.33,1552493,Technology
2025-08-06,AVGO,292.93,302.77,292.0,301.61,377361,Technology
2025-08-06,GOOGL,194.485,196.61,193.69,196.06,692848,Technology
2025-08-06,META,770.075,773.52,760.555,771.8,242067,Technology
2025-08-06,MSFT,530.83,531.565,524.31,524.82,574770,Technology
2025-08-06,NVDA,176.325,179.9,176.28,179.43,2261421,Technology
2025-08-07,AAPL,218.92,220.84,216.62,220.17,2508756,Technology
2025-08-07,AMZN,220.95,226.17,220.82,223.18,1095953,Technology
2025-08-07,AVGO,306.01,310.3,299.91,303.86,406988,Technology
2025-08-07,GOOGL,196.965,197.485,194.37,196.56,1001459,Technology
2025-08-07,META,774.28,774.7,759.835,761.57,238032,Technology
2025-08-07,MSFT,526.735,527.91,517.57,520.8,356018,Technology
2025-08-07,NVDA,181.545,183.86,178.8,180.85,2185254,Technology
2025-08-08,AAPL,220.89,230.99,219.3,229.365,2830643,Technology
2025-08-08,AMZN,223.24,223.765,221.9,222.695,1077590,Technology
2025-08-08,AVGO,303.97,307.82,302.66,304.99,416941,Technology
2025-08-08,GOOGL,197.24,202.59,197.24,201.44,1373097,Technology
2025-08-08,META,761.95,769.75,758.59,769.43,164691,Technology
2025-08-08,MSFT,522.56,524.505,519.57,522.09,336881,Technology
2025-08-08,NVDA,181.55,183.3,180.41,182.755,1830484,Technology
2025-08-11,AAPL,227.92,229.53,224.78,227.22,1715351,Technology
2025-08-11,AMZN,222.24,223.02,220.4,221.39,1048187,Technology
2025-08-11,AVGO,305.05,308.28,301.37,303.96,290447,Technology
2025-08-11,GOOGL,201.08,201.47,199.1,201.04,689987,Technology
2025-08-11,META,770.33,773.105,764.865,766.13,160647,Technology
2025-08-11,MSFT,522.37,527.51,519.765,521.98,357222,Technology
2025-08-11,NVDA,182.02,183.835,180.28,181.99,1690307,Technology
2025-08-12,AAPL,228.03,230.78,227.155,229.63,1250550,Technology
2025-08-12,AMZN,222.215,223.465,219.065,221.43,1012262,Technology
2025-08-12,AVGO,306.415,313.335,304.695,312.91,398739,Technology
2025-08-12,GOOGL,201.365,204.495,200.6,203.34,917193,Technology
2025-08-12,META,772.69,793.46,772.69,789.8,288071,Technology
2025-08-12,MSFT,523.87,530.87,522.78,529.25,450541,Technology
2025-08-12,NVDA,182.955,183.55,179.47,183.17,2700093,Technology
2025-08-13,AAPL,231.05,234.91,230.455,233.22,1586856,Technology
2025-08-13,AMZN,222.31,224.83,222.16,224.53,917934,Technology
2025-08-13,AVGO,316.975,317.23,304.805,309.075,462790,Technology
2025-08-13,GOOGL,204.1,204.48,197.52,201.9,793191,Technology
2025-08-13,META,791.23,795.25,778.31,779.865,173620,Technology
2025-08-13,MSFT,532.11,532.54,519.465,520.67,513963,Technology
2025-08-13,NVDA,182.69,183.96,179.355,181.55,3306726,Technology
2025-08-14,AAPL,234.01,235.1,230.88,232.78,972239,Technology
2025-08-14,AMZN,227.375,233.1,227.115,230.89,1866821,Technology
2025-08-14,AVGO,307.57,314.07,307.35,311.27,420974,Technology
2025-08-14,GOOGL,201.59,204.42,201.25,202.945,621996,Technology
2025-08-14,META,777.88,787.62,772.54,782.47,157723,Technology
2025-08-14,MSFT,522.4,525.895,520.2,522.425,431718,Technology
2025-08-14,NVDA,179.77,183.005,179.53,182.025,2495118,Technology
2025-08-15,AAPL,233.915,234.19,229.37,231.65,1057450,Technology
2025-08-15,AMZN,232.46,234.06,229.83,231.09,1144736,Technology
2025-08-15,AVGO,310.95,310.95,299.9,306.16,491313,Technology
2025-08-15,GOOGL,203.795,206.42,201.33,203.92,775312,Technology
2025-08-15,META,784.15,795.98,781.245,785.31,249856,Technology
2025-08-15,MSFT,522.395,525.98,519.18,520.02,520703,Technology
2025-08-15,NVDA,181.81,181.86,178.055,180.42,2649326,Technology
2025-08-18,AAPL,231.72,233.12,230.11,230.895,836545,Technology
2025-08-18,AMZN,230.225,231.91,228.355,231.56,736271,Technology
2025-08-18,AVGO,302.38,306.015,299.07,305.8,394960,Technology
2025-08-18,GOOGL,204.165,205.09,202.5,203.43,645546,Technology
2025-08-18,META,774.26,774.395,756.91,767.35,314257,Technology
2025-08-18,MSFT,521.55,522.8,514.025,517.13,592251,Technology
2025-08-18,NVDA,180.76,182.935,180.76,182.005,2490508,Technology
2025-08-19,AAPL,231.3,232.855,229.35,230.56,787642,Technology
2025-08-19,AMZN,230.225,230.5,227.14,228.005,817884,Technology
2025-08-19,AVGO,302.3,302.6,292.45,295.0,872698,Technology
2025-08-19,GOOGL,203.38,203.38,199.98,201.64,871887,Technology
2025-08-19,META,766.45,766.9,749.55,751.685,273804,Technology
2025-08-19,MSFT,514.22,515.13,508.6,510.06,521646,Technology
2025-08-19,NVDA,182.41,182.475,175.5,175.66,3434393,Technology
2025-08-20,AAPL,230.03,230.36,225.78,225.975,1167075,Technology
2025-08-20,AMZN,227.15,227.215,220.93,223.8,1093941,Technology
2025-08-20,AVGO,294.85,294.86,281.89,291.145,837188,Technology
2025-08-20,GOOGL,200.9,201.24,196.69,199.32,894750,Technology
2025-08-20,META,748.02,750.06,731.155,747.69,312343,Technology
2025-08-20,MSFT,510.34,510.96,504.47,505.5,738356,Technology
2025-08-20,NVDA,175.15,175.52,168.82,175.41,3225977,Technology
2025-08-21,AAPL,226.27,226.5,223.8,224.9,772469,Technology
2025-08-21,AMZN,222.75,222.76,220.55,222.0,1052193,Technology
2025-08-21,AVGO,290.06,292.275,286.18,289.6,399373,Technology
2025-08-21,GOOGL,200.095,202.4,199.545,199.78,701165,Technology
2025-08-21,META,745.04,745.04,733.3,739.13,172323,Technology
2025-08-21,MSFT,503.085,507.58,502.87,504.23,475721,Technology
2025-08-21,NVDA,174.88,176.9,173.83,174.96,2725237,Technology
2025-08-22,AAPL,226.165,229.09,225.435,227.74,1273052,Technology
2025-08-22,AMZN,222.83,229.1,220.825,228.85,1267694,Technology
2025-08-22,AVGO,291.38,300.03,289.28,293.99,499242,Technology
2025-08-22,GOOGL,203.11,208.53,201.34,206.06,1650783,Technology
2025-08-22,META,736.46,756.8,735.275,754.96,267060,Technology
2025-08-22,MSFT,504.31,510.66,502.63,507.29,702460,Technology
2025-08-22,NVDA,172.655,178.575,171.21,177.98,2901533,Technology
2025-08-25,AAPL,226.48,229.3,226.255,227.15,762910,Technology
2025-08-25,AMZN,227.47,229.59,227.42,227.93,553855,Technology
2025-08-25,AVGO,293.175,298.38,291.99,294.24,720521,Technology
2025-08-25,GOOGL,206.425,210.5,205.29,208.49,1130602,Technology
2025-08-25,META,754.725,758.23,750.875,753.42,101361,Technology
2025-08-25,MSFT,506.685,508.13,504.32,504.32,462273,Technology
2025-08-25,NVDA,178.36,181.91,176.575,179.79,2987158,Technology
2025-08-26,AAPL,226.8,229.43,224.7,229.3,923026,Technology
2025-08-26,AMZN,227.45,228.85,226.07,228.68,597804,Technology
2025-08-26,AVGO,294.7,300.2,294.0,297.95,679271,Technology
2025-08-26,GOOGL,207.785,207.81,205.715,207.17,810206,Technology
2025-08-26,META,750.47,754.62,748.04,754.38,118051,Technology
2025-08-26,MSFT,504.26,504.92,498.535,502.05,683773,Technology
2025-08-26,NVDA,180.06,182.365,178.82,181.7,1586433,Technology
2025-08-27,AAPL,228.7,230.9,228.3,230.5,952676,Technology
2025-08-27,AMZN,228.66,229.855,227.85,229.05,540040,Technology
2025-08-27,AVGO,297.5,300.98,293.81,300.18,411148,Technology
2025-08-27,GOOGL,205.72,208.91,205.72,207.42,778403,Technology
2025-08-27,META,752.04,753.31,743.38,747.3,178911,Technology
2025-08-27,MSFT,502.0,507.13,499.9,506.69,568674,Technology
2025-08-27,NVDA,181.99,182.49,179.11,181.57,2622222,Technology
2025-08-28,AAPL,230.75,233.4,229.34,232.595,1159353,Technology
2025-08-28,AMZN,229.23,232.675,228.04,231.55,701289,Technology
2025-08-28,AVGO,302.67,310.985,302.565,308.7,509398,Technology
2025-08-28,GOOGL,207.06,212.18,207.06,211.66,851108,Technology
2025-08-28,META,744.58,752.98,740.98,751.17,184009,Technology
2025-08-28,MSFT,507.04,511.0,505.52,509.6,359230,Technology
2025-08-28,NVDA,180.885,184.42,176.425,180.16,3664524,Technology
2025-08-29,AAPL,232.99,233.31,231.38,232.27,1208045,Technology
2025-08-29,AMZN,231.315,231.77,228.16,229.02,709104,Technology
2025-08-29,AVGO,307.01,307.01,293.675,297.37,713395,Technology
2025-08-29,GOOGL,210.54,214.64,210.2,213.02,906566,Technology
2025-08-29,META,743.5,746.75,735.515,738.21,159339,Technology
2025-08-29,MSFT,508.07,509.5,504.54,506.74,307667,Technology
2025-08-29,NVDA,178.08,178.1,173.15,174.215,3812723,Technology
2025-09-02,AAPL,229.37,230.78,227.0,229.69,1246862,Technology
2025-09-02,AMZN,223.67,225.99,221.835,225.34,1051028,Technology
2025-09-02,AVGO,288.73,298.54,287.3,298.28,587063,Technology
2025-09-02,GOOGL,208.34,211.675,206.24,211.355,997492,Technology
2025-09-02,META,724.96,735.45,723.05,735.41,270266,Technology
2025-09-02,MSFT,500.27,505.6,496.95,505.18,548005,Technology
2025-09-02,NVDA,169.73,172.36,167.23,170.75,5040348,Technology
2025-09-03,AAPL,237.21,238.655,234.44,238.485,1989098,Technology
2025-09-03,AMZN,225.22,227.135,224.37,225.97,1205032,Technology
2025-09-03,AVGO,302.23,304.41,296.4,302.42,580398,Technology
2025-09-03,GOOGL,226.155,231.2,224.82,230.645,2577133,Technology
2025-09-03,META,735.71,739.95,734.01,736.96,187458,Technology
2025-09-03,MSFT,503.69,507.695,502.355,505.31,543303,Technology
2025-09-03,NVDA,171.02,172.4,168.88,170.6,3294243,Technology
2025-09-04,AAPL,238.48,239.895,236.77,239.71,1423459,Technology
2025-09-04,AMZN,231.03,235.75,230.805,235.67,1672307,Technology
2025-09-04,AVGO,305.5,308.65,302.33,306.1,808056,Technology
2025-09-04,GOOGL,229.735,232.36,226.14,232.255,1529405,Technology
2025-09-04,META,748.57,760.855,745.96,748.58,305730,Technology
2025-09-04,MSFT,504.35,508.125,503.215,507.93,329242,Technology
2025-09-04,NVDA,170.59,171.84,169.41,171.66,2458046,Technology
2025-09-05,AAPL,239.995,241.32,238.53,239.67,2004733,Technology
2025-09-05,AMZN,235.19,235.99,231.97,232.365,1447486,Technology
2025-09-05,AVGO,356.13,356.13,331.55,334.975,1876160,Technology
2025-09-05,GOOGL,232.2,235.75,231.95,235.05,2243235,Technology
2025-09-05,META,752.67,757.63,745.3,751.37,256132,Technology
2025-09-05,MSFT,509.15,511.915,492.4,494.96,691514,Technology
2025-09-05,NVDA,168.05,169.01,164.075,167.07,3342342,Technology
2025-09-08,AAPL,239.36,240.1,236.34,237.9,1553530,Technology
2025-09-08,AMZN,235.045,237.595,233.805,235.87,1314580,Technology
2025-09-08,AVGO,343.25,354.105,341.42,345.63,1295938,Technology
2025-09-08,GOOGL,235.6,238.1,233.67,234.11,1171526,Technology
2025-09-08,META,756.96,766.33,752.045,752.77,241579,Technology
2025-09-08,MSFT,498.105,501.195,495.08,498.33,399228,Technology
2025-09-08,NVDA,167.6,170.96,167.59,168.325,3355349,Technology
2025-09-09,AAPL,236.93,238.77,233.38,234.35,2133357,Technology
2025-09-09,AMZN,236.06,238.84,235.1,238.23,1089783,Technology
2025-09-09,AVGO,349.885,350.59,335.87,336.54,613352,Technology
2025-09-09,GOOGL,234.165,240.455,233.41,239.6,1169504,Technology
2025-09-09,META,757.94,766.175,753.65,765.8,241199,Technology
2025-09-09,MSFT,501.18,502.1,497.71,498.43,414245,Technology
2025-09-09,NVDA,168.95,170.97,166.805,170.75,2835056,Technology
2025-09-10,AAPL,232.21,232.26,225.955,226.81,2755480,Technology
2025-09-10,AMZN,237.34,237.34,229.135,230.36,2155028,Technology
2025-09-10,AVGO,351.41,372.96,350.84,369.51,1300018,Technology
2025-09-10,GOOGL,239.07,241.65,237.92,239.13,1012654,Technology
2025-09-10,META,764.39,765.61,751.04,751.945,197214,Technology
2025-09-10,MSFT,502.745,503.175,496.72,500.34,532856,Technology
2025-09-10,NVDA,176.655,179.28,175.49,177.27,6832038,Technology
2025-09-11,AAPL,226.77,230.45,226.66,229.99,1333481,Technology
2025-09-11,AMZN,231.395,231.5,229.34,229.82,1135869,Technology
2025-09-11,AVGO,371.07,374.065,358.83,359.39,526473,Technology
2025-09-11,GOOGL,240.23,242.23,236.28,240.34,857123,Technology
2025-09-11,META,755.11,756.865,748.935,751.185,162822,Technology
2025-09-11,MSFT,502.205,503.13,497.95,500.875,387408,Technology
2025-09-11,NVDA,179.64,180.24,176.5,177.08,3101368,Technology
2025-09-12,AAPL,229.27,234.5,229.03,234.04,1768033,Technology
2025-09-12,AMZN,230.35,230.715,226.4,228.05,1035037,Technology
2025-09-12,AVGO,362.765,364.36,357.5,359.86,439725,Technology
2025-09-12,GOOGL,240.58,242.075,238.07,240.75,1255827,Technology
2025-09-12,META,748.345,757.125,743.965,755.675,160478,Technology
2025-09-12,MSFT,506.52,512.48,504.0,509.95,518394,Technology
2025-09-12,NVDA,177.79,178.59,176.46,177.8,2349994,Technology
2025-09-15,AAPL,236.74,238.19,235.055,236.745,1528759,Technology
2025-09-15,AMZN,230.86,233.73,230.35,231.47,925601,Technology
2025-09-15,AVGO,360.03,365.5,356.64,364.105,394020,Technology
2025-09-15,GOOGL,244.79,252.395,244.79,251.6,2135062,Technology
2025-09-15,META,756.815,773.26,752.41,764.6,272780,Technology
2025-09-15,MSFT,508.79,515.42,507.02,515.42,414129,Technology
2025-09-15,NVDA,175.69,178.27,174.52,177.76,3139183,Technology
2025-09-16,AAPL,237.175,241.21,236.36,238.14,1451954,Technology
2025-09-16,AMZN,232.94,235.9,232.28,234.04,1131164,Technology
2025-09-16,AVGO,365.425,365.51,357.0,359.98,572854,Technology
2025-09-16,GOOGL,252.125,253.0,249.48,251.13,1570887,Technology
2025-09-16,META,767.81,781.26,765.345,778.86,265898,Technology
2025-09-16,MSFT,516.41,517.07,508.8,509.015,456888,Technology
2025-09-16,NVDA,176.99,177.495,174.385,174.89,2411570,Technology
2025-09-17,AAPL,238.97,240.055,237.75,238.98,1210638,Technology
2025-09-17,AMZN,233.77,234.15,228.72,231.59,1343420,Technology
2025-09-17,AVGO,359.65,359.65,341.68,346.01,764881,Technology
2025-09-17,GOOGL,251.36,251.59,246.31,249.46,1128078,Technology
2025-09-17,META,779.095,783.29,766.705,775.215,223093,Technology
2025-09-17,MSFT,510.375,511.27,506.0,509.66,308401,Technology
2025-09-17,NVDA,172.555,173.19,168.45,170.21,4235491,Technology
2025-09-18,AAPL,239.97,241.155,236.675,237.87,1384022,Technology
2025-09-18,AMZN,232.405,233.465,228.8,231.22,903802,Technology
2025-09-18,AVGO,350.05,350.68,343.79,345.19,501427,Technology
2025-09-18,GOOGL,251.63,253.97,249.85,252.045,1206702,Technology
2025-09-18,META,781.765,788.32,773.81,780.185,284957,Technology
2025-09-18,MSFT,510.5,512.9,507.69,508.47,376525,Technology
2025-09-18,NVDA,174.04,177.1,172.97,176.22,2715302,Technology
2025-09-19,AAPL,241.225,246.24,240.25,245.32,1851825,Technology
2025-09-19,AMZN,232.125,234.145,230.575,231.5,1169943,Technology
2025-09-19,AVGO,343.68,346.225,336.81,345.1,485246,Technology
2025-09-19,GOOGL,253.245,255.995,251.9,254.65,956091,Technology
2025-09-19,META,786.21,790.48,769.295,778.5,473279,Technology
2025-09-19,MSFT,510.68,519.23,510.4,518.01,565056,Technology
2025-09-19,NVDA,175.99,178.08,175.29,176.54,1832936,Technology
2025-09-22,AAPL,248.34,256.63,248.16,256.12,3191331,Technology
2025-09-22,AMZN,230.565,230.565,227.515,227.62,1131028,Technology
2025-09-22,AVGO,342.875,346.65,337.99,338.81,954254,Technology
2025-09-22,GOOGL,254.255,255.765,250.47,252.53,927440,Technology
2025-09-22,META,781.675,785.5,764.5,765.14,299839,Technology
2025-09-22,MSFT,515.855,517.675,512.66,514.48,360388,Technology
2025-09-22,NVDA,175.3,184.55,174.74,183.6,5768896,Technology
2025-09-23,AAPL,255.87,257.285,253.61,254.45,1817392,Technology
2025-09-23,AMZN,227.805,227.81,220.08,220.74,2768870,Technology
2025-09-23,AVGO,341.055,345.165,337.17,338.82,525901,Technology
2025-09-23,GOOGL,253.265,254.29,250.5,251.67,1337933,Technology
2025-09-23,META,769.25,770.48,751.08,755.7,314004,Technology
2025-09-23,MSFT,513.99,514.57,507.31,509.315,403495,Technology
2025-09-23,NVDA,181.96,182.42,177.31,178.44,3098046,Technology
2025-09-24,AAPL,255.21,255.68,251.04,252.22,1506113,Technology
2025-09-24,AMZN,224.37,224.45,219.46,220.23,1681152,Technology
2025-09-24,AVGO,339.62,340.02,333.96,339.37,506062,Technology
2025-09-24,GOOGL,251.61,252.26,246.495,247.09,882823,Technology
2025-09-24,META,757.625,761.07,752.98,760.81,225965,Technology
2025-09-24,MSFT,511.04,512.195,507.0,510.09,302015,Technology
2025-09-24,NVDA,179.755,179.755,175.42,176.87,1658632,Technology
2025-09-25,AAPL,253.32,257.17,251.72,256.91,1667057,Technology
2025-09-25,AMZN,220.11,220.66,216.48,218.155,2301852,Technology
2025-09-25,AVGO,333.21,337.89,327.31,336.125,496542,Technology
2025-09-25,GOOGL,244.13,246.48,240.86,245.72,1404824,Technology
2025-09-25,META,753.525,756.52,744.78,749.02,259688,Technology
2025-09-25,MSFT,507.46,510.0,505.06,506.98,419151,Technology
2025-09-25,NVDA,174.48,180.23,173.16,177.68,3184893,Technology
2025-09-26,AAPL,254.005,257.28,253.79,255.45,1360873,Technology
2025-09-26,AMZN,219.08,221.05,218.045,219.77,1321986,Technology
2025-09-26,AVGO,337.115,339.07,330.705,334.41,510484,Technology
2025-09-26,GOOGL,247.22,249.19,246.0,246.45,490455,Technology
2025-09-26,META,749.94,751.0,737.45,743.97,375386,Technology
2025-09-26,MSFT,509.94,513.74,506.71,511.43,304937,Technology
2025-09-26,NVDA,178.16,178.62,174.95,178.19,2233753,Technology
2025-09-29,AAPL,254.545,254.82,253.02,254.37,977267,Technology
2025-09-29,AMZN,220.08,222.53,219.3,222.15,1373922,Technology
2025-09-29,AVGO,335.89,340.98,327.585,327.87,558898,Technology
2025-09-29,GOOGL,248.0,251.1,242.78,244.125,1100936,Technology
2025-09-29,META,748.77,750.75,739.42,743.49,285784,Technology
2025-09-29,MSFT,510.7,516.845,509.2,514.64,356254,Technology
2025-09-29,NVDA,180.425,183.99,180.38,181.83,3142973,Technology
2025-09-30,AAPL,254.855,255.915,253.13,254.56,1057345,Technology
2025-09-30,AMZN,222.04,222.11,217.9,219.52,1456840,Technology
2025-09-30,AVGO,330.0,330.82,324.745,329.8,440856,Technology
2025-09-30,GOOGL,242.825,243.27,239.275,243.09,1183260,Technology
2025-09-30,META,741.66,742.365,726.55,734.01,438321,Technology
2025-09-30,MSFT,513.155,518.12,509.745,518.12,444648,Technology
2025-09-30,NVDA,182.035,187.345,181.52,186.54,4328023,Technology
2025-10-01,AAPL,255.035,258.78,254.975,255.43,1082404,Technology
2025-10-01,AMZN,217.185,222.13,216.69,220.64,1401928,Technology
2025-10-01,AVGO,328.145,337.855,324.645,333.39,426978,Technology
2025-10-01,GOOGL,240.82,246.26,238.655,244.86,1162562,Technology
2025-10-01,META,721.24,721.375,710.59,717.74,599042,Technology
2025-10-01,MSFT,514.555,520.46,511.77,519.68,493833,Technology
2025-10-01,NVDA,185.115,188.12,183.91,187.245,2254037,Technology
2025-10-02,AAPL,256.55,258.17,254.16,257.43,1097559,Technology
2025-10-02,AMZN,220.955,222.79,218.955,222.44,1346783,Technology
2025-10-02,AVGO,347.43,347.43,335.48,338.19,475990,Technology
2025-10-02,GOOGL,245.22,246.81,242.37,245.61,837588,Technology
2025-10-02,META,722.6,727.55,718.23,727.04,325514,Technology
2025-10-02,MSFT,517.575,521.33,510.7,515.91,510711,Technology
2025-10-02,NVDA,189.6,191.005,188.28,188.91,1884895,Technology
2025-10-03,AAPL,254.665,259.22,253.96,258.04,1483654,Technology
2025-10-03,AMZN,223.44,224.115,219.34,219.495,1635318,Technology
2025-10-03,AVGO,341.75,344.32,335.86,338.36,396015,Technology
2025-10-03,GOOGL,244.26,246.27,241.675,245.42,1190641,Technology
2025-10-03,META,729.085,730.59,710.19,710.775,438823,Technology
2025-10-03,MSFT,516.89,520.46,515.085,517.39,351004,Technology
2025-10-03,NVDA,189.26,190.36,185.405,187.63,1633527,Technology
2025-10-06,AAPL,257.985,259.06,255.07,256.65,1245721,Technology
2025-10-06,AMZN,220.99,221.72,216.06,220.84,1714450,Technology
2025-10-06,AVGO,335.64,344.085,334.66,335.59,562720,Technology
2025-10-06,GOOGL,244.78,251.3,244.585,250.45,852628,Technology
2025-10-06,META,705.035,716.75,690.69,715.41,924582,Technology
2025-10-06,MSFT,518.96,530.99,518.29,528.42,502257,Technology
2025-10-06,NVDA,185.52,187.23,183.34,185.51,3530109,Technology
2025-10-07,AAPL,256.92,257.39,255.44,256.48,1662715,Technology
2025-10-07,AMZN,220.865,222.87,220.27,221.8,887288,Technology
2025-10-07,AVGO,337.025,338.11,326.6,336.49,571099,Technology
2025-10-07,GOOGL,247.595,250.345,245.525,245.78,847652,Technology
2025-10-07,META,717.03,718.3,706.15,712.99,275451,Technology
2025-10-07,MSFT,528.285,528.66,521.645,523.83,333123,Technology
2025-10-07,NVDA,186.2,189.035,184.41,185.005,3074664,Technology
2025-10-08,AAPL,256.53,258.5,256.125,258.02,866667,Technology
2025-10-08,AMZN,222.99,226.72,221.19,225.19,1220447,Technology
2025-10-08,AVGO,333.8,346.39,332.84,345.87,640376,Technology
2025-10-08,GOOGL,245.025,245.99,243.845,244.575,674914,Technology
2025-10-08,META,713.5,719.45,707.82,717.76,328779,Technology
2025-10-08,MSFT,523.19,526.89,523.1,524.7,303807,Technology
2025-10-08,NVDA,186.575,189.5,186.575,189.09,2268194,Technology
2025-10-09,AAPL,257.95,257.96,253.14,254.03,893881,Technology
2025-10-09,AMZN,224.855,228.195,221.77,227.72,1623455,Technology
2025-10-09,AVGO,345.75,347.22,340.52,344.985,510671,Technology
2025-10-09,GOOGL,244.25,244.685,239.17,241.54,1236050,Technology
2025-10-09,META,718.73,733.49,713.19,733.3,436895,Technology
2025-10-09,MSFT,522.195,524.03,517.55,522.39,500572,Technology
2025-10-09,NVDA,192.11,195.28,191.07,192.555,2451157,Technology
2025-10-10,AAPL,254.915,256.36,244.66,245.295,1586214,Technology
2025-10-10,AMZN,226.12,228.24,216.175,216.19,2188428,Technology
2025-10-10,AVGO,345.07,350.49,324.11,324.66,651253,Technology
2025-10-10,GOOGL,241.46,244.04,235.845,236.57,1137059,Technology
2025-10-10,META,732.1,735.165,704.72,705.38,441594,Technology
2025-10-10,MSFT,519.95,523.51,510.0,511.24,442964,Technology
2025-10-10,NVDA,193.425,195.6,182.83,183.15,3735323,Technology
2025-10-13,AAPL,249.305,249.67,245.6,247.54,878932,Technology
2025-10-13,AMZN,217.75,220.62,217.085,220.0,1465239,Technology
2025-10-13,AVGO,352.79,359.27,343.53,356.55,1269841,Technology
2025-10-13,GOOGL,239.9,244.395,239.85,244.14,1010718,Technology
2025-10-13,META,713.275,719.87,707.91,715.54,247335,Technology
2025-10-13,MSFT,516.075,516.125,511.705,514.06,333186,Technology
2025-10-13,NVDA,187.97,190.09,185.99,188.31,2791804,Technology
2025-10-14,AAPL,246.615,248.83,244.77,247.96,864087,Technology
2025-10-14,AMZN,215.405,219.315,212.65,216.43,1761902,Technology
2025-10-14,AVGO,349.91,350.5,339.81,344.26,616066,Technology
2025-10-14,GOOGL,241.41,247.05,240.56,245.425,743555,Technology
2025-10-14,META,707.25,715.35,699.99,708.66,249535,Technology
2025-10-14,MSFT,509.175,515.25,506.06,513.9,383784,Technology
2025-10-14,NVDA,184.69,184.725,179.75,180.03,3019148,Technology
2025-10-15,AAPL,249.425,251.785,247.47,249.405,1113159,Technology
2025-10-15,AMZN,216.445,217.69,212.67,215.56,1703231,Technology
2025-10-15,AVGO,354.35,359.31,347.62,351.36,443462,Technology
2025-10-15,GOOGL,247.29,252.105,246.0,251.11,1181169,Technology
2025-10-15,META,716.755,723.6,710.0,717.66,258628,Technology
2025-10-15,MSFT,514.955,517.1,510.0,513.51,327744,Technology
2025-10-15,NVDA,184.8,184.83,177.3,179.87,5266793,Technology
2025-10-16,AAPL,248.27,248.99,245.16,247.45,1099909,Technology
2025-10-16,AMZN,215.55,218.57,212.85,214.47,1513632,Technology
2025-10-16,AVGO,356.85,363.09,349.58,354.15,455737,Technology
2025-10-16,GOOGL,251.77,256.91,250.12,251.425,955690,Technology
2025-10-16,META,717.555,725.25,704.1,712.15,294747,Technology
2025-10-16,MSFT,512.48,516.835,508.24,511.525,276141,Technology
2025-10-16,NVDA,182.12,183.28,179.8,181.84,4348972,Technology
2025-10-17,AAPL,248.05,253.38,247.29,252.34,1549814,Technology
2025-10-17,AMZN,214.56,214.76,211.06,213.03,1334735,Technology
2025-10-17,AVGO,349.6,350.74,341.06,349.35,541339,Technology
2025-10-17,GOOGL,250.66,254.21,247.965,253.22,708770,Technology
2025-10-17,META,709.13,718.49,706.44,716.76,204208,Technology
2025-10-17,MSFT,509.03,515.47,507.41,513.655,297455,Technology
2025-10-17,NVDA,180.045,184.095,179.83,183.165,4804343,Technology
2025-10-20,AAPL,255.96,264.345,255.66,262.245,2779230,Technology
2025-10-20,AMZN,213.745,216.65,213.61,216.44,1077839,Technology
2025-10-20,AVGO,353.8,356.12,347.885,349.14,315663,Technology
2025-10-20,GOOGL,255.48,257.33,254.27,256.46,1069056,Technology
2025-10-20,META,721.21,733.59,720.35,732.2,276673,Technology
2025-10-20,MSFT,514.56,518.52,513.44,516.8,333718,Technology
2025-10-20,NVDA,183.085,185.195,181.75,182.55,3191719,Technology
2025-10-21,AAPL,262.04,265.26,262.025,262.73,1663932,Technology
2025-10-21,AMZN,218.405,223.29,218.0,222.04,1623076,Technology
2025-10-21,AVGO,350.295,350.95,341.41,342.62,351303,Technology
2025-10-21,GOOGL,254.79,254.825,244.2,250.435,1676333,Technology
2025-10-21,META,736.475,738.25,728.905,733.09,213292,Technology
2025-10-21,MSFT,517.375,518.54,513.1,517.62,564876,Technology
2025-10-21,NVDA,182.785,182.785,179.8,181.13,2839288,Technology
2025-10-22,AAPL,262.765,262.81,255.445,258.4,1745133,Technology
2025-10-22,AMZN,219.405,219.96,216.54,217.955,1530991,Technology
2025-10-22,AVGO,347.85,347.85,335.78,340.43,431498,Technology
2025-10-22,GOOGL,254.305,256.33,249.31,251.69,1282081,Technology
2025-10-22,META,733.5,740.46,724.255,733.33,257099,Technology
2025-10-22,MSFT,520.69,525.195,517.795,520.51,545619,Technology
2025-10-22,NVDA,181.15,183.435,176.8,180.34,3107387,Technology
2025-10-23,AAPL,259.92,260.59,258.02,259.59,1301904,Technology
2025-10-23,AMZN,218.61,221.295,218.18,221.09,1072363,Technology
2025-10-23,AVGO,340.47,346.42,340.47,344.34,287033,Technology
2025-10-23,GOOGL,252.84,254.995,251.87,253.06,656816,Technology
2025-10-23,META,734.1,742.06,733.11,733.935,302924,Technology
2025-10-23,MSFT,522.48,523.86,518.655,520.66,378226,Technology
2025-10-23,NVDA,180.38,183.03,179.82,182.12,2949036,Technology
2025-10-24,AAPL,261.18,264.12,259.2,262.78,1585517,Technology
2025-10-24,AMZN,221.945,225.38,221.945,224.26,982852,Technology
2025-10-24,AVGO,352.53,358.25,350.875,354.02,504744,Technology
2025-10-24,GOOGL,256.385,261.64,255.32,259.95,933171,Technology
2025-10-24,META,737.22,741.1,731.225,738.585,178769,Technology
2025-10-24,MSFT,522.255,525.26,520.75,523.66,398952,Technology
2025-10-24,NVDA,183.71,187.465,183.51,186.29,3158161,Technology
2025-10-27,AAPL,264.87,269.04,264.68,268.75,1830875,Technology
2025-10-27,AMZN,227.505,228.375,225.56,227.05,1137826,Technology
2025-10-27,AVGO,361.405,362.7,355.18,362.065,613445,Technology
2025-10-27,GOOGL,264.84,270.01,264.31,269.34,1280336,Technology
2025-10-27,META,749.73,755.62,748.255,750.74,343811,Technology
2025-10-27,MSFT,531.57,534.52,529.05,531.48,427998,Technology
2025-10-27,NVDA,189.985,192.0,188.46,191.44,3091774,Technology
2025-10-28,AAPL,269.21,269.85,268.16,269.01,2094563,Technology
2025-10-28,AMZN,228.15,231.47,226.225,229.23,1830141,Technology
2025-10-28,AVGO,362.59,373.98,362.59,373.01,589798,Technology
2025-10-28,GOOGL,269.565,270.61,266.5,267.47,1173769,Technology
2025-10-28,META,752.765,758.25,745.95,751.34,371754,Technology
2025-10-28,MSFT,550.45,553.63,540.85,542.07,832062,Technology
2025-10-28,NVDA,193.055,203.145,191.93,201.05,6245465,Technology
2025-10-29,AAPL,269.275,271.39,267.11,269.82,2019543,Technology
2025-10-29,AMZN,231.795,232.82,227.78,230.36,2216802,Technology
2025-10-29,AVGO,374.15,386.42,374.15,385.915,474513,Technology
2025-10-29,GOOGL,267.75,275.32,267.735,274.81,1604912,Technology
2025-10-29,META,754.78,758.82,742.73,751.52,515850,Technology
2025-10-29,MSFT,544.73,546.1,536.78,542.425,668658,Technology
2025-10-29,NVDA,207.98,212.15,204.79,207.035,6715417,Technology
2025-10-30,AAPL,271.99,274.12,268.5,271.32,3173417,Technology
2025-10-30,AMZN,226.92,228.43,222.77,222.77,4143491,Technology
2025-10-30,AVGO,384.5,384.5,370.1,376.51,956716,Technology
2025-10-30,GOOGL,291.33,291.33,280.08,281.545,2573567,Technology
2025-10-30,META,668.65,680.75,650.775,665.89,2442065,Technology
2025-10-30,MSFT,530.2,534.91,522.195,525.675,1181386,Technology
2025-10-30,NVDA,205.205,206.1,201.425,202.9,3054330,Technology
2025-10-31,AAPL,276.385,277.27,269.19,270.41,2147498,Technology
2025-10-31,AMZN,250.2,250.38,244.22,244.29,5678930,Technology
2025-10-31,AVGO,378.64,378.64,365.155,369.61,847878,Technology
2025-10-31,GOOGL,282.93,285.92,277.04,281.27,1613543,Technology
2025-10-31,META,674.25,674.325,645.77,648.05,1745719,Technology
2025-10-31,MSFT,528.59,528.955,515.19,517.815,921001,Technology
2025-10-31,NVDA,206.425,207.96,202.08,202.49,3617748,Technology
2025-11-03,AAPL,270.47,270.84,266.28,269.08,1452789,Technology
2025-11-03,AMZN,255.555,258.55,253.05,253.99,4413626,Technology
2025-11-03,AVGO,372.185,374.8,362.0,362.49,504994,Technology
2025-11-03,GOOGL,282.0,285.51,279.85,283.89,1453848,Technology
2025-11-03,META,656.57,659.2,636.5,637.37,908226,Technology
2025-11-03,MSFT,519.79,524.9,514.595,516.98,709769,Technology
2025-11-03,NVDA,208.06,211.335,206.345,207.0,3685400,Technology
2025-11-04,AAPL,268.29,271.45,267.67,270.21,2835045,Technology
2025-11-04,AMZN,250.545,255.44,248.7,249.395,1664163,Technology
2025-11-04,AVGO,358.505,368.89,351.22,352.095,848090,Technology
2025-11-04,GOOGL,276.72,281.245,276.3,277.43,932791,Technology
2025-11-04,META,627.92,641.61,626.34,627.49,591232,Technology
2025-11-04,MSFT,512.015,515.49,507.98,514.71,521680,Technology
2025-11-04,NVDA,202.975,203.94,197.945,198.6,3980267,Technology
2025-11-05,AAPL,268.65,271.62,266.97,270.11,1141385,Technology
2025-11-05,AMZN,248.56,250.99,246.18,250.245,1232152,Technology
2025-11-05,AVGO,351.11,364.79,350.34,358.92,593020,Technology
2025-11-05,GOOGL,278.81,286.25,277.53,284.34,1157519,Technology
2025-11-05,META,631.56,642.06,626.54,636.135,415700,Technology
2025-11-05,MSFT,513.22,514.79,506.59,506.97,821387,Technology
2025-11-05,NVDA,198.71,202.9,194.97,195.175,4070656,Technology
2025-11-06,AAPL,268.01,273.325,267.93,269.85,1251348,Technology
2025-11-06,AMZN,249.26,250.34,242.18,242.96,1772580,Technology
2025-11-06,AVGO,360.11,363.48,352.9,355.64,595778,Technology
2025-11-06,GOOGL,285.2,288.34,281.17,284.79,1284206,Technology
2025-11-06,META,634.77,635.135,618.05,619.02,483255,Technology
2025-11-06,MSFT,505.07,505.2,495.91,497.315,950516,Technology
2025-11-06,NVDA,196.48,197.605,186.425,188.14,5372175,Technology
2025-11-07,AAPL,269.795,272.29,266.84,268.47,2474156,Technology
2025-11-07,AMZN,242.895,244.89,238.53,244.42,1705994,Technology
2025-11-07,AVGO,354.31,354.38,337.29,349.45,520213,Technology
2025-11-07,GOOGL,283.44,283.665,275.2,278.865,1288995,Technology
2025-11-07,META,616.365,622.11,601.28,621.75,596145,Technology
2025-11-07,MSFT,496.995,499.245,493.31,496.81,641654,Technology
2025-11-07,NVDA,184.86,188.3,178.91,188.205,5672369,Technology
2025-11-10,AAPL,269.13,273.7,267.46,269.4,1968635,Technology
2025-11-10,AMZN,248.34,251.73,245.62,248.37,1896049,Technology
2025-11-10,AVGO,358.215,359.85,354.63,358.28,517107,Technology
2025-11-10,GOOGL,284.48,290.735,282.91,290.09,970399,Technology
2025-11-10,META,631.39,634.9,623.46,631.74,355903,Technology
2025-11-10,MSFT,500.02,506.77,498.86,506.05,557881,Technology
2025-11-10,NVDA,195.115,199.935,193.79,199.045,3572456,Technology
2025-11-11,AAPL,269.85,275.85,269.85,275.405,2070329,Technology
2025-11-11,AMZN,248.61,249.71,247.23,249.05,675398,Technology
2025-11-11,AVGO,358.2,361.54,349.72,351.83,486997,Technology
2025-11-11,GOOGL,287.69,291.89,287.41,291.335,687297,Technology
2025-11-11,META,627.6,629.15,619.39,627.215,488994,Technology
2025-11-11,MSFT,504.89,509.6,502.43,508.98,348488,Technology
2025-11-11,NVDA,195.2,195.385,191.325,193.265,4104943,Technology
2025-11-12,AAPL,275.07,275.71,271.91,273.47,1499206,Technology
2025-11-12,AMZN,250.155,250.36,243.75,244.22,1070772,Technology
2025-11-12,AVGO,357.685,358.715,351.785,355.27,351239,Technology
2025-11-12,GOOGL,291.69,291.85,283.73,286.79,816267,Technology
2025-11-12,META,628.405,628.72,607.79,609.1,624299,Technology
2025-11-12,MSFT,509.025,511.645,499.22,511.34,698967,Technology
2025-11-12,NVDA,195.79,195.84,191.13,193.86,3232180,Technology
2025-11-13,AAPL,274.27,276.675,272.12,273.05,1154305,Technology
2025-11-13,AMZN,243.1,243.71,236.78,237.63,1441425,Technology
2025-11-13,AVGO,351.44,353.14,334.185,340.02,603444,Technology
2025-11-13,GOOGL,282.34,282.67,277.25,278.605,1061894,Technology
2025-11-13,META,613.155,617.31,603.0,609.955,501580,Technology
2025-11-13,MSFT,510.31,513.43,501.3,503.29,478410,Technology
2025-11-13,NVDA,191.05,191.43,183.85,186.97,3443123,Technology
2025-11-14,AAPL,271.195,275.95,269.65,272.48,1297451,Technology
2025-11-14,AMZN,235.085,238.71,232.94,234.63,1287281,Technology
2025-11-14,AVGO,331.52,344.65,329.14,342.59,478963,Technology
2025-11-14,GOOGL,271.41,278.56,270.82,276.28,1004136,Technology
2025-11-14,META,601.2,613.58,595.21,609.61,435284,Technology
2025-11-14,MSFT,498.235,511.585,497.49,510.28,628766,Technology
2025-11-14,NVDA,182.86,191.0,180.595,190.285,3084928,Technology
2025-11-17,AAPL,268.815,270.45,265.75,267.5,1814235,Technology
2025-11-17,AMZN,232.945,234.53,229.2,232.935,1702913,Technology
2025-11-17,AVGO,340.6,352.155,337.685,342.73,405380,Technology
2025-11-17,GOOGL,285.79,293.9,283.58,285.01,1588602,Technology
2025-11-17,META,608.485,611.51,595.53,601.92,314317,Technology
2025-11-17,MSFT,507.965,512.03,504.93,507.61,366874,Technology
2025-11-17,NVDA,185.97,188.99,184.325,186.67,3170265,Technology
2025-11-18,AAPL,269.915,270.69,265.35,267.44,1287868,Technology
2025-11-18,AMZN,228.1,230.19,222.44,222.71,2288377,Technology
2025-11-18,AVGO,343.35,347.855,335.66,340.45,682099,Technology
2025-11-18,GOOGL,288.3,288.77,278.27,284.32,1556303,Technology
2025-11-18,META,591.46,603.51,583.81,597.53,580966,Technology
2025-11-18,MSFT,495.245,500.99,487.0,493.67,676198,Technology
2025-11-18,NVDA,183.26,184.61,179.71,181.26,3742933,Technology
2025-11-19,AAPL,265.54,272.13,265.52,268.49,1613219,Technology
2025-11-19,AMZN,223.735,223.735,218.53,222.67,1989479,Technology
2025-11-19,AVGO,340.72,359.655,338.06,354.34,636630,Technology
2025-11-19,GOOGL,287.28,303.71,287.28,292.78,2133952,Technology
2025-11-19,META,593.375,595.2,581.315,590.26,561170,Technology
2025-11-19,MSFT,490.13,495.09,482.88,486.92,615184,Technology
2025-11-19,NVDA,184.775,187.84,182.86,186.7,4449420,Technology
2025-11-20,AAPL,271.1,275.42,265.935,266.395,1929776,Technology
2025-11-20,AMZN,226.7,227.39,216.755,217.195,2466255,Technology
2025-11-20,AVGO,366.34,376.055,345.19,346.92,878697,Technology
2025-11-20,GOOGL,304.535,306.4,288.71,289.59,2167719,Technology
2025-11-20,META,602.5,606.645,583.425,589.15,574520,Technology
2025-11-20,MSFT,492.98,493.525,476.08,478.51,659517,Technology
2025-11-20,NVDA,195.91,195.97,179.87,180.92,5384530,Technology
2025-11-21,AAPL,266.03,273.29,265.74,271.49,2337119,Technology
2025-11-21,AMZN,216.375,222.185,215.2,220.65,2260352,Technology
2025-11-21,AVGO,345.155,348.42,331.81,339.93,785797,Technology
2025-11-21,GOOGL,296.53,303.9,293.86,299.71,2682366,Technology
2025-11-21,META,588.76,598.035,582.05,594.235,511055,Technology
2025-11-21,MSFT,478.55,478.88,468.3,472.19,735235,Technology
2025-11-21,NVDA,181.275,184.55,172.93,178.93,7522235,Technology
2025-11-24,AAPL,271.25,276.98,271.25,275.86,1726808,Technology
2025-11-24,AMZN,222.325,227.22,222.325,226.12,1722473,Technology
2025-11-24,AVGO,347.73,381.12,347.73,378.05,1094328,Technology
2025-11-24,GOOGL,311.1,319.465,309.66,318.38,2155198,Technology
2025-11-24,META,599.07,616.58,597.76,613.17,697749,Technology
2025-11-24,MSFT,475.14,476.88,468.06,473.91,684645,Technology
2025-11-24,NVDA,179.445,183.46,176.53,182.835,4345785,Technology
2025-11-25,AAPL,275.33,280.32,275.33,276.9,1690125,Technology
2025-11-25,AMZN,226.26,230.51,223.81,229.57,1574173,Technology
2025-11-25,AVGO,384.72,388.13,371.79,385.16,969277,Technology
2025-11-25,GOOGL,326.805,328.69,317.66,323.465,2753605,Technology
2025-11-25,META,624.07,637.02,618.605,636.22,1091258,Technology
2025-11-25,MSFT,474.03,478.86,464.94,476.99,675148,Technology
2025-11-25,NVDA,174.96,178.155,169.565,177.8,6778353,Technology
2025-11-26,AAPL,277.37,279.52,276.675,277.595,1164523,Technology
2025-11-26,AMZN,230.69,231.74,228.79,229.15,1243901,Technology
2025-11-26,AVGO,385.55,399.845,383.56,397.47,657127,Technology
2025-11-26,GOOGL,320.45,324.49,316.8,320.0,1949632,Technology
2025-11-26,META,637.21,638.175,631.76,633.69,427973,Technology
2025-11-26,MSFT,486.31,488.26,481.24,485.33,869644,Technology
2025-11-26,NVDA,181.63,182.875,178.24,180.18,3651964,Technology
2025-11-28,AAPL,277.315,279.0,275.995,278.77,662450,Technology
2025-11-28,AMZN,231.315,233.28,230.23,233.23,861054,Technology
2025-11-28,AVGO,399.41,403.0,397.22,403.0,314375,Technology
2025-11-28,GOOGL,323.13,326.77,316.81,319.995,1083692,Technology
2025-11-28,META,636.175,648.02,635.605,647.935,194380,Technology
2025-11-28,MSFT,487.37,492.615,486.72,491.995,288559,Technology
2025-11-28,NVDA,178.99,179.27,176.535,176.95,2869989,Technology
2025-12-01,AAPL,278.05,283.42,276.14,283.17,1647255,Technology
2025-12-01,AMZN,233.21,235.78,232.28,233.92,1500261,Technology
2025-12-01,AVGO,394.85,395.29,385.1,385.9,626096,Technology
2025-12-01,GOOGL,317.625,319.77,313.92,315.09,1223509,Technology
2025-12-01,META,638.475,645.225,637.885,640.89,363103,Technology
2025-12-01,MSFT,487.755,489.84,484.65,486.96,444441,Technology
2025-12-01,NVDA,174.775,180.28,173.69,179.965,4518158,Technology
2025-12-02,AAPL,282.91,287.36,282.7,286.09,1538529,Technology
2025-12-02,AMZN,235.005,238.94,233.58,234.36,1776296,Technology
2025-12-02,AVGO,388.31,393.47,379.92,381.55,607277,Technology
2025-12-02,GOOGL,316.74,318.37,313.91,315.74,980144,Technology
2025-12-02,META,642.51,647.75,638.115,647.225,268738,Technology
2025-12-02,MSFT,486.715,493.42,486.465,489.85,372153,Technology
2025-12-02,NVDA,181.72,185.66,180.0,181.33,3914237,Technology
2025-12-03,AAPL,286.21,288.61,283.63,284.16,1511947,Technology
2025-12-03,AMZN,233.35,233.35,230.64,232.42,1446006,Technology
2025-12-03,AVGO,380.17,382.28,370.66,380.645,487608,Technology
2025-12-03,GOOGL,315.355,321.57,314.13,319.65,1323426,Technology
2025-12-03,META,642.94,648.82,638.845,639.48,265265,Technology
2025-12-03,MSFT,475.89,484.22,475.235,477.93,821127,Technology
2025-12-03,NVDA,181.065,182.4,179.14,179.515,3504383,Technology
2025-12-04,AAPL,284.115,284.7,278.6,280.68,1646319,Technology
2025-12-04,AMZN,232.775,233.46,226.815,229.14,1563178,Technology
2025-12-04,AVGO,380.325,383.875,376.57,381.04,480131,Technology
2025-12-04,GOOGL,322.045,322.045,314.755,317.66,958684,Technology
2025-12-04,META,675.955,675.955,660.11,661.57,717335,Technology
2025-12-04,MSFT,479.76,481.29,476.5,480.97,547825,Technology
2025-12-04,NVDA,181.62,184.51,179.97,183.45,4313834,Technology
2025-12-05,AAPL,280.59,281.105,278.05,278.815,1020801,Technology
2025-12-05,AMZN,230.29,231.23,228.55,229.48,1052220,Technology
2025-12-05,AVGO,385.99,393.44,385.19,390.22,702264,Technology
2025-12-05,GOOGL,320.16,323.08,319.235,321.355,899873,Technology
2025-12-05,META,663.98,674.67,662.52,673.32,433287,Technology
2025-12-05,MSFT,482.6,483.39,478.91,483.03,382308,Technology
2025-12-05,NVDA,183.84,184.65,180.92,182.355,3062106,Technology
2025-12-08,AAPL,278.105,279.62,276.175,277.96,1336404,Technology
2025-12-08,AMZN,229.42,230.81,226.31,226.98,1126342,Technology
2025-12-08,AVGO,402.36,407.19,397.51,401.055,1107064,Technology
2025-12-08,GOOGL,320.365,320.365,311.325,313.8,1161293,Technology
2025-12-08,META,669.59,676.625,665.71,666.77,309013,Technology
2025-12-08,MSFT,484.735,492.255,484.59,491.08,541638,Technology
2025-12-08,NVDA,182.63,187.97,182.4,185.575,4546240,Technology
2025-12-09,AAPL,278.16,280.02,276.92,277.24,869743,Technology
2025-12-09,AMZN,226.805,228.54,225.16,227.9,613667,Technology
2025-12-09,AVGO,398.0,406.89,395.81,406.43,450106,Technology
2025-12-09,GOOGL,312.8,317.98,311.9,317.15,728308,Technology
2025-12-09,META,664.17,664.17,653.55,656.92,285999,Technology
2025-12-09,MSFT,489.255,492.07,488.58,492.04,269065,Technology
2025-12-09,NVDA,185.56,185.715,183.335,184.98,2635016,Technology
2025-12-10,AAPL,277.83,279.725,276.48,278.75,867993,Technology
2025-12-10,AMZN,228.595,232.38,228.47,231.685,1162879,Technology
2025-12-10,AVGO,402.21,414.56,399.9,412.79,642018,Technology
2025-12-10,GOOGL,315.83,321.29,314.72,320.22,1466208,Technology
2025-12-10,META,649.625,654.5,643.46,650.01,570352,Technology
2025-12-10,MSFT,483.74,484.105,475.12,478.7,1115670,Technology
2025-12-10,NVDA,184.7,185.47,182.035,183.75,4018810,Technology
2025-12-11,AAPL,279.095,279.59,273.845,278.08,1021332,Technology
2025-12-11,AMZN,230.94,232.085,228.765,230.28,829585,Technology
2025-12-11,AVGO,404.825,409.06,394.23,406.99,1106708,Technology
2025-12-11,GOOGL,320.17,321.1,308.75,312.505,1352198,Technology
2025-12-11,META,643.8,655.21,641.14,652.78,330589,Technology
2025-12-11,MSFT,476.24,486.025,475.91,483.655,692896,Technology
2025-12-11,NVDA,180.285,181.31,176.63,180.99,4148013,Technology
2025-12-12,AAPL,277.92,279.19,276.985,278.315,982006,Technology
2025-12-12,AMZN,229.87,230.01,225.18,226.2,1249975,Technology
2025-12-12,AVGO,379.985,380.21,355.17,360.04,2366014,Technology
2025-12-12,GOOGL,313.985,314.84,305.62,309.22,1012195,Technology
2025-12-12,META,650.22,652.0,638.67,644.17,473240,Technology
2025-12-12,MSFT,479.98,482.16,476.4,478.53,562529,Technology
2025-12-12,NVDA,181.08,182.815,174.65,175.065,4731441,Technology
2025-12-15,AAPL,280.15,280.15,272.84,274.115,1867919,Technology
2025-12-15,AMZN,227.805,227.82,222.02,222.61,1445714,Technology
2025-12-15,AVGO,361.7,361.75,337.54,339.89,1482450,Technology
2025-12-15,GOOGL,311.42,311.42,304.915,308.26,1108102,Technology
2025-12-15,META,645.765,652.975,638.795,647.59,518468,Technology
2025-12-15,MSFT,480.16,480.16,472.76,474.74,551937,Technology
2025-12-15,NVDA,177.9,178.41,175.045,176.1,4517319,Technology
2025-12-16,AAPL,272.82,275.47,271.81,274.56,1160746,Technology
2025-12-16,AMZN,223.035,223.65,221.15,222.515,1204366,Technology
2025-12-16,AVGO,335.63,347.45,335.11,341.04,1460261,Technology
2025-12-16,GOOGL,305.06,310.74,302.625,306.38,779669,Technology
2025-12-16,META,643.92,662.495,643.81,657.3,444538,Technology
2025-12-16,MSFT,471.94,477.84,470.92,476.285,532397,Technology
2025-12-16,NVDA,176.26,178.195,174.93,177.515,3913906,Technology
2025-12-17,AAPL,274.95,276.15,271.725,271.85,1177959,Technology
2025-12-17,AMZN,224.375,225.14,221.2,221.29,1220008,Technology
2025-12-17,AVGO,346.24,346.24,321.43,326.11,2067249,Technology
2025-12-17,GOOGL,307.98,307.99,296.36,296.65,1169636,Technology
2025-12-17,META,655.43,661.145,649.21,649.435,369152,Technology
2025-12-17,MSFT,477.305,479.88,475.295,476.09,644668,Technology
2025-12-17,NVDA,176.13,176.13,170.33,170.98,5979537,Technology
2025-12-18,AAPL,273.61,273.615,266.97,272.24,1556342,Technology
2025-12-18,AMZN,225.605,229.225,224.41,226.8,1147631,Technology
2025-12-18,AVGO,336.025,336.025,323.74,329.78,1294008,Technology
2025-12-18,GOOGL,301.72,303.945,299.285,302.46,814742,Technology
2025-12-18,META,656.99,670.45,656.67,664.19,307231,Technology
2025-12-18,MSFT,478.37,489.57,478.37,483.92,475970,Technology
2025-12-18,NVDA,174.535,176.14,171.83,173.985,4071787,Technology
2025-12-19,AAPL,272.18,273.905,269.91,273.865,1743005,Technology
2025-12-19,AMZN,226.71,229.12,225.64,227.48,988180,Technology
2025-12-19,AVGO,333.27,341.395,332.625,340.36,1522125,Technology
2025-12-19,GOOGL,301.795,307.21,301.035,307.21,897463,Technology
2025-12-19,META,666.51,670.075,658.72,658.72,511536,Technology
2025-12-19,MSFT,487.68,487.76,482.51,485.68,638116,Technology
2025-12-19,NVDA,176.665,181.06,176.415,181.0,4987999,Technology
2025-12-22,AAPL,272.86,273.815,270.51,270.82,957616,Technology
2025-12-22,AMZN,228.52,229.47,226.715,228.38,967524,Technology
2025-12-22,AVGO,346.06,346.06,337.29,341.44,463792,Technology
2025-12-22,GOOGL,309.9,310.12,305.37,309.75,663429,Technology
2025-12-22,META,661.645,673.1,656.7,661.3,407914,Technology
2025-12-22,MSFT,486.105,488.67,482.705,484.79,429564,Technology
2025-12-22,NVDA,183.92,184.16,182.37,183.675,2413722,Technology
2025-12-23,AAPL,270.845,272.435,269.61,272.23,757775,Technology
2025-12-23,AMZN,229.055,232.435,228.73,232.12,822277,Technology
2025-12-23,AVGO,340.8,350.1,338.595,349.24,437506,Technology
2025-12-23,GOOGL,309.625,314.92,309.475,314.43,779905,Technology
2025-12-23,META,659.2,665.99,659.2,665.06,128404,Technology
2025-12-23,MSFT,484.965,487.67,484.88,486.49,274712,Technology
2025-12-23,NVDA,182.96,189.315,182.915,189.2,3894703,Technology
2025-12-24,AAPL,272.55,275.43,272.52,273.9,431640,Technology
2025-12-24,AMZN,232.24,232.94,231.335,232.44,299119,Technology
2025-12-24,AVGO,350.51,352.825,347.25,350.06,222675,Technology
2025-12-24,GOOGL,314.76,314.76,312.02,314.05,228162,Technology
2025-12-24,META,662.59,668.18,662.59,667.78,78018,Technology
2025-12-24,MSFT,485.56,489.145,484.905,488.04,96483,Technology
2025-12-24,NVDA,187.82,188.705,186.6,188.625,1244838,Technology
2025-12-26,AAPL,274.23,275.365,272.92,273.39,852858,Technology
2025-12-26,AMZN,232.095,232.98,231.27,232.51,480598,Technology
2025-12-26,AVGO,351.06,353.2,347.785,352.21,267254,Technology
2025-12-26,GOOGL,314.575,314.97,312.31,313.55,325647,Technology
2025-12-26,META,667.86,668.73,661.35,663.26,125440,Technology
2025-12-26,MSFT,486.83,488.075,485.985,487.85,149393,Technology
2025-12-26,NVDA,189.92,192.69,189.65,190.43,2624648,Technology
2025-12-29,AAPL,272.96,274.34,272.37,273.79,575505,Technology
2025-12-29,AMZN,231.835,232.585,230.84,232.095,700452,Technology
2025-12-29,AVGO,348.49,350.32,344.81,349.41,344923,Technology
2025-12-29,GOOGL,311.45,313.93,310.735,313.51,390759,Technology
2025-12-29,META,658.16,660.06,654.445,658.46,222552,Technology
2025-12-29,MSFT,484.92,488.29,484.3,487.19,181949,Technology
2025-12-29,NVDA,187.735,188.74,185.96,188.23,2188759,Technology
2025-12-30,AAPL,272.785,274.0,272.28,273.05,585588,Technology
2025-12-30,AMZN,231.19,232.77,230.28,232.49,914409,Technology
2025-12-30,AVGO,349.97,352.67,349.32,349.91,340036,Technology
2025-12-30,GOOGL,312.64,316.885,312.5,313.87,473863,Technology
2025-12-30,META,658.67,671.945,657.92,666.19,201820,Technology
2025-12-30,MSFT,485.93,489.655,485.62,487.49,290824,Technology
2025-12-30,NVDA,188.21,188.97,186.945,187.515,1572752,Technology
2025-12-31,AAPL,272.895,273.65,271.77,272.035,686177,Technology
2025-12-31,AMZN,232.935,232.935,230.69,230.85,567837,Technology
2025-12-31,AVGO,349.65,349.785,345.44,346.22,323526,Technology
2025-12-31,GOOGL,312.72,314.53,311.52,313.04,335595,Technology
2025-12-31,META,663.85,664.89,659.49,660.11,143930,Technology
2025-12-31,MSFT,487.76,488.055,483.33,483.695,309335,Technology
2025-12-31,NVDA,189.42,190.55,186.5,186.52,1724343,Technology
2026-01-02,AAPL,272.255,277.79,269.1,271.01,1057525,Technology
2026-01-02,AMZN,231.28,235.41,224.74,226.49,1321728,Technology
2026-01-02,AVGO,352.82,360.58,345.57,347.53,640925,Technology
2026-01-02,GOOGL,317.035,322.49,310.38,315.24,754732,Technology
2026-01-02,META,663.23,664.17,643.58,650.61,274209,Technology
2026-01-02,MSFT,484.385,484.62,470.16,472.935,857801,Technology
2026-01-02,NVDA,189.8,192.885,188.27,188.825,2742114,Technology
2026-01-05,AAPL,270.715,271.49,266.175,267.175,1447808,Technology
2026-01-05,AMZN,228.9,233.99,227.22,233.005,1574185,Technology
2026-01-05,AVGO,354.61,354.9,336.52,343.38,727366,Technology
2026-01-05,GOOGL,317.79,318.865,314.68,316.56,732618,Technology
2026-01-05,META,651.195,664.515,648.12,658.74,309658,Technology
2026-01-05,MSFT,473.94,475.99,469.605,472.8,664531,Technology
2026-01-05,NVDA,191.735,193.59,186.16,188.13,3894580,Technology
2026-01-06,AAPL,266.97,267.52,262.14,262.22,1802408,Technology
2026-01-06,AMZN,232.33,243.16,232.12,240.87,1890654,Technology
2026-01-06,AVGO,343.41,349.02,338.01,343.64,589411,Technology
2026-01-06,GOOGL,316.74,320.855,311.8,314.25,813016,Technology
2026-01-06,META,659.975,665.42,651.99,660.715,284519,Technology
2026-01-06,MSFT,473.435,478.71,469.76,478.48,492175,Technology
2026-01-06,NVDA,190.44,192.13,186.825,187.255,3697948,Technology
2026-01-07,AAPL,263.24,263.62,259.815,260.35,1663252,Technology
2026-01-07,AMZN,239.755,245.28,239.545,241.58,1292637,Technology
2026-01-07,AVGO,341.52,349.68,335.92,343.57,723470,Technology
2026-01-07,GOOGL,314.36,326.12,314.36,322.06,1175905,Technology
2026-01-07,META,655.785,659.01,644.97,648.79,418250,Technology
2026-01-07,MSFT,479.94,489.61,477.98,483.71,549942,Technology
2026-01-07,NVDA,188.57,191.335,186.56,189.17,2716687,Technology
2026-01-08,AAPL,257.02,259.28,255.7,259.08,1748334,Technology
2026-01-08,AMZN,243.06,246.405,241.935,246.23,1225067,Technology
2026-01-08,AVGO,342.965,343.42,330.505,332.54,561407,Technology
2026-01-08,GOOGL,328.995,330.3,321.51,325.37,970517,Technology
2026-01-08,META,645.76,646.98,635.78,645.99,239077,Technology
2026-01-08,MSFT,480.89,482.565,476.06,478.04,480860,Technology
2026-01-08,NVDA,189.04,189.53,183.72,185.09,3951943,Technology
2026-01-09,AAPL,258.985,260.2,256.24,259.345,1100757,Technology
2026-01-09,AMZN,244.81,247.75,242.25,247.32,1396059,Technology
2026-01-09,AVGO,337.92,347.32,333.69,344.91,751579,Technology
2026-01-09,GOOGL,326.54,330.765,325.85,328.62,548240,Technology
2026-01-09,META,645.82,654.84,642.88,652.96,420204,Technology
2026-01-09,MSFT,474.29,479.78,472.26,479.15,466987,Technology
2026-01-09,NVDA,185.01,186.325,183.735,184.82,2646875,Technology
2026-01-12,AAPL,259.305,261.27,256.845,260.27,1421299,Technology
2026-01-12,AMZN,246.72,248.92,245.96,246.44,1380281,Technology
2026-01-12,AVGO,341.065,353.87,341.065,352.18,432364,Technology
2026-01-12,GOOGL,325.67,334.025,325.15,331.86,867388,Technology
2026-01-12,META,651.84,653.92,641.3,641.91,370656,Technology
2026-01-12,MSFT,476.305,480.97,476.305,477.19,547569,Technology
2026-01-12,NVDA,183.185,187.1,183.07,184.88,2712269,Technology
2026-01-13,AAPL,258.67,261.765,258.575,261.05,1279908,Technology
2026-01-13,AMZN,246.56,247.635,240.27,242.58,1365714,Technology
2026-01-13,AVGO,352.89,359.45,351.16,354.635,437141,Technology
2026-01-13,GOOGL,334.625,340.46,333.685,335.99,1169484,Technology
2026-01-13,META,641.0,641.1,624.185,630.9,383564,Technology
2026-01-13,MSFT,474.695,475.75,465.975,470.67,669555,Technology
2026-01-13,NVDA,184.92,188.1,183.41,185.79,3415535,Technology
2026-01-14,AAPL,259.425,261.81,256.74,260.1,1600138,Technology
2026-01-14,AMZN,240.98,240.98,236.25,236.74,1857196,Technology
2026-01-14,AVGO,348.8,350.615,334.49,339.81,760921,Technology
2026-01-14,GOOGL,333.87,336.5,330.5,335.925,1269297,Technology
2026-01-14,META,626.03,628.45,614.85,615.35,571554,Technology
2026-01-14,MSFT,466.46,468.055,457.21,459.625,971466,Technology
2026-01-14,NVDA,184.325,184.46,180.86,183.3,4310903,Technology
2026-01-15,AAPL,260.61,261.01,257.055,258.09,1262047,Technology
2026-01-15,AMZN,239.3,240.625,236.69,238.14,1483275,Technology
2026-01-15,AVGO,349.075,349.63,341.67,343.08,641606,Technology
2026-01-15,GOOGL,337.51,337.51,330.77,332.64,642791,Technology
2026-01-15,META,618.05,624.035,614.34,620.765,257019,Technology
2026-01-15,MSFT,463.93,463.94,455.92,456.71,689831,Technology
2026-01-15,NVDA,186.48,189.7,186.34,187.15,4338760,Technology
2026-01-16,AAPL,258.08,258.89,254.93,255.475,1226527,Technology
2026-01-16,AMZN,238.97,239.5,236.435,239.09,1083084,Technology
2026-01-16,AVGO,346.23,354.425,344.09,351.72,552917,Technology
2026-01-16,GOOGL,334.41,334.565,327.88,329.97,902076,Technology
2026-01-16,META,622.86,628.98,620.16,620.26,210669,Technology
2026-01-16,MSFT,457.66,463.16,456.6,459.76,522419,Technology
2026-01-16,NVDA,188.985,190.425,186.095,186.12,2780304,Technology
2026-01-20,AAPL,252.68,254.76,243.45,246.725,2206629,Technology
2026-01-20,AMZN,233.665,235.07,229.36,231.03,1807736,Technology
2026-01-20,AVGO,344.1,345.36,331.81,332.765,1061487,Technology
2026-01-20,GOOGL,320.745,327.7,320.5,321.945,1163887,Technology
2026-01-20,META,606.85,611.07,600.01,604.32,437923,Technology
2026-01-20,MSFT,451.135,456.775,449.43,454.635,669206,Technology
2026-01-20,NVDA,181.84,182.315,177.65,178.15,5032110,Technology
2026-01-21,AAPL,248.6,251.54,245.19,247.59,1857697,Technology
2026-01-21,AMZN,231.125,232.26,226.92,231.27,1853084,Technology
2026-01-21,AVGO,335.54,335.68,324.25,328.8,1194255,Technology
2026-01-21,GOOGL,320.965,332.43,319.5,328.34,1020922,Technology
2026-01-21,META,606.62,618.14,600.22,613.09,346428,Technology
2026-01-21,MSFT,452.595,452.595,438.73,444.0,1138228,Technology
2026-01-21,NVDA,179.06,185.37,178.42,183.3,5474004,Technology
2026-01-22,AAPL,249.11,250.99,248.18,248.355,1329498,Technology
2026-01-22,AMZN,233.99,235.7,230.96,234.33,1183152,Technology
2026-01-22,AVGO,335.49,336.9,324.9,325.51,835429,Technology
2026-01-22,GOOGL,333.905,335.07,328.77,330.48,647549,Technology
2026-01-22,META,629.35,648.18,626.69,647.66,901332,Technology
2026-01-22,MSFT,447.935,452.78,444.75,450.915,670580,Technology
2026-01-22,NVDA,184.77,186.16,183.93,184.84,3498488,Technology
2026-01-23,AAPL,246.99,249.38,244.69,247.99,1173794,Technology
2026-01-23,AMZN,234.92,240.42,234.64,239.15,1336531,Technology
2026-01-23,AVGO,318.55,321.91,314.14,320.02,1097630,Technology
2026-01-23,GOOGL,332.485,333.63,327.46,327.89,876434,Technology
2026-01-23,META,644.52,666.33,644.52,658.48,629463,Technology
2026-01-23,MSFT,451.505,471.075,450.65,465.81,944952,Technology
2026-01-23,NVDA,187.51,189.6,186.845,187.64,3285830,Technology
2026-01-26,AAPL,251.31,256.56,249.885,255.39,1620211,Technology
2026-01-26,AMZN,239.86,240.785,237.58,238.38,1376683,Technology
2026-01-26,AVGO,319.95,328.62,317.61,324.9,562905,Technology
2026-01-26,GOOGL,327.785,335.83,327.115,333.23,664796,Technology
2026-01-26,META,665.33,675.23,661.68,672.205,339329,Technology
2026-01-26,MSFT,465.245,474.23,462.09,470.3,746352,Technology
2026-01-26,NVDA,187.125,189.115,186.0,186.41,2582372,Technology
2026-01-27,AAPL,258.72,261.945,258.23,258.28,1373812,Technology
2026-01-27,AMZN,239.65,244.86,238.095,244.685,1810236,Technology
2026-01-27,AVGO,329.745,334.755,327.08,332.765,662952,Technology
2026-01-27,GOOGL,335.13,337.89,333.6,334.46,654002,Technology
2026-01-27,META,674.66,676.52,664.9,673.02,469418,Technology
2026-01-27,MSFT,473.59,482.855,473.28,480.6,814705,Technology
2026-01-27,NVDA,187.29,190.0,185.74,188.56,3307933,Technology
2026-01-28,AAPL,257.5,258.83,254.51,256.45,1183853,Technology
2026-01-28,AMZN,246.375,247.77,241.57,243.02,1579104,Technology
2026-01-28,AVGO,338.39,339.93,326.74,333.295,628123,Technology
2026-01-28,GOOGL,335.54,337.52,331.94,336.14,1193326,Technology
2026-01-28,META,674.24,677.555,667.35,667.35,454419,Technology
2026-01-28,MSFT,483.44,483.44,478.0,481.64,684448,Technology
2026-01-28,NVDA,191.25,192.335,189.845,191.52,3032804,Technology
2026-01-29,AAPL,258.115,259.59,254.41,258.175,2117007,Technology
2026-01-29,AMZN,242.775,242.95,236.76,241.625,1837808,Technology
2026-01-29,AVGO,332.815,335.95,320.32,330.75,592591,Technology
2026-01-29,GOOGL,340.54,342.29,326.58,338.17,1225533,Technology
2026-01-29,META,737.64,743.93,712.58,738.14,1781246,Technology
2026-01-29,MSFT,440.3,442.2,421.05,433.12,4062705,Technology
2026-01-29,NVDA,191.265,193.465,186.08,192.49,3503730,Technology
2026-01-30,AAPL,255.165,261.88,252.25,259.06,2649913,Technology
2026-01-30,AMZN,239.945,243.3,237.77,239.52,2176249,Technology
2026-01-30,AVGO,332.77,338.195,328.41,331.38,627037,Technology
2026-01-30,GOOGL,334.125,339.9,332.51,338.03,859664,Technology
2026-01-30,META,727.995,731.93,713.635,716.86,557685,Technology
2026-01-30,MSFT,439.525,439.525,426.47,430.05,1705414,Technology
2026-01-30,NVDA,191.255,194.475,189.485,191.13,4306864,Technology
2026-02-02,AAPL,259.91,270.45,259.31,269.95,1819831,Technology
2026-02-02,AMZN,238.38,245.615,238.36,242.885,1460613,Technology
2026-02-02,AVGO,326.04,336.045,326.04,331.13,404068,Technology
2026-02-02,GOOGL,336.025,344.76,335.72,343.8,789932,Technology
2026-02-02,META,714.26,721.045,703.6,706.385,389059,Technology
2026-02-02,MSFT,430.26,430.67,422.31,423.24,1166296,Technology
2026-02-02,NVDA,187.2,190.28,184.89,185.66,3534375,Technology
2026-02-03,AAPL,269.22,271.85,267.72,269.46,2247433,Technology
2026-02-03,AMZN,245.125,246.255,235.49,238.63,2137846,Technology
2026-02-03,AVGO,336.07,338.87,308.72,320.305,1393404,Technology
2026-02-03,GOOGL,347.71,348.93,337.49,339.84,739640,Technology
2026-02-03,META,707.645,714.73,686.47,691.74,317059,Technology
2026-02-03,MSFT,421.945,421.975,408.58,411.25,1910790,Technology
2026-02-03,NVDA,186.05,186.185,176.245,180.28,5177349,Technology
2026-02-04,AAPL,272.32,278.94,272.32,276.41,2491142,Technology
2026-02-04,AMZN,238.765,238.765,231.84,232.97,1934571,Technology
2026-02-04,AVGO,319.45,319.45,295.32,307.85,1467428,Technology
2026-02-04,GOOGL,343.02,343.285,328.57,333.06,2364929,Technology
2026-02-04,META,687.7,688.5,667.52,668.715,516987,Technology
2026-02-04,MSFT,410.685,418.67,409.29,414.18,1157797,Technology
2026-02-04,NVDA,179.43,179.55,171.91,174.195,4794069,Technology
2026-02-05,AAPL,277.97,279.45,273.31,275.93,2039881,Technology
2026-02-05,AMZN,225.0,226.3,220.405,222.455,3216969,Technology
2026-02-05,AVGO,314.335,326.385,306.77,310.69,1766986,Technology
2026-02-05,GOOGL,312.15,332.555,306.56,332.3,2958903,Technology
2026-02-05,META,663.58,681.195,653.52,670.37,508891,Technology
2026-02-05,MSFT,407.59,408.235,392.39,393.65,1998879,Technology
2026-02-05,NVDA,174.87,176.795,171.11,171.82,6856680,Technology
2026-02-06,AAPL,277.16,280.88,276.94,278.11,1687881,Technology
2026-02-06,AMZN,202.62,211.38,200.39,210.25,7222174,Technology
2026-02-06,AVGO,319.99,335.0,316.38,332.59,1339509,Technology
2026-02-06,GOOGL,327.555,330.17,319.99,322.97,1798877,Technology
2026-02-06,META,665.31,671.85,646.54,661.42,481641,Technology
2026-02-06,MSFT,398.395,401.76,392.96,401.015,1568628,Technology
2026-02-06,NVDA,176.55,186.925,174.625,185.21,6545464,Technology
2026-02-09,AAPL,277.88,278.02,271.71,274.5,1275153,Technology
2026-02-09,AMZN,208.97,212.8,203.35,208.655,3317497,Technology
2026-02-09,AVGO,331.23,352.29,330.765,343.86,1125550,Technology
2026-02-09,GOOGL,321.015,327.69,317.29,324.27,1217645,Technology
2026-02-09,META,662.7,683.165,658.9,677.37,318301,Technology
2026-02-09,MSFT,404.585,414.88,400.88,413.69,2076945,Technology
2026-02-09,NVDA,184.29,193.655,184.065,189.92,4904191,Technology
2026-02-10,AAPL,274.99,275.36,272.96,273.585,870120,Technology
2026-02-10,AMZN,208.775,212.63,206.42,206.96,2279515,Technology
2026-02-10,AVGO,346.79,347.99,339.86,340.37,500337,Technology
2026-02-10,GOOGL,321.035,321.6,314.64,318.59,884068,Technology
2026-02-10,META,677.805,680.17,669.8,670.5,260448,Technology
2026-02-10,MSFT,419.66,423.655,412.72,413.32,1895777,Technology
2026-02-10,NVDA,191.375,192.48,188.125,188.42,3140267,Technology
2026-02-11,AAPL,274.695,280.14,274.475,275.465,1479464,Technology
2026-02-11,AMZN,208.03,208.54,202.505,204.15,2268764,Technology
2026-02-11,AVGO,346.8,346.8,333.81,342.58,412147,Technology
2026-02-11,GOOGL,319.165,320.79,309.66,310.78,1085648,Technology
2026-02-11,META,674.395,679.075,657.15,668.785,513097,Technology
2026-02-11,MSFT,416.175,416.28,401.03,404.24,1152051,Technology
2026-02-11,NVDA,192.31,193.23,188.78,189.98,3358517,Technology
2026-02-12,AAPL,275.51,275.65,260.19,261.65,1934239,Technology
2026-02-12,AMZN,203.61,203.81,197.57,199.55,2999284,Technology
2026-02-12,AVGO,343.465,346.015,329.595,331.06,559068,Technology
2026-02-12,GOOGL,312.05,316.19,307.765,309.0,1122579,Technology
2026-02-12,META,668.18,675.82,645.34,650.3,470399,Technology
2026-02-12,MSFT,404.81,406.19,398.02,401.88,1117401,Technology
2026-02-12,NVDA,192.98,193.58,186.565,186.9,3725199,Technology
2026-02-13,AAPL,262.15,262.15,255.48,255.755,1665212,Technology
2026-02-13,AMZN,198.89,201.155,197.31,198.815,1931180,Technology
2026-02-13,AVGO,329.81,334.16,324.695,325.19,581888,Technology
2026-02-13,GOOGL,307.835,308.2,303.88,305.71,1043446,Technology
2026-02-13,META,643.66,651.27,634.59,639.8,298247,Technology
2026-02-13,MSFT,404.11,405.4,398.095,401.18,913973,Technology
2026-02-13,NVDA,187.405,187.405,181.6,182.78,4199690,Technology
2026-02-17,AAPL,258.055,266.25,255.55,263.93,1502965,Technology
2026-02-17,AMZN,198.22,201.73,196.13,201.245,2560469,Technology
2026-02-17,AVGO,319.875,335.7,316.375,332.56,557547,Technology
2026-02-17,GOOGL,300.04,304.32,296.3,302.11,1026750,Technology
2026-02-17,META,639.495,642.55,628.92,639.89,309402,Technology
2026-02-17,MSFT,399.06,400.41,394.55,396.76,798908,Technology
2026-02-17,NVDA,181.75,187.14,179.2,185.11,4729350,Technology
2026-02-18,AAPL,263.56,266.81,262.5,264.235,1116911,Technology
2026-02-18,AMZN,202.07,206.86,201.51,204.68,1831226,Technology
2026-02-18,AVGO,329.76,337.75,327.28,333.44,422156,Technology
2026-02-18,GOOGL,301.68,305.38,301.25,303.21,738166,Technology
2026-02-18,META,633.6,644.46,628.2,643.0,547943,Technology
2026-02-18,MSFT,397.76,402.53,396.435,399.56,504627,Technology
2026-02-18,NVDA,188.64,190.37,186.77,187.89,3858348,Technology
2026-02-19,AAPL,262.395,264.435,260.06,260.52,915241,Technology
2026-02-19,AMZN,203.8,205.63,202.87,204.93,1248293,Technology
2026-02-19,AVGO,332.6,338.44,329.84,333.98,527152,Technology
2026-02-19,GOOGL,301.715,305.455,300.115,302.83,1186922,Technology
2026-02-19,META,638.315,647.05,637.47,644.78,258313,Technology
2026-02-19,MSFT,400.515,404.38,396.695,398.41,782692,Technology
2026-02-19,NVDA,187.02,188.42,185.66,187.885,2880200,Technology
2026-02-20,AAPL,258.91,264.75,258.21,264.72,987663,Technology
2026-02-20,AMZN,204.745,211.15,203.82,210.17,2073484,Technology
2026-02-20,AVGO,332.21,340.04,330.05,332.61,479754,Technology
2026-02-20,GOOGL,304.1,316.48,304.055,315.16,1075076,Technology
2026-02-20,META,639.685,663.28,638.84,655.615,420536,Technology
2026-02-20,MSFT,396.195,400.11,395.32,397.28,952334,Technology
2026-02-20,NVDA,186.53,190.32,185.95,189.76,4749183,Technology
2026-02-23,AAPL,263.55,269.43,263.48,266.4,1102705,Technology
2026-02-23,AMZN,208.03,208.35,203.13,205.3,1756048,Technology
2026-02-23,AVGO,332.22,338.49,325.36,330.38,341699,Technology
2026-02-23,GOOGL,319.07,319.32,309.88,311.485,709272,Technology
2026-02-23,META,652.54,657.5,636.06,637.35,243867,Technology
2026-02-23,MSFT,395.03,395.03,383.13,384.635,1223176,Technology
2026-02-23,NVDA,191.405,193.95,189.58,191.585,3765048,Technology
2026-02-24,AAPL,267.71,274.845,267.71,272.19,1125292,Technology
2026-02-24,AMZN,205.315,210.33,203.36,208.6,1408806,Technology
2026-02-24,AVGO,322.66,328.25,314.49,325.44,510182,Technology
2026-02-24,GOOGL,310.505,312.22,306.02,310.92,531585,Technology
2026-02-24,META,633.28,641.04,629.16,639.27,323071,Technology
2026-02-24,MSFT,383.92,389.23,381.885,389.06,844603,Technology
2026-02-24,NVDA,191.465,193.75,187.43,192.865,3784879,Technology
2026-02-25,AAPL,271.52,274.93,271.085,274.16,917020,Technology
2026-02-25,AMZN,210.35,211.58,208.935,210.67,1148530,Technology
2026-02-25,AVGO,330.74,335.825,329.31,332.37,712053,Technology
2026-02-25,GOOGL,312.05,313.635,309.44,312.96,724783,Technology
2026-02-25,META,643.39,653.79,642.49,653.79,209507,Technology
2026-02-25,MSFT,390.425,401.1,390.16,400.52,1353926,Technology
2026-02-25,NVDA,194.47,197.62,193.8,195.83,4593038,Technology
2026-02-26,AAPL,274.945,276.07,270.8,273.0,837403,Technology
2026-02-26,AMZN,210.68,211.02,205.345,207.92,1835752,Technology
2026-02-26,AVGO,326.545,326.545,308.0,321.68,932127,Technology
2026-02-26,GOOGL,312.71,312.71,302.36,307.39,629691,Technology
2026-02-26,META,650.945,660.78,647.59,656.9,236756,Technology
2026-02-26,MSFT,404.59,407.46,398.76,401.78,1183133,Technology
2026-02-26,NVDA,194.13,194.13,184.315,184.86,6847418,Technology
2026-02-27,AAPL,272.765,272.765,262.98,264.07,2885166,Technology
2026-02-27,AMZN,206.79,210.33,205.23,210.015,1715593,Technology
2026-02-27,AVGO,311.32,319.97,310.08,319.71,557430,Technology
2026-02-27,GOOGL,304.135,312.29,304.125,311.56,828189,Technology
2026-02-27,META,643.85,649.04,638.17,648.2,281695,Technology
2026-02-27,MSFT,390.935,396.72,390.06,392.8,972648,Technology
2026-02-27,NVDA,181.24,182.59,176.38,177.205,11199349,Technology
2026-03-02,AAPL,262.47,266.505,260.3,264.705,935150,Technology
2026-03-02,AMZN,204.45,209.72,203.46,208.26,1868191,Technology
2026-03-02,AVGO,309.245,320.015,307.315,318.85,373477,Technology
2026-03-02,GOOGL,303.15,308.49,301.52,306.24,772127,Technology
2026-03-02,META,636.71,659.77,634.68,653.55,209683,Technology
2026-03-02,MSFT,392.855,401.18,390.73,398.49,582182,Technology
2026-03-02,NVDA,174.81,183.455,174.75,182.4,6162381,Technology
2026-03-03,AAPL,263.48,265.54,260.24,263.75,1326172,Technology
2026-03-03,AMZN,203.17,209.17,202.55,208.63,1995039,Technology
2026-03-03,AVGO,312.45,315.66,307.48,313.85,491925,Technology
2026-03-03,GOOGL,298.4,303.94,296.73,303.62,1045484,Technology
2026-03-03,META,645.665,658.99,638.96,655.04,254633,Technology
2026-03-03,MSFT,393.095,406.675,392.71,403.8,805734,Technology
2026-03-03,NVDA,178.48,180.885,176.92,180.03,4862908,Technology
2026-03-04,AAPL,264.69,266.0,261.485,262.5,870467,Technology
2026-03-04,AMZN,210.52,217.535,210.31,216.805,2359440,Technology
2026-03-04,AVGO,315.895,322.63,311.845,317.1,677798,Technology
2026-03-04,GOOGL,302.77,305.45,300.805,303.1,1018279,Technology
2026-03-04,META,659.39,672.725,657.94,667.53,281094,Technology
2026-03-04,MSFT,401.35,410.97,400.63,405.0,900114,Technology
2026-03-04,NVDA,180.37,184.695,180.07,182.97,4961561,Technology
2026-03-05,AAPL,260.96,261.52,257.25,260.25,1160214,Technology
2026-03-05,AMZN,216.14,220.47,215.65,218.87,3195215,Technology
2026-03-05,AVGO,329.66,336.06,323.05,332.68,1362143,Technology
2026-03-05,GOOGL,303.035,303.035,298.01,300.91,1505700,Technology
2026-03-05,META,662.53,670.55,650.39,660.64,369625,Technology
2026-03-05,MSFT,404.55,411.575,404.535,410.66,943406,Technology
2026-03-05,NVDA,181.22,184.06,177.92,183.305,5437280,Technology
2026-03-06,AAPL,258.76,258.77,254.46,257.42,1320654,Technology
2026-03-06,AMZN,215.105,217.28,212.53,213.08,2184357,Technology
2026-03-06,AVGO,328.18,343.45,327.66,330.48,1049033,Technology
2026-03-06,GOOGL,296.04,300.495,295.29,298.55,590371,Technology
2026-03-06,META,647.8,649.43,636.32,644.8,272924,Technology
2026-03-06,MSFT,409.315,413.035,408.605,408.72,693445,Technology
2026-03-06,NVDA,179.88,182.75,176.83,177.7,5614175,Technology
2026-03-09,AAPL,255.69,261.14,253.72,259.89,1147249,Technology
2026-03-09,AMZN,210.51,213.8,207.15,213.495,2528855,Technology
2026-03-09,AVGO,327.25,348.415,323.755,345.85,1510105,Technology
2026-03-09,GOOGL,294.38,306.79,294.2,306.31,1126774,Technology
2026-03-09,META,634.96,647.73,627.11,647.37,343097,Technology
2026-03-09,MSFT,404.67,410.185,403.56,409.39,705871,Technology
2026-03-09,NVDA,176.815,182.88,175.56,182.65,4524533,Technology
2026-03-10,AAPL,257.695,262.475,256.975,260.75,964408,Technology
2026-03-10,AMZN,214.125,215.645,212.43,214.3,1181925,Technology
2026-03-10,AVGO,348.51,353.12,340.865,342.505,715073,Technology
2026-03-10,GOOGL,306.8,309.49,305.6,307.09,632891,Technology
2026-03-10,META,653.73,660.24,649.16,653.9,303852,Technology
2026-03-10,MSFT,409.895,409.96,402.98,405.76,759176,Technology
2026-03-10,NVDA,182.44,186.435,182.02,184.765,4343566,Technology
2026-03-11,AAPL,261.09,262.12,259.57,260.81,589677,Technology
2026-03-11,AMZN,215.89,216.95,211.36,212.63,1336913,Technology
2026-03-11,AVGO,342.875,345.79,338.29,341.53,410722,Technology
2026-03-11,GOOGL,306.75,311.4,306.03,308.65,610817,Technology
2026-03-11,META,654.49,659.04,648.42,654.73,175961,Technology
2026-03-11,MSFT,405.96,409.01,401.61,404.81,464557,Technology
2026-03-11,NVDA,185.92,187.6,184.45,186.01,3077851,Technology
2026-03-12,AAPL,258.52,258.94,254.19,255.71,1014506,Technology
2026-03-12,AMZN,210.395,211.705,208.15,209.565,1621958,Technology
2026-03-12,AVGO,337.875,339.74,332.23,335.95,582943,Technology
2026-03-12,GOOGL,306.585,308.86,301.03,303.47,592106,Technology
2026-03-12,META,648.55,653.25,636.96,638.09,229229,Technology
2026-03-12,MSFT,404.65,406.04,401.71,401.89,645507,Technology
2026-03-12,NVDA,184.0,184.925,181.75,183.11,3527145,Technology
2026-03-13,AAPL,255.44,256.28,249.86,250.035,1221699,Technology
2026-03-13,AMZN,209.48,210.56,206.235,207.7,1443764,Technology
2026-03-13,AVGO,337.68,338.22,321.45,322.15,740001,Technology
2026-03-13,GOOGL,307.01,307.69,300.45,302.25,479083,Technology
2026-03-13,META,623.89,628.81,609.78,613.69,559631,Technology
2026-03-13,MSFT,400.79,404.79,394.465,395.53,677242,Technology
2026-03-13,NVDA,184.955,186.04,179.945,180.21,3301217,Technology
2026-03-16,AAPL,251.79,253.87,249.91,252.82,1021518,Technology
2026-03-16,AMZN,208.55,212.69,207.46,211.775,1924589,Technology
2026-03-16,AVGO,325.97,329.19,320.165,325.0,798747,Technology
2026-03-16,GOOGL,304.36,306.4,303.05,305.67,641495,Technology
2026-03-16,META,631.605,634.63,623.18,627.51,437424,Technology
2026-03-16,MSFT,397.91,400.6,394.88,399.86,688810,Technology
2026-03-16,NVDA,182.94,188.83,181.42,183.17,5794271,Technology
2026-03-17,AAPL,253.07,255.12,252.2,254.23,570876,Technology
2026-03-17,AMZN,212.82,215.69,212.47,215.345,1795405,Technology
2026-03-17,AVGO,325.8,327.34,317.32,321.27,917183,Technology
2026-03-17,GOOGL,305.99,311.38,305.56,310.91,656256,Technology
2026-03-17,META,628.57,636.51,621.785,622.77,278533,Technology
2026-03-17,MSFT,399.9,404.29,397.76,399.65,739426,Technology
2026-03-17,NVDA,185.055,185.39,181.71,181.96,4385266,Technology
2026-03-18,AAPL,252.61,254.91,249.01,249.93,979956,Technology
2026-03-18,AMZN,213.9,215.04,208.835,209.82,1608826,Technology
2026-03-18,AVGO,320.44,325.38,315.575,315.82,601616,Technology
2026-03-18,GOOGL,309.205,312.41,306.94,307.77,449032,Technology
2026-03-18,META,616.27,622.5,614.71,615.49,313903,Technology
2026-03-18,MSFT,397.03,397.99,391.01,391.79,709756,Technology
2026-03-18,NVDA,182.395,183.37,180.33,180.375,3323727,Technology
2026-03-19,AAPL,249.21,251.81,247.36,248.9,1220677,Technology
2026-03-19,AMZN,207.075,209.12,206.05,208.76,1551666,Technology
2026-03-19,AVGO,312.84,323.175,308.58,319.81,651420,Technology
2026-03-19,GOOGL,303.97,308.06,302.37,307.065,823866,Technology
2026-03-19,META,612.15,612.72,602.32,606.8,376123,Technology
2026-03-19,MSFT,389.875,392.47,387.12,388.99,1072790,Technology
2026-03-19,NVDA,178.015,179.98,175.79,178.505,4723867,Technology
2026-03-20,AAPL,248.01,249.185,246.06,248.18,1099900,Technology
2026-03-20,AMZN,207.525,207.525,204.32,205.31,1217008,Technology
2026-03-20,AVGO,319.915,321.38,309.95,310.7,528225,Technology
2026-03-20,GOOGL,305.41,305.41,298.33,300.775,742522,Technology
2026-03-20,META,603.19,603.42,587.38,593.94,327121,Technology
2026-03-20,MSFT,386.19,386.19,380.18,381.9,812004,Technology
2026-03-20,NVDA,178.0,178.06,171.73,172.905,4971498,Technology
2026-03-23,AAPL,253.985,254.49,250.3,251.46,1091915,Technology
2026-03-23,AMZN,209.78,212.76,209.56,210.21,1687331,Technology
2026-03-23,AVGO,317.9,326.45,315.38,322.6,841060,Technology
2026-03-23,GOOGL,302.525,305.82,300.94,302.13,828157,Technology
2026-03-23,META,604.455,608.41,599.355,604.31,354117,Technology
2026-03-23,MSFT,383.9,387.12,381.7,383.105,633171,Technology
2026-03-23,NVDA,177.245,178.35,174.76,175.605,5239243,Technology
2026-03-24,AAPL,250.525,254.82,249.665,251.76,795924,Technology
2026-03-24,AMZN,207.99,209.3,206.685,207.28,1607918,Technology
2026-03-24,AVGO,320.07,324.1,314.87,318.31,630403,Technology
2026-03-24,GOOGL,299.11,299.87,290.35,290.41,1322720,Technology
2026-03-24,META,599.19,600.38,591.06,593.04,308990,Technology
2026-03-24,MSFT,382.41,382.41,371.85,372.67,818827,Technology
2026-03-24,NVDA,174.83,176.205,173.99,175.3,5176852,Technology
2026-03-25,AAPL,254.32,254.845,251.6,252.61,771786,Technology
2026-03-25,AMZN,211.55,213.0,209.92,211.715,1395423,Technology
2026-03-25,AVGO,322.895,324.23,316.795,318.785,521664,Technology
2026-03-25,GOOGL,293.465,295.98,289.275,290.98,1097864,Technology
2026-03-25,META,598.25,603.5,593.76,594.835,508437,Technology
2026-03-25,MSFT,376.835,376.91,369.65,371.07,757221,Technology
2026-03-25,NVDA,177.07,181.22,176.885,178.65,4558101,Technology
2026-03-26,AAPL,252.23,256.99,250.88,252.87,1295042,Technology
2026-03-26,AMZN,210.61,212.875,207.125,207.58,2176215,Technology
2026-03-26,AVGO,313.78,316.83,309.18,309.67,464050,Technology
2026-03-26,GOOGL,287.86,287.86,278.735,281.16,1185824,Technology
2026-03-26,META,582.12,582.12,543.43,547.75,985239,Technology
2026-03-26,MSFT,370.815,374.655,365.195,365.79,1183920,Technology
2026-03-26,NVDA,176.135,176.5,171.14,171.225,5623768,Technology
2026-03-27,AAPL,253.9,255.46,248.1,248.7,1186420,Technology
2026-03-27,AMZN,206.325,206.33,199.155,199.37,2326112,Technology
2026-03-27,AVGO,306.6,307.455,298.89,300.77,678108,Technology
2026-03-27,GOOGL,277.275,279.31,273.97,274.36,833499,Technology
2026-03-27,META,539.88,543.12,520.28,525.65,890443,Technology
2026-03-27,MSFT,361.845,362.45,356.53,356.855,1189958,Technology
2026-03-27,NVDA,169.99,170.96,167.01,167.43,5013395,Technology
2026-03-30,AAPL,250.04,250.73,245.55,246.72,897337,Technology
2026-03-30,AMZN,201.22,203.8,199.99,200.945,2253276,Technology
2026-03-30,AVGO,300.69,304.71,289.99,293.31,761337,Technology
2026-03-30,GOOGL,276.43,276.905,272.13,273.45,819013,Technology
2026-03-30,META,535.945,539.55,528.655,536.66,724146,Technology
2026-03-30,MSFT,361.7,365.33,356.29,358.82,1521101,Technology
2026-03-30,NVDA,168.63,169.43,164.285,165.18,4681083,Technology
2026-03-31,AAPL,247.91,255.41,247.125,253.73,1018329,Technology
2026-03-31,AMZN,204.875,210.27,204.15,208.39,1753529,Technology
2026-03-31,AVGO,299.5,310.27,296.5,309.47,683520,Technology
2026-03-31,GOOGL,278.05,288.08,277.095,287.47,1317360,Technology
2026-03-31,META,549.98,573.61,546.8,572.14,1004488,Technology
2026-03-31,MSFT,364.4,372.825,363.14,370.13,975918,Technology
2026-03-31,NVDA,167.12,174.61,167.035,174.41,6839270,Technology
2026-04-01,AAPL,254.1,256.125,253.36,255.43,1114282,Technology
2026-04-01,AMZN,210.435,213.575,208.19,210.6,1663492,Technology
2026-04-01,AVGO,313.79,315.745,310.555,313.52,510107,Technology
2026-04-01,GOOGL,290.695,300.5,290.545,297.45,1298953,Technology
2026-04-01,META,581.175,592.5,574.105,578.97,865459,Technology
2026-04-01,MSFT,373.3,373.3,368.31,369.46,634415,Technology
2026-04-01,NVDA,175.91,177.365,174.79,175.81,4361295,Technology
2026-04-02,AAPL,254.19,256.125,250.67,255.89,841589,Technology
2026-04-02,AMZN,206.75,212.055,204.93,209.64,909541,Technology
2026-04-02,AVGO,304.405,314.69,301.76,314.465,363961,Technology
2026-04-02,GOOGL,290.68,297.975,289.505,295.685,640954,Technology
2026-04-02,META,566.015,578.5,559.98,574.495,453785,Technology
2026-04-02,MSFT,367.205,373.58,364.22,373.51,534434,Technology
2026-04-02,NVDA,172.17,177.48,171.41,177.305,3795801,Technology
2026-04-06,AAPL,256.565,262.15,256.53,258.87,482479,Technology
2026-04-06,AMZN,209.68,212.92,209.66,212.765,769208,Technology
2026-04-06,AVGO,315.48,316.29,310.41,314.48,367529,Technology
2026-04-06,GOOGL,295.58,300.61,295.285,299.99,368667,Technology
2026-04-06,META,578.0,582.725,572.36,573.07,240936,Technology
2026-04-06,MSFT,373.51,373.64,369.61,372.75,476856,Technology
2026-04-06,NVDA,177.145,177.77,175.8,177.59,3430655,Technology
2026-04-07,AAPL,256.155,256.2,245.7,253.59,1326699,Technology
2026-04-07,AMZN,211.35,213.96,209.09,213.81,1093924,Technology
2026-04-07,AVGO,326.71,334.14,321.88,334.025,875409,Technology
2026-04-07,GOOGL,302.725,305.61,297.75,305.5,576757,Technology
2026-04-07,META,572.44,575.15,564.77,575.145,295668,Technology
2026-04-07,MSFT,370.345,372.44,366.6,372.4,617535,Technology
2026-04-07,NVDA,175.8,178.21,173.675,178.11,3921000,Technology
2026-04-08,AAPL,258.355,259.63,256.55,258.97,1239391,Technology
2026-04-08,AMZN,224.01,225.955,219.68,221.33,1321716,Technology
2026-04-08,AVGO,351.81,354.04,342.65,350.65,1119450,Technology
2026-04-08,GOOGL,320.445,322.015,315.04,317.24,864530,Technology
2026-04-08,META,605.75,629.81,591.92,612.55,1021926,Technology
2026-04-08,MSFT,384.77,384.99,371.415,374.26,802066,Technology
2026-04-08,NVDA,184.49,185.21,180.32,182.12,4486002,Technology
2026-04-09,AAPL,259.37,261.03,256.1,260.44,766785,Technology
2026-04-09,AMZN,225.12,233.8,223.31,233.53,2965413,Technology
2026-04-09,AVGO,352.08,358.63,351.51,354.985,481571,Technology
2026-04-09,GOOGL,316.43,319.51,311.105,318.63,631583,Technology
2026-04-09,META,625.44,637.415,623.01,628.32,746238,Technology
2026-04-09,MSFT,372.435,373.42,367.075,372.99,838250,Technology
2026-04-09,NVDA,182.03,184.08,180.635,183.88,3008421,Technology
2026-04-10,AAPL,259.98,262.18,259.03,260.43,807892,Technology
2026-04-10,AMZN,235.325,240.425,235.28,238.42,2407796,Technology
2026-04-10,AVGO,361.075,376.53,361.075,371.435,996253,Technology
2026-04-10,GOOGL,320.11,321.74,316.32,317.28,680624,Technology
2026-04-10,META,635.3,638.46,624.365,629.84,390301,Technology
2026-04-10,MSFT,373.27,375.62,370.03,370.89,975812,Technology
2026-04-10,NVDA,184.5,190.0,184.47,188.61,5184110,Technology
2026-04-13,AAPL,259.73,260.125,256.7,259.13,1154691,Technology
2026-04-13,AMZN,237.465,240.0,235.82,239.95,1402634,Technology
2026-04-13,AVGO,370.355,380.52,369.53,379.68,718759,Technology
2026-04-13,GOOGL,317.135,321.625,315.55,321.35,737345,Technology
2026-04-13,META,629.155,634.985,624.55,634.79,221947,Technology
2026-04-13,MSFT,373.53,384.535,371.1,384.33,1070918,Technology
2026-04-13,NVDA,186.01,189.66,185.76,189.24,3273189,Technology
2026-04-14,AAPL,259.245,261.895,257.205,258.775,1036853,Technology
2026-04-14,AMZN,242.035,252.175,242.035,249.07,3116335,Technology
2026-04-14,AVGO,378.17,382.1,376.42,380.725,558340,Technology
2026-04-14,GOOGL,324.785,333.28,323.82,332.87,857338,Technology
2026-04-14,META,645.06,666.17,639.44,662.38,496882,Technology
2026-04-14,MSFT,387.605,394.66,386.59,393.02,1046435,Technology
2026-04-14,NVDA,191.0,196.5,190.81,196.5,4488427,Technology
2026-04-15,AAPL,258.11,266.55,257.83,266.31,1813109,Technology
2026-04-15,AMZN,249.49,250.355,247.2,248.46,1524725,Technology
2026-04-15,AVGO,390.09,397.07,385.74,396.62,641923,Technology
2026-04-15,GOOGL,333.06,337.47,330.97,337.11,952051,Technology
2026-04-15,META,666.77,678.49,664.22,671.65,389066,Technology
2026-04-15,MSFT,397.775,414.34,396.76,411.3,1062250,Technology
2026-04-15,NVDA,196.545,200.395,195.75,198.85,4779743,Technology
2026-04-16,AAPL,266.7,267.09,261.27,263.325,1177692,Technology
2026-04-16,AMZN,249.09,249.99,244.22,249.705,2079627,Technology
2026-04-16,AVGO,395.0,399.58,392.47,398.26,416620,Technology
2026-04-16,GOOGL,338.95,339.845,334.52,335.97,603438,Technology
2026-04-16,META,676.57,677.4,667.8,676.87,307486,Technology
2026-04-16,MSFT,419.975,420.76,412.165,420.12,1088567,Technology
2026-04-16,NVDA,197.61,199.84,195.87,198.26,3379147,Technology
2026-04-17,AAPL,266.96,272.28,266.78,270.205,1390506,Technology
2026-04-17,AMZN,254.955,256.18,250.12,250.49,1256432,Technology
2026-04-17,AVGO,401.64,406.71,400.1,406.5,390328,Technology
2026-04-17,GOOGL,337.925,342.31,336.26,341.69,719808,Technology
2026-04-17,META,679.05,691.45,675.505,688.46,313450,Technology
2026-04-17,MSFT,424.82,431.58,420.72,422.75,1206115,Technology
2026-04-17,NVDA,199.85,201.7,199.27,201.67,4023532,Technology
2026-04-20,AAPL,270.33,274.275,270.33,273.06,1228777,Technology
2026-04-20,AMZN,249.19,250.08,245.37,248.34,1453393,Technology
2026-04-20,AVGO,406.0,406.305,395.945,399.77,438663,Technology
2026-04-20,GOOGL,341.115,341.15,336.66,337.46,566065,Technology
2026-04-20,META,681.32,683.185,668.2,670.92,380555,Technology
2026-04-20,MSFT,421.2,423.09,416.35,418.11,488387,Technology
2026-04-20,NVDA,199.995,202.16,197.86,202.12,2409932,Technology
2026-04-21,AAPL,271.61,272.8,265.42,266.16,1267584,Technology
2026-04-21,AMZN,254.98,254.99,249.14,249.855,1459046,Technology
2026-04-21,AVGO,398.77,403.58,394.59,402.26,580812,Technology
2026-04-21,GOOGL,337.685,339.34,331.46,332.3,697414,Technology
2026-04-21,META,670.91,675.72,667.47,668.69,233934,Technology
2026-04-21,MSFT,420.23,427.18,417.295,424.03,928981,Technology
2026-04-21,NVDA,202.12,202.75,199.0,199.82,3229557,Technology
2026-04-22,AAPL,267.74,273.73,266.88,273.14,1476985,Technology
2026-04-22,AMZN,252.22,255.91,250.365,255.365,1223336,Technology
2026-04-22,AVGO,407.03,423.0,405.0,422.57,794639,Technology
2026-04-22,GOOGL,335.875,339.805,335.22,339.35,596221,Technology
2026-04-22,META,674.39,678.33,669.87,674.86,428552,Technology
2026-04-22,MSFT,426.12,433.33,423.69,432.79,729562,Technology
2026-04-22,NVDA,200.99,202.49,199.35,202.42,2926364,Technology
2026-04-23,AAPL,275.05,275.71,271.7,273.49,765952,Technology
2026-04-23,AMZN,255.27,258.785,253.1,255.06,1366005,Technology
2026-04-23,AVGO,422.39,429.3,417.9,420.02,722532,Technology
2026-04-23,GOOGL,341.22,341.955,336.2,338.86,717720,Technology
2026-04-23,META,663.7,669.435,653.24,659.15,426167,Technology
2026-04-23,MSFT,419.43,423.3,411.42,415.715,852187,Technology
2026-04-23,NVDA,202.4,203.805,197.25,199.68,3564667,Technology
2026-04-24,AAPL,272.68,272.995,269.66,271.04,1158665,Technology
2026-04-24,AMZN,259.925,264.4,257.71,263.96,2248938,Technology
2026-04-24,AVGO,424.63,424.815,409.03,422.49,681361,Technology
2026-04-24,GOOGL,338.64,345.205,335.45,344.33,1016884,Technology
2026-04-24,META,659.655,680.57,653.94,674.93,420327,Technology
2026-04-24,MSFT,416.97,424.84,415.99,424.59,637345,Technology
2026-04-24,NVDA,200.025,210.94,199.81,208.18,7097391,Technology
2026-04-27,AAPL,266.24,268.35,265.1,267.55,1128794,Technology
2026-04-27,AMZN,263.86,264.08,260.385,261.045,1840382,Technology
2026-04-27,AVGO,420.475,422.61,414.705,418.23,524731,Technology
2026-04-27,GOOGL,346.565,353.16,342.82,350.295,1289563,Technology
2026-04-27,META,671.09,682.43,671.09,678.505,431045,Technology
2026-04-27,MSFT,422.145,427.08,417.12,424.96,694644,Technology
2026-04-27,NVDA,209.61,216.82,207.395,216.54,5989408,Technology
2026-04-28,AAPL,272.335,273.07,268.7,270.78,1052096,Technology
2026-04-28,AMZN,257.51,261.03,256.73,259.71,2020596,Technology
2026-04-28,AVGO,400.445,405.78,394.85,399.83,811851,Technology
2026-04-28,GOOGL,348.55,352.42,346.125,349.765,947138,Technology
2026-04-28,META,674.415,677.99,665.65,671.3,396888,Technology
2026-04-28,MSFT,424.34,429.9,421.94,429.4,714439,Technology
2026-04-28,NVDA,209.515,214.72,208.25,213.15,5016478,Technology
2026-04-29,AAPL,267.575,271.03,267.05,270.15,702363,Technology
2026-04-29,AMZN,258.065,265.89,257.74,263.22,2873983,Technology
2026-04-29,AVGO,403.15,405.57,396.78,405.525,473368,Technology
2026-04-29,GOOGL,347.32,355.755,344.23,350.27,1021396,Technology
2026-04-29,META,668.93,674.25,663.915,669.47,548251,Technology
2026-04-29,MSFT,424.575,426.775,420.31,424.8,813815,Technology
2026-04-29,NVDA,212.7,212.7,207.59,209.35,4435736,Technology
2026-04-30,AAPL,270.465,275.91,268.16,271.145,1907969,Technology
2026-04-30,AMZN,273.04,273.86,256.18,265.04,3546474,Technology
2026-04-30,AVGO,415.555,418.3,404.36,417.55,577688,Technology
2026-04-30,GOOGL,374.17,385.84,365.87,384.99,2175993,Technology
2026-04-30,META,619.09,620.6,600.0,612.16,1731495,Technology
2026-04-30,MSFT,410.56,414.39,398.01,407.765,2376015,Technology
2026-04-30,NVDA,209.93,210.29,198.705,199.54,6416731,Technology
2026-05-01,AAPL,278.855,287.21,278.39,280.11,2917475,Technology
2026-05-01,AMZN,265.31,273.31,262.82,268.29,2098565,Technology
2026-05-01,AVGO,415.32,423.16,413.54,421.21,429811,Technology
2026-05-01,GOOGL,381.645,386.7,379.155,385.79,1330844,Technology
2026-05-01,META,613.495,618.53,606.24,608.61,591197,Technology
2026-05-01,MSFT,411.91,417.07,410.52,414.46,946070,Technology
2026-05-01,NVDA,201.13,202.97,197.13,198.39,3090371,Technology
2026-05-04,AAPL,279.655,280.6,274.88,276.87,1389755,Technology
2026-05-04,AMZN,269.27,276.08,269.17,272.1,1654387,Technology
2026-05-04,AVGO,418.365,423.75,409.59,416.51,461684,Technology
2026-05-04,GOOGL,385.625,387.27,379.81,383.21,921651,Technology
2026-05-04,META,607.935,614.0,602.85,610.3,427229,Technology
2026-05-04,MSFT,411.54,420.705,410.85,413.635,789901,Technology
2026-05-04,NVDA,199.38,201.7,194.76,198.56,4068999,Technology
2026-05-05,AAPL,276.94,284.555,276.51,284.18,1525477,Technology
2026-05-05,AMZN,276.12,278.53,272.45,273.555,1582693,Technology
2026-05-05,AVGO,421.39,433.36,419.53,427.35,645097,Technology
2026-05-05,GOOGL,386.34,392.69,384.05,388.41,991193,Technology
2026-05-05,META,613.095,614.34,600.42,604.92,651921,Technology
2026-05-05,MSFT,415.28,416.47,408.82,411.33,634396,Technology
2026-05-05,NVDA,199.11,200.205,196.03,196.5,4024517,Technology
2026-05-06,AAPL,281.92,288.0,281.09,287.46,1379120,Technology
2026-05-06,AMZN,272.815,277.8,272.25,274.98,1873707,Technology
2026-05-06,AVGO,434.86,437.51,417.87,425.31,554061,Technology
2026-05-06,GOOGL,394.27,399.83,392.82,397.83,1071518,Technology
2026-05-06,META,601.27,619.86,598.2,612.615,519909,Technology
2026-05-06,MSFT,407.865,418.26,405.17,413.82,764621,Technology
2026-05-06,NVDA,199.85,208.25,198.67,207.67,6398711,Technology
2026-05-07,AAPL,289.19,292.12,285.81,287.4,1222813,Technology
2026-05-07,AMZN,274.92,276.605,270.785,271.08,1678126,Technology
2026-05-07,AVGO,421.94,426.42,406.31,412.51,741934,Technology
2026-05-07,GOOGL,400.05,400.1,392.69,397.89,876338,Technology
2026-05-07,META,614.495,624.87,613.665,616.58,344707,Technology
2026-05-07,MSFT,420.115,427.92,418.8,420.79,708212,Technology
2026-05-07,NVDA,208.27,214.19,206.51,211.56,4455651,Technology
2026-05-08,AAPL,290.11,294.76,290.065,293.15,1591559,Technology
2026-05-08,AMZN,271.585,273.88,269.95,272.535,1838835,Technology
2026-05-08,AVGO,419.6,434.955,414.09,429.87,816615,Technology
2026-05-08,GOOGL,397.44,401.89,396.4,400.67,865052,Technology
2026-05-08,META,614.69,616.73,606.4,609.545,406002,Technology
2026-05-08,MSFT,417.385,418.57,414.0,414.965,818822,Technology
2026-05-08,NVDA,213.01,217.785,212.92,215.21,4181656,Technology
2026-05-11,AAPL,292.025,293.87,290.25,292.66,1134574,Technology
2026-05-11,AMZN,270.145,273.605,268.5,268.98,1432555,Technology
2026-05-11,AVGO,428.59,433.56,425.215,428.325,598994,Technology
2026-05-11,GOOGL,393.645,397.37,388.51,388.64,906121,Technology
2026-05-11,META,604.485,604.58,598.14,598.71,412804,Technology
2026-05-11,MSFT,407.76,412.62,405.51,412.62,674806,Technology
2026-05-11,NVDA,214.03,222.3,213.91,219.45,4141456,Technology
2026-05-12,AAPL,293.2,295.26,292.67,294.72,1063424,Technology
2026-05-12,AMZN,265.62,267.53,262.63,265.84,1657861,Technology
2026-05-12,AVGO,422.39,429.315,408.43,419.4,606990,Technology
2026-05-12,GOOGL,387.03,388.4,382.78,387.42,879557,Technology
2026-05-12,META,594.39,603.68,592.71,603.07,447027,Technology
2026-05-12,MSFT,414.4,415.44,406.715,407.77,897917,Technology
2026-05-12,NVDA,218.445,223.74,214.955,220.88,4058854,Technology
2026-05-13,AAPL,293.5,300.91,293.5,298.95,1263486,Technology
2026-05-13,AMZN,264.37,270.71,263.235,270.145,2355905,Technology
2026-05-13,AVGO,415.605,418.61,404.86,416.74,572724,Technology
2026-05-13,GOOGL,385.49,403.685,385.02,402.63,995762,Technology
2026-05-13,META,598.955,619.83,597.03,616.61,583605,Technology
2026-05-13,MSFT,403.0,406.27,401.05,405.09,785494,Technology
2026-05-13,NVDA,224.96,227.8,221.62,225.91,3138586,Technology
2026-05-14,AAPL,300.0,300.45,295.43,298.25,951426,Technology
2026-05-14,AMZN,269.1,270.765,266.63,267.21,1648523,Technology
2026-05-14,AVGO,416.63,442.3,416.22,439.34,575796,Technology
2026-05-14,GOOGL,397.28,402.925,395.85,401.115,892737,Technology
2026-05-14,META,615.73,623.71,615.34,618.51,294465,Technology
2026-05-14,MSFT,404.72,411.795,400.915,409.44,794948,Technology
2026-05-14,NVDA,229.73,236.54,229.41,235.78,4515441,Technology
2026-05-15,AAPL,297.94,303.19,296.6,300.19,1241262,Technology
2026-05-15,AMZN,262.3,264.35,261.06,264.22,1850916,Technology
2026-05-15,AVGO,432.615,432.615,422.085,425.03,426867,Technology
2026-05-15,GOOGL,395.995,399.525,393.29,396.75,567513,Technology
2026-05-15,META,613.54,621.17,609.49,614.38,331969,Technology
2026-05-15,MSFT,414.47,428.155,413.115,422.0,1109396,Technology
2026-05-15,NVDA,229.76,231.5,224.3,225.305,3774303,Technology
2026-05-18,AAPL,300.19,300.625,294.92,297.85,1082963,Technology
2026-05-18,AMZN,263.165,268.835,262.54,264.78,1877867,Technology
2026-05-18,AVGO,421.41,421.83,414.44,420.6,668302,Technology
2026-05-18,GOOGL,395.685,408.57,394.62,396.815,925835,Technology
2026-05-18,META,609.105,615.5,603.805,611.245,443496,Technology
2026-05-18,MSFT,416.4,425.025,415.64,423.61,628464,Technology
2026-05-18,NVDA,229.4,229.97,218.39,222.35,4041240,Technology
2026-05-19,AAPL,297.145,300.51,296.36,299.14,1046682,Technology
2026-05-19,AMZN,262.04,262.14,255.205,259.39,1931402,Technology
2026-05-19,AVGO,409.815,417.8,405.95,411.11,873562,Technology
2026-05-19,GOOGL,396.8,396.92,386.11,387.75,1014449,Technology
2026-05-19,META,608.695,613.705,600.64,602.7,282469,Technology
2026-05-19,MSFT,429.885,432.675,416.49,417.515,750391,Technology
2026-05-19,NVDA,219.715,224.47,217.97,220.645,4057698,Technology
2026-05-20,AAPL,298.18,302.8,298.12,302.2,1610963,Technology
2026-05-20,AMZN,260.315,265.545,259.61,265.0,1666881,Technology
2026-05-20,AVGO,413.575,424.03,411.45,417.51,628892,Technology
2026-05-20,GOOGL,387.695,393.58,382.95,388.86,1184514,Technology
2026-05-20,META,600.755,607.925,597.99,604.98,381993,Technology
2026-05-20,MSFT,414.135,421.99,411.31,421.08,840531,Technology
2026-05-20,NVDA,223.175,226.1,220.5,223.48,4890857,Technology
2026-05-21,AAPL,301.25,305.53,300.41,305.07,1190868,Technology
2026-05-21,AMZN,263.6,269.48,261.4,268.5,1639627,Technology
2026-05-21,AVGO,413.74,422.23,410.66,414.32,582675,Technology
2026-05-21,GOOGL,385.705,392.42,383.125,387.52,657497,Technology
2026-05-21,META,599.51,609.47,594.9,607.335,340908,Technology
2026-05-21,MSFT,424.72,426.08,415.78,419.0,768373,Technology
2026-05-21,NVDA,222.31,227.35,217.94,219.47,6222899,Technology
2026-05-22,AAPL,306.06,311.39,306.06,308.81,1275219,Technology
2026-05-22,AMZN,268.655,269.75,266.25,266.27,1427997,Technology
2026-05-22,AVGO,417.72,419.9,410.245,414.01,647117,Technology
2026-05-22,GOOGL,386.765,388.7,381.8,383.03,607993,Technology
2026-05-22,META,607.9,614.8,607.02,610.42,319647,Technology
2026-05-22,MSFT,419.48,424.33,416.36,418.5,536551,Technology
2026-05-22,NVDA,220.98,220.98,214.9,215.34,4838641,Technology
2026-05-26,AAPL,309.53,311.82,307.67,308.33,1366307,Technology
2026-05-26,AMZN,267.575,269.21,262.09,265.27,1673467,Technology
2026-05-26,AVGO,419.12,435.23,417.14,422.06,682352,Technology
2026-05-26,GOOGL,384.51,389.21,382.72,388.91,950634,Technology
2026-05-26,META,610.1,614.315,605.4,612.36,223183,Technology
2026-05-26,MSFT,416.575,419.73,413.075,416.09,751245,Technology
2026-05-26,NVDA,216.64,218.17,212.0,214.785,4935639,Technology
2026-05-27,AAPL,308.41,313.22,308.38,310.93,1681995,Technology
2026-05-27,AMZN,266.15,272.37,265.74,271.85,1824874,Technology
2026-05-27,AVGO,425.14,432.5,416.58,421.81,466758,Technology
2026-05-27,GOOGL,386.645,393.76,385.9,388.84,1035586,Technology
2026-05-27,META,609.41,638.44,609.22,635.31,569080,Technology
2026-05-27,MSFT,410.9,415.94,409.66,412.71,837631,Technology
2026-05-27,NVDA,214.12,214.15,208.79,212.575,3280775,Technology
2026-05-28,AAPL,310.605,312.72,309.57,312.45,1514315,Technology
2026-05-28,AMZN,272.275,274.36,267.465,273.98,1509557,Technology
2026-05-28,AVGO,421.48,429.63,414.11,426.55,565974,Technology
2026-05-28,GOOGL,387.885,391.845,385.29,390.15,966796,Technology
2026-05-28,META,639.7,642.86,629.31,635.27,479471,Technology
2026-05-28,MSFT,413.015,429.44,412.895,426.97,1334177,Technology
2026-05-28,NVDA,211.26,215.5,211.255,214.27,4856752,Technology
2026-05-29,AAPL,311.915,315.0,309.54,312.01,1619960,Technology
2026-05-29,AMZN,271.5,274.68,269.715,270.61,1519010,Technology
2026-05-29,AVGO,433.11,448.81,431.65,447.41,962718,Technology
2026-05-29,GOOGL,385.105,385.13,378.49,380.38,1127452,Technology
2026-05-29,META,633.495,634.34,623.405,632.52,490449,Technology
2026-05-29,MSFT,432.685,450.3,432.48,449.44,1509935,Technology
2026-05-29,NVDA,214.55,217.8,211.145,211.155,5876800,Technology
2026-06-01,AAPL,309.6,310.94,305.03,306.265,1790146,Technology
2026-06-01,AMZN,266.29,266.47,260.71,261.2,2323487,Technology
2026-06-01,AVGO,450.43,466.0,442.56,460.09,849779,Technology
2026-06-01,GOOGL,376.17,378.56,373.575,376.26,607860,Technology
2026-06-01,META,629.42,635.53,599.73,600.505,1141819,Technology
2026-06-01,MSFT,464.84,466.27,458.3,460.48,1577919,Technology
2026-06-01,NVDA,215.81,224.86,215.75,224.42,6738901,Technology
2026-06-02,AAPL,307.36,315.44,306.73,315.195,1291226,Technology
2026-06-02,AMZN,257.125,261.2,254.39,256.53,1667733,Technology
2026-06-02,AVGO,488.465,488.68,470.46,481.91,1245837,Technology
2026-06-02,GOOGL,366.65,373.5,358.51,361.84,1835061,Technology
2026-06-02,META,602.49,608.83,596.835,597.73,550111,Technology
2026-06-02,MSFT,447.065,453.49,440.48,441.35,1104583,Technology
2026-06-02,NVDA,227.205,232.28,221.36,222.82,7100206,Technology
2026-06-03,AAPL,314.38,316.92,308.865,310.22,1966854,Technology
2026-06-03,AMZN,254.19,257.09,247.72,249.99,2752817,Technology
2026-06-03,AVGO,494.74,495.0,472.795,478.62,1181748,Technology
2026-06-03,GOOGL,362.03,366.44,358.13,359.37,1602297,Technology
2026-06-03,META,600.96,624.09,600.39,623.05,661915,Technology
2026-06-03,MSFT,438.45,440.22,424.28,427.58,1265267,Technology
2026-06-03,NVDA,221.75,222.78,214.54,214.86,4741903,Technology
2026-06-04,AAPL,313.335,313.38,309.675,311.21,1230648,Technology
2026-06-04,AMZN,253.215,255.83,251.83,253.855,1836110,Technology
2026-06-04,AVGO,409.09,426.36,403.05,418.955,2410757,Technology
2026-06-04,GOOGL,358.78,373.23,358.29,372.34,1508985,Technology
2026-06-04,META,623.95,642.32,622.61,627.54,730945,Technology
2026-06-04,MSFT,435.81,436.05,426.44,428.09,820194,Technology
2026-06-04,NVDA,213.775,221.59,210.97,218.64,5374242,Technology
2026-06-05,AAPL,312.77,315.14,307.16,307.59,2188603,Technology
2026-06-05,AMZN,253.885,256.3,245.78,246.15,2579967,Technology
2026-06-05,AVGO,407.56,410.18,385.73,385.73,1531244,Technology
2026-06-05,GOOGL,366.315,372.065,364.15,368.98,1525880,Technology
2026-06-05,META,622.55,628.92,582.96,592.85,929321,Technology
2026-06-05,MSFT,428.005,429.385,414.46,416.635,860710,Technology
2026-06-05,NVDA,214.575,214.81,204.35,205.17,8060300,Technology
2026-06-08,AAPL,308.615,317.38,301.18,301.57,2762619,Technology
2026-06-08,AMZN,246.78,249.34,243.38,245.21,1336383,Technology
2026-06-08,AVGO,402.35,402.675,391.495,396.72,806029,Technology
2026-06-08,GOOGL,365.17,366.01,360.56,363.44,870747,Technology
2026-06-08,META,590.69,591.7,579.23,585.25,501000,Technology
2026-06-08,MSFT,414.2,416.89,408.6,411.76,771640,Technology
2026-06-08,NVDA,209.645,210.36,206.02,208.66,3893430,Technology
2026-06-09,AAPL,300.155,300.59,287.79,290.36,2491376,Technology
2026-06-09,AMZN,247.7,250.415,240.49,244.15,2322639,Technology
2026-06-09,AVGO,401.525,407.725,370.39,392.765,1087993,Technology
2026-06-09,GOOGL,367.535,372.07,357.39,364.05,951632,Technology
2026-06-09,META,591.435,597.51,581.2,584.85,517087,Technology
2026-06-09,MSFT,409.03,411.93,398.49,403.11,1042767,Technology
2026-06-09,NVDA,210.74,211.37,199.34,208.2,5608889,Technology
2026-06-10,AAPL,290.7,294.74,287.38,291.48,1843917,Technology
2026-06-10,AMZN,243.29,243.93,237.51,237.97,2138275,Technology
2026-06-10,AVGO,381.94,385.575,371.185,371.88,1939621,Technology
2026-06-10,GOOGL,362.825,368.52,355.27,356.33,1136001,Technology
2026-06-10,META,580.99,591.3,570.61,571.04,447492,Technology
2026-06-10,MSFT,398.215,404.99,397.32,397.41,811363,Technology
2026-06-10,NVDA,204.305,207.185,199.93,200.41,4910869,Technology
2026-06-11,AAPL,293.395,296.995,289.62,295.48,1372585,Technology
2026-06-11,AMZN,237.93,242.14,235.2,241.42,2238353,Technology
2026-06-11,AVGO,372.75,388.75,370.855,385.01,798452,Technology
2026-06-11,GOOGL,356.51,358.78,346.37,357.87,1012774,Technology
2026-06-11,META,565.255,572.11,557.05,568.39,554937,Technology
2026-06-11,MSFT,394.74,396.78,384.0,390.255,1282778,Technology
2026-06-11,NVDA,201.33,205.64,199.54,204.86,5648208,Technology
2026-06-12,AAPL,296.075,297.11,289.635,291.085,1456808,Technology
2026-06-12,AMZN,243.16,243.16,233.66,238.56,2122615,Technology
2026-06-12,AVGO,383.315,384.845,377.09,381.95,687040,Technology
2026-06-12,GOOGL,362.585,366.57,354.96,359.65,887508,Technology
2026-06-12,META,573.2,575.93,560.995,566.925,486432,Technology
2026-06-12,MSFT,391.575,391.585,382.29,390.67,1076764,Technology
2026-06-12,NVDA,204.5,207.06,203.46,205.17,3923011,Technology
2026-06-15,AAPL,293.99,297.78,291.75,296.53,1573337,Technology
2026-06-15,AMZN,244.92,247.695,244.75,246.1,1867641,Technology
2026-06-15,AVGO,395.31,395.71,388.66,393.97,847248,Technology
2026-06-15,GOOGL,367.765,372.98,366.635,369.22,847700,Technology
2026-06-15,META,579.9,601.185,579.65,593.48,599231,Technology
2026-06-15,MSFT,396.64,401.75,392.93,400.05,864287,Technology
2026-06-15,NVDA,208.875,212.71,208.35,212.46,4594335,Technology
2026-06-16,AAPL,295.245,300.445,293.99,299.26,1229360,Technology
2026-06-16,AMZN,247.965,249.505,245.475,246.15,1780971,Technology
2026-06-16,AVGO,390.085,391.61,376.53,376.53,1136161,Technology
2026-06-16,GOOGL,369.6,375.74,367.075,373.37,1091582,Technology
2026-06-16,META,593.32,605.81,592.01,600.18,447823,Technology
2026-06-16,MSFT,395.295,396.56,390.715,393.97,1019208,Technology
2026-06-16,NVDA,211.115,211.365,207.31,207.37,4089180,Technology
2026-06-17,AAPL,300.845,301.95,294.39,296.07,1195228,Technology
2026-06-17,AMZN,245.13,245.8,236.67,237.57,2042994,Technology
2026-06-17,AVGO,388.705,400.595,382.76,392.91,1383982,Technology
2026-06-17,GOOGL,369.435,372.175,362.09,363.86,932816,Technology
2026-06-17,META,592.68,593.62,566.66,567.22,746244,Technology
2026-06-17,MSFT,389.59,390.25,377.38,379.05,1048923,Technology
2026-06-17,NVDA,208.3,209.2,203.47,204.7,3697942,Technology
2026-06-18,AAPL,298.44,300.56,295.635,297.86,1278873,Technology
2026-06-18,AMZN,240.14,245.73,236.035,244.61,2392131,Technology
2026-06-18,AVGO,408.855,412.65,405.495,411.07,632751,Technology
2026-06-18,GOOGL,365.69,369.46,358.74,367.93,950553,Technology
2026-06-18,META,573.25,580.16,563.17,577.29,526562,Technology
2026-06-18,MSFT,377.915,381.36,373.32,379.08,1164213,Technology
2026-06-18,NVDA,207.4,211.385,206.5,210.38,4026083,Technology
2026-06-22,AAPL,297.41,302.415,296.82,296.85,1619228,Technology
2026-06-22,AMZN,240.25,241.98,232.255,232.99,2616562,Technology
2026-06-22,AVGO,413.67,414.63,392.025,392.29,774398,Technology
2026-06-22,GOOGL,357.93,358.71,341.78,349.5,2073229,Technology
2026-06-22,META,571.15,575.67,559.83,563.69,608442,Technology
2026-06-22,MSFT,375.175,381.51,367.07,367.21,1364587,Technology
2026-06-22,NVDA,211.45,213.98,207.72,208.59,5739735,Technology
2026-06-23,AAPL,297.61,301.635,294.27,294.28,1781140,Technology
2026-06-23,AMZN,232.54,236.87,232.0,234.13,2480145,Technology
2026-06-23,AVGO,377.215,390.755,377.215,380.13,863344,Technology
2026-06-23,GOOGL,340.36,349.235,340.36,346.25,1191215,Technology
2026-06-23,META,561.325,572.18,561.325,562.42,409747,Technology
2026-06-23,MSFT,372.54,377.19,370.82,373.93,905629,Technology
2026-06-23,NVDA,202.05,203.75,200.0,200.07,3965353,Technology
2026-06-24,AAPL,295.345,299.675,292.94,293.32,2239666,Technology
2026-06-24,AMZN,233.845,242.39,232.97,234.36,3527382,Technology
2026-06-24,AVGO,385.45,388.59,376.97,382.06,881456,Technology
2026-06-24,GOOGL,349.01,353.42,341.945,345.28,1965788,Technology
2026-06-24,META,561.35,568.89,555.6,557.77,514294,Technology
2026-06-24,MSFT,371.83,378.87,364.8,365.46,1182848,Technology
2026-06-24,NVDA,200.13,201.57,196.6,198.94,3243387,Technology
2026-06-25,AAPL,287.5,288.68,273.79,275.21,5858472,Technology
2026-06-25,AMZN,232.01,232.24,225.555,227.13,5069536,Technology
2026-06-25,AVGO,386.575,388.32,372.75,379.325,687425,Technology
2026-06-25,GOOGL,336.46,345.54,335.89,343.54,2175780,Technology
2026-06-25,META,554.72,556.31,540.205,542.81,779677,Technology
2026-06-25,MSFT,362.77,364.19,349.205,352.415,2522776,Technology
2026-06-25,NVDA,200.07,200.79,192.17,195.89,3897568,Technology
2026-06-26,AAPL,275.14,285.95,274.25,281.31,5117781,Technology
2026-06-26,AMZN,227.39,232.95,226.125,230.6,5335284,Technology
2026-06-26,AVGO,370.74,373.65,363.91,363.91,1015515,Technology
2026-06-26,GOOGL,342.65,346.36,334.36,335.79,1728279,Technology
2026-06-26,META,543.265,556.82,540.61,549.92,569746,Technology
2026-06-26,MSFT,357.19,376.6,355.45,371.67,2989666,Technology
2026-06-26,NVDA,193.11,195.55,191.24,191.97,4202530,Technology
2026-06-29,AAPL,286.69,288.35,279.85,281.69,2386040,Technology
2026-06-29,AMZN,234.28,246.74,234.03,240.12,3454861,Technology
2026-06-29,AVGO,373.55,376.135,360.7,372.3,597322,Technology
2026-06-29,GOOGL,341.66,354.34,340.94,353.485,1251260,Technology
2026-06-29,META,560.99,570.88,558.48,562.37,504002,Technology
2026-06-29,MSFT,377.085,380.48,366.86,368.515,1577857,Technology
2026-06-29,NVDA,193.785,196.16,189.82,194.92,3680689,Technology
2026-06-30,AAPL,281.145,289.9,280.7,289.24,1576321,Technology
2026-06-30,AMZN,237.51,241.53,237.2,238.23,3131628,Technology
2026-06-30,AVGO,374.85,379.62,370.74,377.55,833092,Technology
2026-06-30,GOOGL,353.87,358.585,350.61,357.22,1017873,Technology
2026-06-30,META,560.52,565.535,551.57,563.1,481010,Technology
2026-06-30,MSFT,370.93,374.12,367.54,372.92,988755,Technology
2026-06-30,NVDA,197.12,200.63,195.11,199.93,5774896,Technology
2026-07-01,AAPL,293.44,296.57,289.195,294.42,2428489,Technology
2026-07-01,AMZN,239.75,244.87,234.925,241.735,2917388,Technology
2026-07-01,AVGO,371.79,373.68,368.05,369.33,684094,Technology
2026-07-01,GOOGL,358.37,362.93,356.44,361.195,1177136,Technology
2026-07-01,META,606.955,628.28,595.235,612.965,1516443,Technology
2026-07-01,MSFT,380.95,388.81,374.91,384.38,1541022,Technology
2026-07-01,NVDA,196.05,199.85,193.46,197.54,6075573,Technology
2026-07-02,AAPL,294.085,309.415,293.89,308.235,3813037,Technology
2026-07-02,AMZN,241.605,246.665,241.12,242.3,1916645,Technology
2026-07-02,AVGO,365.725,373.99,356.46,360.5,720096,Technology
2026-07-02,GOOGL,359.38,364.15,353.485,359.69,779835,Technology
2026-07-02,META,607.28,610.0,580.45,582.76,674777,Technology
2026-07-02,MSFT,384.35,392.2,383.79,389.79,1346140,Technology
2026-07-02,NVDA,197.13,200.055,192.35,194.51,5880254,Technology
2026-07-06,AAPL,307.54,314.19,307.02,312.73,1434853,Technology
2026-07-06,AMZN,243.755,246.035,240.96,244.16,1564450,Technology
2026-07-06,AVGO,372.79,383.16,371.67,374.01,856255,Technology
2026-07-06,GOOGL,361.27,367.905,357.395,366.34,801620,Technology
2026-07-06,META,594.01,603.505,581.92,600.42,661879,Technology
2026-07-06,MSFT,387.075,388.995,381.335,386.81,1115599,Technology
2026-07-06,NVDA,194.37,197.53,194.0,195.59,4538784,Technology
2026-07-07,AAPL,315.29,315.47,310.18,310.69,1573402,Technology
2026-07-07,AMZN,247.39,248.915,242.7,245.7,1729148,Technology
2026-07-07,AVGO,366.37,372.89,362.03,370.53,802157,Technology
2026-07-07,GOOGL,369.07,373.14,365.51,366.985,635044,Technology
2026-07-07,META,607.7,625.16,603.8,615.41,690570,Technology
2026-07-07,MSFT,392.46,395.52,388.24,388.74,1269848,Technology
2026-07-07,NVDA,192.25,198.385,191.15,196.97,4767383,Technology
2026-07-08,AAPL,311.91,314.805,307.11,313.33,1549372,Technology
2026-07-08,AMZN,244.045,244.735,240.52,243.6,1165207,Technology
2026-07-08,AVGO,377.535,395.0,376.93,388.73,1003574,Technology
2026-07-08,GOOGL,365.02,367.65,358.02,361.76,648403,Technology
2026-07-08,META,615.31,615.67,598.06,603.115,408514,Technology
2026-07-08,MSFT,383.77,385.205,381.34,383.11,1124752,Technology
2026-07-08,NVDA,195.23,205.13,195.23,204.07,5480997,Technology
2026-07-09,AAPL,310.45,316.53,308.19,316.16,1441032,Technology
2026-07-09,AMZN,240.195,247.3,238.265,246.96,1653255,Technology
2026-07-09,AVGO,402.285,407.45,388.0,401.25,888583,Technology
2026-07-09,GOOGL,355.135,359.615,351.105,358.88,887524,Technology
2026-07-09,META,584.005,633.26,577.21,631.48,1030716,Technology
2026-07-09,MSFT,374.47,384.64,373.475,384.24,1217629,Technology
2026-07-09,NVDA,204.46,204.58,198.98,202.695,4867367,Technology
2026-07-10,AAPL,314.72,316.91,312.17,315.32,1326282,Technology
2026-07-10,AMZN,250.03,251.0,244.465,245.35,1174412,Technology
2026-07-10,AVGO,397.85,402.36,395.895,399.91,389667,Technology
2026-07-10,GOOGL,357.8,357.8,352.79,357.17,608752,Technology
2026-07-10,META,660.335,677.86,658.5,669.25,1768166,Technology
2026-07-10,MSFT,387.64,391.8,381.54,385.09,969305,Technology
2026-07-10,NVDA,202.11,210.99,202.07,210.99,7548841,Technology
2026-07-13,AAPL,317.005,323.395,315.79,317.47,1374655,Technology
2026-07-13,AMZN,244.39,249.64,244.18,247.325,1707785,Technology
2026-07-13,AVGO,393.475,395.65,383.55,383.55,610891,Technology
2026-07-13,GOOGL,356.6,357.97,351.87,352.54,623138,Technology
2026-07-13,META,661.51,676.44,654.29,656.865,1011060,Technology
2026-07-13,MSFT,387.91,393.65,384.19,390.985,1253350,Technology
2026-07-13,NVDA,208.595,210.54,203.355,203.485,3818565,Technology
2026-07-14,AAPL,313.76,316.145,311.955,314.93,1213545,Technology
2026-07-14,AMZN,245.81,248.55,243.95,247.495,1491903,Technology
2026-07-14,AVGO,394.65,397.26,384.665,389.09,607167,Technology
2026-07-14,GOOGL,351.195,360.14,351.19,359.55,697435,Technology
2026-07-14,META,652.015,666.31,649.23,661.04,787616,Technology
2026-07-14,MSFT,382.505,388.15,378.71,384.94,1113317,Technology
2026-07-14,NVDA,208.25,212.55,203.84,211.79,3673407,Technology
2026-07-15,AAPL,317.46,328.705,317.4,327.58,1721273,Technology
2026-07-15,AMZN,249.99,256.43,249.98,254.94,1967622,Technology
2026-07-15,AVGO,396.005,398.82,386.865,394.13,497841,Technology
2026-07-15,GOOGL,357.885,373.65,357.885,370.98,1134849,Technology
2026-07-15,META,664.875,685.98,656.835,681.24,1005761,Technology
2026-07-15,MSFT,387.655,398.95,386.535,395.61,1577874,Technology
2026-07-15,NVDA,211.96,213.775,206.04,212.5,4218423,Technology
2026-07-16,AAPL,328.135,334.65,326.885,333.23,2365368,Technology
2026-07-16,AMZN,255.17,258.07,248.0,249.95,2143496,Technology
2026-07-16,AVGO,384.82,386.58,371.945,374.83,673576,Technology
2026-07-16,GOOGL,373.325,375.18,352.365,354.31,1442304,Technology
2026-07-16,META,677.275,681.74,660.28,664.16,879936,Technology
2026-07-16,MSFT,398.2,405.98,392.15,401.12,1244751,Technology
2026-07-16,NVDA,210.26,211.03,205.85,207.46,4036020,Technology
2026-07-17,AAPL,331.98,334.98,329.025,333.75,2248743,Technology
2026-07-17,AMZN,244.59,250.215,243.725,247.15,2098112,Technology
2026-07-17,AVGO,366.045,377.325,357.97,370.69,639345,Technology
2026-07-17,GOOGL,345.99,348.47,341.38,346.765,869439,Technology
2026-07-17,META,648.425,652.08,626.27,646.03,1037110,Technology
2026-07-17,MSFT,395.05,398.39,389.42,394.015,980663,Technology
2026-07-17,NVDA,202.74,206.63,197.98,202.8,4558491,Technology
2026-07-20,AAPL,332.235,333.63,323.73,326.65,2314409,Technology
2026-07-20,AMZN,248.195,252.89,248.195,249.975,1939197,Technology
2026-07-20,AVGO,377.75,383.56,376.07,377.99,558465,Technology
2026-07-20,GOOGL,351.005,359.65,350.74,352.11,1147351,Technology
2026-07-20,META,644.37,653.21,636.4,645.835,341905,Technology
2026-07-20,MSFT,390.62,403.15,389.74,402.48,1299062,Technology
2026-07-20,NVDA,205.605,207.71,202.29,203.33,3550006,Technology
2026-07-21,AAPL,323.345,329.565,322.24,327.66,1409246,Technology
2026-07-21,AMZN,248.915,248.915,246.79,247.495,1271841,Technology
2026-07-21,AVGO,389.9,390.11,379.37,386.28,480950,Technology
2026-07-21,GOOGL,350.985,350.985,347.02,347.115,766723,Technology
2026-07-21,META,655.07,655.425,643.39,643.46,424283,Technology
2026-07-21,MSFT,399.015,401.45,396.36,397.575,994373,Technology
2026-07-21,NVDA,207.5,208.61,204.01,207.24,3037338,Technology
2026-07-22,AAPL,327.98,328.865,323.365,325.86,1552861,Technology
2026-07-22,AMZN,248.2,248.43,242.48,244.82,1279662,Technology
2026-07-22,AVGO,380.205,398.5,380.205,396.88,447947,Technology
2026-07-22,GOOGL,348.155,349.925,341.79,342.06,1361767,Technology
2026-07-22,META,647.02,647.02,624.065,627.15,416064,Technology
2026-07-22,MSFT,399.58,400.89,386.98,390.275,1163738,Technology
2026-07-22,NVDA,205.875,214.39,205.01,212.07,5839269,Technology
2026-07-23,AAPL,321.815,323.25,319.365,321.575,1362559,Technology
2026-07-23,AMZN,236.26,238.285,232.06,233.6,2656904,Technology
2026-07-23,AVGO,392.12,397.34,386.87,392.61,457211,Technology
2026-07-23,GOOGL,321.0,324.42,314.96,317.73,2504211,Technology
2026-07-23,META,608.41,614.15,597.27,605.905,741252,Technology
2026-07-23,MSFT,389.87,391.71,377.4,381.55,1350874,Technology
2026-07-23,NVDA,209.43,210.85,205.96,208.76,4289878,Technology
2026-07-24,AAPL,321.86,334.35,321.66,333.05,1772167,Technology
2026-07-24,AMZN,234.29,234.87,231.35,232.1,1839734,Technology
2026-07-24,AVGO,387.835,389.0,378.84,381.84,426961,Technology
2026-07-24,GOOGL,318.125,324.17,317.36,319.725,1147202,Technology
2026-07-24,META,604.8,609.92,594.72,595.18,520301,Technology
2026-07-24,MSFT,387.535,388.67,380.77,381.81,1125568,Technology
2026-07-24,NVDA,207.49,211.89,204.83,207.07,4442598,Technology
2026-07-27,AAPL,335.73,339.55,334.035,336.93,1578038,Technology
2026-07-27,AMZN,235.775,235.85,231.0,231.42,1565595,Technology
2026-07-27,AVGO,389.815,389.815,373.65,383.35,574977,Technology
2026-07-27,GOOGL,325.245,330.41,324.45,326.38,1188475,Technology
2026-07-27,META,607.53,610.845,593.14,593.775,435134,Technology
2026-07-27,MSFT,389.7,394.2,388.1,389.15,1029575,Technology
2026-07-27,NVDA,208.155,208.64,195.45,196.555,6702548,Technology
2026-07-28,AAPL,340.02,342.87,335.63,340.005,1872000,Technology
2026-07-28,AMZN,232.55,233.05,228.13,230.74,2507056,Technology
2026-07-28,AVGO,374.88,385.67,371.57,380.46,637405,Technology
2026-07-28,GOOGL,327.98,335.88,324.455,333.78,1056354,Technology
2026-07-28,META,595.89,600.765,587.05,593.3,385494,Technology
2026-07-28,MSFT,393.24,400.24,391.43,393.44,1262651,Technology
2026-07-28,NVDA,194.95,198.69,192.76,197.05,5832667,Technology
2026-07-29,AAPL,340.42,344.555,337.38,338.23,1917728,Technology
2026-07-29,AMZN,229.38,232.8,226.18,226.82,2882334,Technology
2026-07-29,AVGO,380.635,386.11,369.57,370.33,659305,Technology
2026-07-29,GOOGL,334.665,342.49,331.63,336.49,954025,Technology
2026-07-29,META,593.415,599.88,582.38,587.39,839088,Technology
2026-07-29,MSFT,393.35,401.24,388.745,391.0,1558652,Technology
2026-07-29,NVDA,195.84,197.055,190.035,190.1,6151282,Technology
2026-07-30,AAPL,332.83,334.41,329.6,333.07,2368789,Technology
2026-07-30,AMZN,233.285,239.81,231.205,235.75,3748842,Technology
2026-07-30,AVGO,379.59,388.45,377.85,388.12,671282,Technology
2026-07-30,GOOGL,334.575,336.48,330.395,333.64,1082401,Technology
2026-07-30,META,526.04,539.88,524.49,538.695,1877607,Technology
2026-07-30,MSFT,438.47,458.68,432.44,451.545,4738445,Technology
2026-07-30,NVDA,193.375,197.24,191.52,195.04,5201876,Technology
2026-07-31,AAPL,304.765,310.64,300.01,308.725,4898226,Technology
2026-07-31,AMZN,264.8,273.22,262.09,271.465,6032173,Technology
2026-07-31,AVGO,394.11,399.9,379.81,389.3,532877,Technology
2026-07-31,GOOGL,341.03,358.54,340.355,356.06,1661583,Technology
2026-07-31,META,543.32,558.26,540.28,556.6,1055369,Technology
2026-07-31,MSFT,450.095,466.825,449.87,464.7,2203754,Technology
2026-07-31,NVDA,198.515,201.95,194.975,200.74,5634616,Technology
