date,symbol,close,volume,sector
2022-01-03,AAPL,149.7799,6950527,Technology
2022-01-03,AMZN,118.9773,2807795,Technology
2022-01-03,AVGO,622.6922,5572318,Technology
2022-01-03,GOOGL,109.6853,6957454,Technology
2022-01-03,META,334.3775,15282439,Technology
2022-01-03,MSFT,306.363,11462521,Technology
2022-01-03,NFLX,398.3537,19799631,Technology
2022-01-03,NVDA,199.4523,12583806,Technology
2022-01-03,ORCL,89.5172,15019538,Technology
2022-01-03,TSLA,243.9537,9727633,Technology
2022-01-04,AAPL,149.4997,6017793,Technology
2022-01-04,AMZN,119.4283,16727094,Technology
2022-01-04,AVGO,617.807,19503699,Technology
2022-01-04,GOOGL,109.4361,4589348,Technology
2022-01-04,META,331.1626,15630423,Technology
2022-01-04,MSFT,306.5,15844961,Technology
2022-01-04,NFLX,397.2234,5841461,Technology
2022-01-04,NVDA,206.3461,19743766,Technology
2022-01-04,ORCL,90.4976,5706471,Technology
2022-01-04,TSLA,238.2085,12208556,Technology
2022-01-05,AAPL,149.3149,18059232,Technology
2022-01-05,AMZN,120.0868,15639208,Technology
2022-01-05,AVGO,618.1457,7996648,Technology
2022-01-05,GOOGL,107.5153,2698085,Technology
2022-01-05,META,329.6307,8741425,Technology
2022-01-05,MSFT,307.3468,19502835,Technology
2022-01-05,NFLX,394.3472,4085689,Technology
2022-01-05,NVDA,203.2635,12305695,Technology
2022-01-05,ORCL,90.6614,5502834,Technology
2022-01-05,TSLA,232.3591,3156792,Technology
2022-01-06,AAPL,146.267,3564898,Technology
2022-01-06,AMZN,122.0122,17349754,Technology
2022-01-06,AVGO,613.2069,19278439,Technology
2022-01-06,GOOGL,105.9879,18012335,Technology
2022-01-06,META,328.2083,7339065,Technology
2022-01-06,MSFT,306.0996,13562094,Technology
2022-01-06,NFLX,389.6233,6227001,Technology
2022-01-06,NVDA,206.517,16549878,Technology
2022-01-06,ORCL,91.3726,17724910,Technology
2022-01-06,TSLA,238.2802,5010482,Technology
2022-01-07,AAPL,145.9031,5935483,Technology
2022-01-07,AMZN,122.5896,19080936,Technology
2022-01-07,AVGO,621.7767,15784816,Technology
2022-01-07,GOOGL,105.4512,15423496,Technology
2022-01-07,META,330.733,2682320,Technology
2022-01-07,MSFT,300.539,8201266,Technology
2022-01-07,NFLX,398.8328,7914572,Technology
2022-01-07,NVDA,212.1925,8047414,Technology
2022-01-07,ORCL,90.5694,18206377,Technology
2022-01-07,TSLA,245.321,12563646,Technology
2022-01-10,AAPL,146.2201,11096395,Technology
2022-01-10,AMZN,123.0915,18681134,Technology
2022-01-10,AVGO,620.47,16426813,Technology
2022-01-10,GOOGL,106.5038,18575029,Technology
2022-01-10,META,334.2795,18621364,Technology
2022-01-10,MSFT,302.513,17803282,Technology
2022-01-10,NFLX,398.4521,11811138,Technology
2022-01-10,NVDA,216.4789,11049833,Technology
2022-01-10,ORCL,89.3163,11867699,Technology
2022-01-10,TSLA,246.9399,7282523,Technology
2022-01-11,AAPL,147.6447,13697919,Technology
2022-01-11,AMZN,125.7719,2247199,Technology
2022-01-11,AVGO,614.9803,2015177,Technology
2022-01-11,GOOGL,106.7988,16712946,Technology
2022-01-11,META,321.8452,15306601,Technology
2022-01-11,MSFT,303.7265,5275336,Technology
2022-01-11,NFLX,402.0436,3434184,Technology
2022-01-11,NVDA,217.0577,13066901,Technology
2022-01-11,ORCL,89.4305,13592000,Technology
2022-01-11,TSLA,251.1318,19372614,Technology
2022-01-12,AAPL,147.9543,11808946,Technology
2022-01-12,AMZN,122.914,14488314,Technology
2022-01-12,AVGO,616.7745,4654838,Technology
2022-01-12,GOOGL,106.6409,7454989,Technology
2022-01-12,META,313.3899,7916417,Technology
2022-01-12,MSFT,298.3375,19392763,Technology
2022-01-12,NFLX,412.753,13643173,Technology
2022-01-12,NVDA,212.9009,8540017,Technology
2022-01-12,ORCL,88.3534,5843246,Technology
2022-01-12,TSLA,243.1991,8340560,Technology
2022-01-13,AAPL,148.546,16569748,Technology
2022-01-13,AMZN,124.7121,2409466,Technology
2022-01-13,AVGO,623.2487,3446754,Technology
2022-01-13,GOOGL,106.3256,14531291,Technology
2022-01-13,META,311.9645,15688889,Technology
2022-01-13,MSFT,290.7142,2997431,Technology
2022-01-13,NFLX,414.4351,4337794,Technology
2022-01-13,NVDA,208.0187,17252013,Technology
2022-01-13,ORCL,88.6919,13740273,Technology
2022-01-13,TSLA,247.0338,7808260,Technology
2022-01-14,AAPL,151.3542,2116977,Technology
2022-01-14,AMZN,126.2541,5762171,Technology
2022-01-14,AVGO,617.8641,6251304,Technology
2022-01-14,GOOGL,108.1844,3767913,Technology
2022-01-14,META,320.4242,11375711,Technology
2022-01-14,MSFT,294.2725,4234900,Technology
2022-01-14,NFLX,414.1813,15489384,Technology
2022-01-14,NVDA,210.285,16168692,Technology
2022-01-14,ORCL,89.1057,7405764,Technology
2022-01-14,TSLA,247.8353,16236134,Technology
2022-01-17,AAPL,152.5643,8124509,Technology
2022-01-17,AMZN,124.8967,11418785,Technology
2022-01-17,AVGO,619.3846,6405185,Technology
2022-01-17,GOOGL,108.8146,19535949,Technology
2022-01-17,META,329.2154,7192191,Technology
2022-01-17,MSFT,295.7331,7807893,Technology
2022-01-17,NFLX,413.8682,14092595,Technology
2022-01-17,NVDA,213.536,7172400,Technology
2022-01-17,ORCL,90.0418,13224729,Technology
2022-01-17,TSLA,246.4023,13825183,Technology
2022-01-18,AAPL,149.5436,4798630,Technology
2022-01-18,AMZN,124.6075,6655844,Technology
2022-01-18,AVGO,623.7876,14324844,Technology
2022-01-18,GOOGL,108.2094,9975991,Technology
2022-01-18,META,328.0278,2426479,Technology
2022-01-18,MSFT,297.772,14767978,Technology
2022-01-18,NFLX,425.0069,9480361,Technology
2022-01-18,NVDA,208.8,2855564,Technology
2022-01-18,ORCL,88.442,2915942,Technology
2022-01-18,TSLA,248.341,8695357,Technology
2022-01-19,AAPL,151.4544,3669425,Technology
2022-01-19,AMZN,121.2493,4544253,Technology
2022-01-19,AVGO,629.534,10592193,Technology
2022-01-19,GOOGL,108.837,9501909,Technology
2022-01-19,META,331.3084,6360481,Technology
2022-01-19,MSFT,292.6968,18108666,Technology
2022-01-19,NFLX,429.5545,4950331,Technology
2022-01-19,NVDA,213.6242,6065947,Technology
2022-01-19,ORCL,88.735,4820948,Technology
2022-01-19,TSLA,249.0002,7734604,Technology
2022-01-20,AAPL,151.0275,3740894,Technology
2022-01-20,AMZN,121.6528,14577594,Technology
2022-01-20,AVGO,621.7735,8204813,Technology
2022-01-20,GOOGL,107.7256,13619986,Technology
2022-01-20,META,326.7596,11707611,Technology
2022-01-20,MSFT,300.2956,17226806,Technology
2022-01-20,NFLX,426.9017,3756877,Technology
2022-01-20,NVDA,213.6821,15371984,Technology
2022-01-20,ORCL,90.073,8917229,Technology
2022-01-20,TSLA,245.9497,2196218,Technology
2022-01-21,AAPL,152.7647,16528308,Technology
2022-01-21,AMZN,124.4186,13943510,Technology
2022-01-21,AVGO,607.1491,14578035,Technology
2022-01-21,GOOGL,108.1867,16831449,Technology
2022-01-21,META,334.4881,6470084,Technology
2022-01-21,MSFT,300.4247,11915145,Technology
2022-01-21,NFLX,433.172,11761751,Technology
2022-01-21,NVDA,221.4464,3705205,Technology
2022-01-21,ORCL,89.4135,9973646,Technology
2022-01-21,TSLA,242.7515,16314309,Technology
2022-01-24,AAPL,150.4678,15135172,Technology
2022-01-24,AMZN,124.7908,2782676,Technology
2022-01-24,AVGO,610.1228,18430994,Technology
2022-01-24,GOOGL,109.259,15337006,Technology
2022-01-24,META,329.3686,14372297,Technology
2022-01-24,MSFT,306.1202,4253065,Technology
2022-01-24,NFLX,430.6414,11876252,Technology
2022-01-24,NVDA,226.7543,8063085,Technology
2022-01-24,ORCL,89.3571,14491452,Technology
2022-01-24,TSLA,248.7989,18177391,Technology
2022-01-25,AAPL,145.0316,8813618,Technology
2022-01-25,AMZN,125.6731,16205392,Technology
2022-01-25,AVGO,601.3661,14712033,Technology
2022-01-25,GOOGL,109.4935,16778313,Technology
2022-01-25,META,327.8197,8866746,Technology
2022-01-25,MSFT,304.672,11046316,Technology
2022-01-25,NFLX,450.9776,17717980,Technology
2022-01-25,NVDA,235.1133,10554830,Technology
2022-01-25,ORCL,88.1758,6919759,Technology
2022-01-25,TSLA,243.1891,12832434,Technology
2022-01-26,AAPL,143.8791,11936731,Technology
2022-01-26,AMZN,127.2555,13123365,Technology
2022-01-26,AVGO,585.8149,15735011,Technology
2022-01-26,GOOGL,106.2375,11274854,Technology
2022-01-26,META,319.5327,7789465,Technology
2022-01-26,MSFT,309.4484,5035446,Technology
2022-01-26,NFLX,460.9156,17354545,Technology
2022-01-26,NVDA,239.1151,5775304,Technology
2022-01-26,ORCL,89.2239,15427490,Technology
2022-01-26,TSLA,240.9956,11490722,Technology
2022-01-27,AAPL,145.2962,17510724,Technology
2022-01-27,AMZN,130.2876,2150015,Technology
2022-01-27,AVGO,590.1301,15734797,Technology
2022-01-27,GOOGL,107.0193,11122314,Technology
2022-01-27,META,318.9875,17657601,Technology
2022-01-27,MSFT,311.7763,13857191,Technology
2022-01-27,NFLX,467.3308,16015967,Technology
2022-01-27,NVDA,241.4675,7433246,Technology
2022-01-27,ORCL,88.6673,9233776,Technology
2022-01-27,TSLA,244.9494,12942278,Technology
2022-01-28,AAPL,142.8964,12392338,Technology
2022-01-28,AMZN,131.3972,8995612,Technology
2022-01-28,AVGO,593.2004,4403472,Technology
2022-01-28,GOOGL,108.2222,4441696,Technology
2022-01-28,META,319.3037,3259728,Technology
2022-01-28,MSFT,311.0907,14971389,Technology
2022-01-28,NFLX,467.7413,16299677,Technology
2022-01-28,NVDA,234.2621,16474280,Technology
2022-01-28,ORCL,88.4449,16073460,Technology
2022-01-28,TSLA,248.0013,17900482,Technology
2022-01-31,AAPL,142.8024,6102168,Technology
2022-01-31,AMZN,130.8668,13881806,Technology
2022-01-31,AVGO,596.4208,16756239,Technology
2022-01-31,GOOGL,110.2443,2521066,Technology
2022-01-31,META,322.4272,4547576,Technology
2022-01-31,MSFT,305.1062,12145124,Technology
2022-01-31,NFLX,488.5168,4040673,Technology
2022-01-31,NVDA,228.5895,5601385,Technology
2022-01-31,ORCL,88.8144,10434435,Technology
2022-01-31,TSLA,249.6333,18067952,Technology
2022-02-01,AAPL,142.2934,7208983,Technology
2022-02-01,AMZN,135.2297,17557080,Technology
2022-02-01,AVGO,576.5155,15146697,Technology
2022-02-01,GOOGL,107.5479,5469742,Technology
2022-02-01,META,330.6363,5675960,Technology
2022-02-01,MSFT,300.5792,16854252,Technology
2022-02-01,NFLX,481.0068,10123248,Technology
2022-02-01,NVDA,231.3365,9241417,Technology
2022-02-01,ORCL,89.8708,17624541,Technology
2022-02-01,TSLA,247.8108,9591502,Technology
2022-02-02,AAPL,143.6434,3818025,Technology
2022-02-02,AMZN,139.8719,13689400,Technology
2022-02-02,AVGO,568.5617,3289822,Technology
2022-02-02,GOOGL,109.1151,6490824,Technology
2022-02-02,META,337.7771,16961975,Technology
2022-02-02,MSFT,301.9026,13546167,Technology
2022-02-02,NFLX,491.9607,16031675,Technology
2022-02-02,NVDA,227.5662,15741959,Technology
2022-02-02,ORCL,91.5908,7691862,Technology
2022-02-02,TSLA,248.0962,7762185,Technology
2022-02-03,AAPL,144.4261,7003524,Technology
2022-02-03,AMZN,140.4995,6161035,Technology
2022-02-03,AVGO,572.9709,10789567,Technology
2022-02-03,GOOGL,106.4496,10216076,Technology
2022-02-03,META,342.5502,18772628,Technology
2022-02-03,MSFT,302.2658,12381882,Technology
2022-02-03,NFLX,502.6866,10375350,Technology
2022-02-03,NVDA,223.8591,5250815,Technology
2022-02-03,ORCL,93.4691,18794363,Technology
2022-02-03,TSLA,242.7505,5548218,Technology
2022-02-04,AAPL,143.2378,8663257,Technology
2022-02-04,AMZN,135.7642,3792866,Technology
2022-02-04,AVGO,572.4965,5990492,Technology
2022-02-04,GOOGL,108.6571,6931594,Technology
2022-02-04,META,342.8614,15049803,Technology
2022-02-04,MSFT,298.5135,9498562,Technology
2022-02-04,NFLX,512.6612,7009410,Technology
2022-02-04,NVDA,231.6634,17528776,Technology
2022-02-04,ORCL,92.0959,17766498,Technology
2022-02-04,TSLA,245.1429,19824674,Technology
2022-02-07,AAPL,141.878,5771126,Technology
2022-02-07,AMZN,140.1281,7678207,Technology
2022-02-07,AVGO,560.6039,12953402,Technology
2022-02-07,GOOGL,107.4413,16823113,Technology
2022-02-07,META,345.5657,7606333,Technology
2022-02-07,MSFT,293.2768,13501841,Technology
2022-02-07,NFLX,522.4803,3498825,Technology
2022-02-07,NVDA,232.7753,12383179,Technology
2022-02-07,ORCL,90.9456,14171409,Technology
2022-02-07,TSLA,238.4062,9582270,Technology
2022-02-08,AAPL,141.4592,13664636,Technology
2022-02-08,AMZN,142.1487,5355512,Technology
2022-02-08,AVGO,561.8195,8117317,Technology
2022-02-08,GOOGL,105.1907,4229711,Technology
2022-02-08,META,344.7807,5175839,Technology
2022-02-08,MSFT,288.0682,7214089,Technology
2022-02-08,NFLX,524.9238,8981852,Technology
2022-02-08,NVDA,235.9841,15359744,Technology
2022-02-08,ORCL,91.0701,2156036,Technology
2022-02-08,TSLA,241.0747,7883745,Technology
2022-02-09,AAPL,146.1628,12964358,Technology
2022-02-09,AMZN,139.9952,11011714,Technology
2022-02-09,AVGO,553.4982,16818286,Technology
2022-02-09,GOOGL,105.1554,2550137,Technology
2022-02-09,META,340.0341,6481449,Technology
2022-02-09,MSFT,288.2771,19219703,Technology
2022-02-09,NFLX,516.6812,5407402,Technology
2022-02-09,NVDA,249.0981,10411315,Technology
2022-02-09,ORCL,90.638,17520486,Technology
2022-02-09,TSLA,243.7432,8891435,Technology
2022-02-10,AAPL,147.8157,4941244,Technology
2022-02-10,AMZN,134.8037,2386792,Technology
2022-02-10,AVGO,542.3911,18462548,Technology
2022-02-10,GOOGL,103.7185,5196506,Technology
2022-02-10,META,338.5668,13440867,Technology
2022-02-10,MSFT,281.687,14329835,Technology
2022-02-10,NFLX,531.0562,18396558,Technology
2022-02-10,NVDA,255.5373,13059601,Technology
2022-02-10,ORCL,92.6687,7639289,Technology
2022-02-10,TSLA,239.389,13585998,Technology
2022-02-11,AAPL,150.8394,8830197,Technology
2022-02-11,AMZN,136.2234,6453058,Technology
2022-02-11,AVGO,533.3622,13620390,Technology
2022-02-11,GOOGL,105.2553,17668653,Technology
2022-02-11,META,345.4946,6893494,Technology
2022-02-11,MSFT,282.5357,7353809,Technology
2022-02-11,NFLX,526.1642,13166155,Technology
2022-02-11,NVDA,253.0744,15844144,Technology
2022-02-11,ORCL,93.3953,18232467,Technology
2022-02-11,TSLA,237.1964,17409855,Technology
2022-02-14,AAPL,153.9345,12025095,Technology
2022-02-14,AMZN,134.2271,9081196,Technology
2022-02-14,AVGO,537.1634,5802182,Technology
2022-02-14,GOOGL,104.0402,4943245,Technology
2022-02-14,META,346.1047,19505993,Technology
2022-02-14,MSFT,283.8348,9912898,Technology
2022-02-14,NFLX,542.3362,19858213,Technology
2022-02-14,NVDA,246.6968,13281652,Technology
2022-02-14,ORCL,93.6003,5834213,Technology
2022-02-14,TSLA,250.2931,7118584,Technology
2022-02-15,AAPL,153.8165,14323056,Technology
2022-02-15,AMZN,133.903,4826094,Technology
2022-02-15,AVGO,541.6357,9837211,Technology
2022-02-15,GOOGL,103.3249,18100854,Technology
2022-02-15,META,343.5573,9168400,Technology
2022-02-15,MSFT,284.5508,10716520,Technology
2022-02-15,NFLX,539.4823,4921258,Technology
2022-02-15,NVDA,249.7311,11400852,Technology
2022-02-15,ORCL,94.233,17132213,Technology
2022-02-15,TSLA,249.3259,17149571,Technology
2022-02-16,AAPL,155.9531,6122865,Technology
2022-02-16,AMZN,132.7453,13254157,Technology
2022-02-16,AVGO,535.1414,9662803,Technology
2022-02-16,GOOGL,103.3456,7131248,Technology
2022-02-16,META,347.123,11095265,Technology
2022-02-16,MSFT,286.1326,7626484,Technology
2022-02-16,NFLX,533.3522,14411536,Technology
2022-02-16,NVDA,247.887,4708507,Technology
2022-02-16,ORCL,92.6378,12502073,Technology
2022-02-16,TSLA,238.5397,18524620,Technology
2022-02-17,AAPL,152.8868,2577804,Technology
2022-02-17,AMZN,134.5234,6251685,Technology
2022-02-17,AVGO,545.9328,7129354,Technology
2022-02-17,GOOGL,101.0131,8958182,Technology
2022-02-17,META,353.398,15228705,Technology
2022-02-17,MSFT,291.1466,14930531,Technology
2022-02-17,NFLX,543.4388,5495067,Technology
2022-02-17,NVDA,250.4077,14335519,Technology
2022-02-17,ORCL,94.5038,16908581,Technology
2022-02-17,TSLA,245.884,2704164,Technology
2022-02-18,AAPL,152.2954,5797691,Technology
2022-02-18,AMZN,137.2496,16614071,Technology
2022-02-18,AVGO,533.8978,2626879,Technology
2022-02-18,GOOGL,102.0759,19368516,Technology
2022-02-18,META,354.292,16284054,Technology
2022-02-18,MSFT,290.5472,19556734,Technology
2022-02-18,NFLX,560.2007,8324886,Technology
2022-02-18,NVDA,248.7782,7735757,Technology
2022-02-18,ORCL,92.7758,7215338,Technology
2022-02-18,TSLA,244.5257,3712156,Technology
2022-02-21,AAPL,153.922,18972374,Technology
2022-02-21,AMZN,136.9294,13264262,Technology
2022-02-21,AVGO,544.4852,19253229,Technology
2022-02-21,GOOGL,103.8157,17428001,Technology
2022-02-21,META,341.9485,2356599,Technology
2022-02-21,MSFT,283.2289,4353790,Technology
2022-02-21,NFLX,559.5898,8123253,Technology
2022-02-21,NVDA,254.5396,16943858,Technology
2022-02-21,ORCL,93.065,3826990,Technology
2022-02-21,TSLA,242.7683,16445239,Technology
2022-02-22,AAPL,155.3427,13797895,Technology
2022-02-22,AMZN,140.5245,16667455,Technology
2022-02-22,AVGO,540.1407,14282115,Technology
2022-02-22,GOOGL,102.4436,6843504,Technology
2022-02-22,META,332.6649,15659449,Technology
2022-02-22,MSFT,280.1217,7744085,Technology
2022-02-22,NFLX,546.9245,3864248,Technology
2022-02-22,NVDA,258.216,9423890,Technology
2022-02-22,ORCL,90.862,4736304,Technology
2022-02-22,TSLA,242.0275,15566461,Technology
2022-02-23,AAPL,154.1028,9121374,Technology
2022-02-23,AMZN,137.1116,2530386,Technology
2022-02-23,AVGO,542.8224,17016184,Technology
2022-02-23,GOOGL,100.6313,9371129,Technology
2022-02-23,META,341.1556,18587584,Technology
2022-02-23,MSFT,283.6602,10396506,Technology
2022-02-23,NFLX,557.8621,11223555,Technology
2022-02-23,NVDA,259.9321,16826792,Technology
2022-02-23,ORCL,89.9915,9473345,Technology
2022-02-23,TSLA,237.3193,9206198,Technology
2022-02-24,AAPL,156.242,6767842,Technology
2022-02-24,AMZN,135.3878,4730747,Technology
2022-02-24,AVGO,539.5466,14349181,Technology
2022-02-24,GOOGL,103.2736,15816309,Technology
2022-02-24,META,338.156,15079668,Technology
2022-02-24,MSFT,283.4971,3742609,Technology
2022-02-24,NFLX,560.8241,5422586,Technology
2022-02-24,NVDA,257.4647,12822180,Technology
2022-02-24,ORCL,88.5415,4849047,Technology
2022-02-24,TSLA,232.5679,13021771,Technology
2022-02-25,AAPL,155.0881,6439295,Technology
2022-02-25,AMZN,134.8105,18149155,Technology
2022-02-25,AVGO,540.5732,3825291,Technology
2022-02-25,GOOGL,103.6487,2160163,Technology
2022-02-25,META,336.1573,6631250,Technology
2022-02-25,MSFT,286.4041,7223816,Technology
2022-02-25,NFLX,554.7049,13474806,Technology
2022-02-25,NVDA,254.2078,9305586,Technology
2022-02-25,ORCL,88.262,11941781,Technology
2022-02-25,TSLA,230.8874,9079894,Technology
2022-02-28,AAPL,153.6026,12522547,Technology
2022-02-28,AMZN,134.322,8879728,Technology
2022-02-28,AVGO,550.9478,2220040,Technology
2022-02-28,GOOGL,105.5917,12820555,Technology
2022-02-28,META,329.4015,8752643,Technology
2022-02-28,MSFT,282.7048,6468865,Technology
2022-02-28,NFLX,557.4719,3204210,Technology
2022-02-28,NVDA,257.1716,6420558,Technology
2022-02-28,ORCL,85.3047,14419346,Technology
2022-02-28,TSLA,228.8586,17276101,Technology
2022-03-01,AAPL,153.0555,18160811,Technology
2022-03-01,AMZN,133.5595,19290902,Technology
2022-03-01,AVGO,539.1007,7742464,Technology
2022-03-01,GOOGL,104.4217,2152347,Technology
2022-03-01,META,331.0417,12908456,Technology
2022-03-01,MSFT,286.2262,17575535,Technology
2022-03-01,NFLX,541.333,19874400,Technology
2022-03-01,NVDA,259.7947,16890118,Technology
2022-03-01,ORCL,85.8783,18265729,Technology
2022-03-01,TSLA,222.9805,19408745,Technology
2022-03-02,AAPL,151.9232,19955676,Technology
2022-03-02,AMZN,131.1924,6093703,Technology
2022-03-02,AVGO,531.7702,10184457,Technology
2022-03-02,GOOGL,104.4157,7498274,Technology
2022-03-02,META,334.1918,10446652,Technology
2022-03-02,MSFT,288.1504,12398366,Technology
2022-03-02,NFLX,543.7327,18431889,Technology
2022-03-02,NVDA,252.8654,9850392,Technology
2022-03-02,ORCL,87.4002,4639633,Technology
2022-03-02,TSLA,226.947,13123586,Technology
2022-03-03,AAPL,152.891,11171473,Technology
2022-03-03,AMZN,129.2155,6326494,Technology
2022-03-03,AVGO,528.2221,10750508,Technology
2022-03-03,GOOGL,107.2843,19406439,Technology
2022-03-03,META,335.7788,4785040,Technology
2022-03-03,MSFT,291.1082,7628868,Technology
2022-03-03,NFLX,558.2245,10898753,Technology
2022-03-03,NVDA,254.659,13644596,Technology
2022-03-03,ORCL,87.1862,10008269,Technology
2022-03-03,TSLA,230.809,2527187,Technology
2022-03-04,AAPL,153.5346,3973684,Technology
2022-03-04,AMZN,132.6133,18375237,Technology
2022-03-04,AVGO,536.7559,15884473,Technology
2022-03-04,GOOGL,106.2673,8776558,Technology
2022-03-04,META,336.2425,11012596,Technology
2022-03-04,MSFT,291.6197,11265047,Technology
2022-03-04,NFLX,559.858,13565492,Technology
2022-03-04,NVDA,258.0751,4455751,Technology
2022-03-04,ORCL,87.2237,8857084,Technology
2022-03-04,TSLA,231.6751,3892442,Technology
2022-03-07,AAPL,153.9801,13294028,Technology
2022-03-07,AMZN,137.5688,7927125,Technology
2022-03-07,AVGO,534.8285,7453181,Technology
2022-03-07,GOOGL,104.9967,8276765,Technology
2022-03-07,META,337.2804,15056216,Technology
2022-03-07,MSFT,287.3282,10977674,Technology
2022-03-07,NFLX,550.3047,5584035,Technology
2022-03-07,NVDA,259.0523,6651143,Technology
2022-03-07,ORCL,86.6765,8828655,Technology
2022-03-07,TSLA,231.9925,7811462,Technology
2022-03-08,AAPL,154.6548,3143498,Technology
2022-03-08,AMZN,136.0878,4494377,Technology
2022-03-08,AVGO,534.4101,12865448,Technology
2022-03-08,GOOGL,105.0112,14189530,Technology
2022-03-08,META,322.7739,18925129,Technology
2022-03-08,MSFT,287.181,19014190,Technology
2022-03-08,NFLX,561.1382,2066991,Technology
2022-03-08,NVDA,262.0178,5167733,Technology
2022-03-08,ORCL,86.7939,14386186,Technology
2022-03-08,TSLA,229.6914,5063446,Technology
2022-03-09,AAPL,152.551,8869147,Technology
2022-03-09,AMZN,135.7293,11744368,Technology
2022-03-09,AVGO,546.7578,16443531,Technology
2022-03-09,GOOGL,106.8141,16837594,Technology
2022-03-09,META,323.6051,19468867,Technology
2022-03-09,MSFT,288.079,11098000,Technology
2022-03-09,NFLX,564.3661,8397586,Technology
2022-03-09,NVDA,254.2492,17345378,Technology
2022-03-09,ORCL,86.9948,16723130,Technology
2022-03-09,TSLA,224.0839,5440874,Technology
2022-03-10,AAPL,155.2553,19479410,Technology
2022-03-10,AMZN,137.2071,7561971,Technology
2022-03-10,AVGO,538.9628,10523851,Technology
2022-03-10,GOOGL,106.2572,11207246,Technology
2022-03-10,META,318.7031,13538876,Technology
2022-03-10,MSFT,290.773,8352111,Technology
2022-03-10,NFLX,588.3138,13676902,Technology
2022-03-10,NVDA,260.7382,2358357,Technology
2022-03-10,ORCL,88.2682,5273005,Technology
2022-03-10,TSLA,228.5442,18251850,Technology
2022-03-11,AAPL,155.2756,17494034,Technology
2022-03-11,AMZN,132.8431,14692454,Technology
2022-03-11,AVGO,541.7659,8031143,Technology
2022-03-11,GOOGL,106.7403,13922398,Technology
2022-03-11,META,323.806,12589562,Technology
2022-03-11,MSFT,290.3716,2909727,Technology
2022-03-11,NFLX,586.7551,9479606,Technology
2022-03-11,NVDA,259.4542,17472512,Technology
2022-03-11,ORCL,87.6954,18091784,Technology
2022-03-11,TSLA,225.4544,19812170,Technology
2022-03-14,AAPL,158.8241,14270786,Technology
2022-03-14,AMZN,131.6924,19922344,Technology
2022-03-14,AVGO,533.9498,16138905,Technology
2022-03-14,GOOGL,107.6352,13652158,Technology
2022-03-14,META,322.4321,18588858,Technology
2022-03-14,MSFT,282.7115,13776680,Technology
2022-03-14,NFLX,601.6953,17516123,Technology
2022-03-14,NVDA,266.3537,17609092,Technology
2022-03-14,ORCL,90.2162,12202094,Technology
2022-03-14,TSLA,235.9069,6674378,Technology
2022-03-15,AAPL,159.1675,11665465,Technology
2022-03-15,AMZN,131.5652,19563984,Technology
2022-03-15,AVGO,532.4132,19653221,Technology
2022-03-15,GOOGL,106.3705,12962901,Technology
2022-03-15,META,323.4476,8926868,Technology
2022-03-15,MSFT,283.0967,10470563,Technology
2022-03-15,NFLX,577.6511,3534054,Technology
2022-03-15,NVDA,270.5675,18210347,Technology
2022-03-15,ORCL,89.7479,17940869,Technology
2022-03-15,TSLA,231.2031,16128992,Technology
2022-03-16,AAPL,158.9184,4007939,Technology
2022-03-16,AMZN,134.8015,18508018,Technology
2022-03-16,AVGO,524.4404,14144940,Technology
2022-03-16,GOOGL,106.1788,3149066,Technology
2022-03-16,META,319.828,9853363,Technology
2022-03-16,MSFT,276.2936,9756699,Technology
2022-03-16,NFLX,585.7076,12105421,Technology
2022-03-16,NVDA,266.065,13833750,Technology
2022-03-16,ORCL,92.006,3240019,Technology
2022-03-16,TSLA,242.027,3350759,Technology
2022-03-17,AAPL,162.1725,9825774,Technology
2022-03-17,AMZN,139.069,7714931,Technology
2022-03-17,AVGO,523.0429,4706969,Technology
2022-03-17,GOOGL,106.9427,19790497,Technology
2022-03-17,META,318.3079,6594651,Technology
2022-03-17,MSFT,274.841,17884203,Technology
2022-03-17,NFLX,574.2428,4096890,Technology
2022-03-17,NVDA,269.3467,3625513,Technology
2022-03-17,ORCL,91.8482,4428981,Technology
2022-03-17,TSLA,251.5093,7927921,Technology
2022-03-18,AAPL,156.8675,17765352,Technology
2022-03-18,AMZN,133.7343,4130971,Technology
2022-03-18,AVGO,513.1183,12622754,Technology
2022-03-18,GOOGL,104.9562,6700644,Technology
2022-03-18,META,326.66,11172950,Technology
2022-03-18,MSFT,274.1234,8586872,Technology
2022-03-18,NFLX,582.5261,19930442,Technology
2022-03-18,NVDA,278.4734,4530082,Technology
2022-03-18,ORCL,91.5252,4690747,Technology
2022-03-18,TSLA,242.8483,6858416,Technology
2022-03-21,AAPL,158.5152,6741002,Technology
2022-03-21,AMZN,131.835,7716756,Technology
2022-03-21,AVGO,529.7026,5557034,Technology
2022-03-21,GOOGL,102.5735,14799687,Technology
2022-03-21,META,321.5821,10795193,Technology
2022-03-21,MSFT,268.2662,9210469,Technology
2022-03-21,NFLX,592.0999,15066266,Technology
2022-03-21,NVDA,275.2585,4014782,Technology
2022-03-21,ORCL,92.5881,19872142,Technology
2022-03-21,TSLA,235.6935,5066095,Technology
2022-03-22,AAPL,157.2101,18427301,Technology
2022-03-22,AMZN,134.515,15777830,Technology
2022-03-22,AVGO,535.1984,10189808,Technology
2022-03-22,GOOGL,103.6205,4698727,Technology
2022-03-22,META,318.1062,13716314,Technology
2022-03-22,MSFT,266.3257,11958012,Technology
2022-03-22,NFLX,584.4018,2584641,Technology
2022-03-22,NVDA,274.1082,11395236,Technology
2022-03-22,ORCL,93.0272,19308351,Technology
2022-03-22,TSLA,240.0086,4273196,Technology
2022-03-23,AAPL,157.2914,17669334,Technology
2022-03-23,AMZN,132.04,17842374,Technology
2022-03-23,AVGO,522.6909,2873784,Technology
2022-03-23,GOOGL,102.8371,15778538,Technology
2022-03-23,META,309.5411,18677337,Technology
2022-03-23,MSFT,265.4852,3323571,Technology
2022-03-23,NFLX,597.1561,17034080,Technology
2022-03-23,NVDA,260.3753,16921668,Technology
2022-03-23,ORCL,91.4406,7772574,Technology
2022-03-23,TSLA,245.1581,17514108,Technology
2022-03-24,AAPL,156.4359,12961463,Technology
2022-03-24,AMZN,130.1112,9974080,Technology
2022-03-24,AVGO,522.0833,10813185,Technology
2022-03-24,GOOGL,105.1279,16442547,Technology
2022-03-24,META,309.2244,2621136,Technology
2022-03-24,MSFT,259.7516,7034972,Technology
2022-03-24,NFLX,593.7116,16798962,Technology
2022-03-24,NVDA,273.192,6532545,Technology
2022-03-24,ORCL,90.8167,3495308,Technology
2022-03-24,TSLA,245.476,19385052,Technology
2022-03-25,AAPL,159.5044,4751106,Technology
2022-03-25,AMZN,131.334,18807833,Technology
2022-03-25,AVGO,526.4869,8607874,Technology
2022-03-25,GOOGL,103.4831,12800599,Technology
2022-03-25,META,304.9421,16636275,Technology
2022-03-25,MSFT,259.7279,19803632,Technology
2022-03-25,NFLX,602.5026,7282123,Technology
2022-03-25,NVDA,269.0823,17922167,Technology
2022-03-25,ORCL,88.2559,12850626,Technology
2022-03-25,TSLA,232.7159,9439290,Technology
2022-03-28,AAPL,159.8104,16015276,Technology
2022-03-28,AMZN,135.4738,6928330,Technology
2022-03-28,AVGO,536.5653,6541882,Technology
2022-03-28,GOOGL,102.269,14983097,Technology
2022-03-28,META,299.0984,14554485,Technology
2022-03-28,MSFT,259.1386,19551490,Technology
2022-03-28,NFLX,605.1637,7403692,Technology
2022-03-28,NVDA,269.5238,16520370,Technology
2022-03-28,ORCL,88.3315,18038858,Technology
2022-03-28,TSLA,229.9777,11496600,Technology
2022-03-29,AAPL,157.1211,11546366,Technology
2022-03-29,AMZN,132.2206,16023941,Technology
2022-03-29,AVGO,528.4204,8074311,Technology
2022-03-29,GOOGL,100.3434,13797210,Technology
2022-03-29,META,292.9152,13616003,Technology
2022-03-29,MSFT,257.7332,9090266,Technology
2022-03-29,NFLX,602.6863,19353404,Technology
2022-03-29,NVDA,272.7593,7927146,Technology
2022-03-29,ORCL,88.1681,9519295,Technology
2022-03-29,TSLA,231.0108,12401925,Technology
2022-03-30,AAPL,159.1547,2350581,Technology
2022-03-30,AMZN,133.3988,15724054,Technology
2022-03-30,AVGO,524.1879,11769472,Technology
2022-03-30,GOOGL,101.5449,9534182,Technology
2022-03-30,META,292.5519,14259196,Technology
2022-03-30,MSFT,258.7109,18901074,Technology
2022-03-30,NFLX,608.5175,8832460,Technology
2022-03-30,NVDA,267.8296,15470736,Technology
2022-03-30,ORCL,89.1914,5456416,Technology
2022-03-30,TSLA,222.7184,7794404,Technology
2022-03-31,AAPL,159.2494,18723775,Technology
2022-03-31,AMZN,134.3532,13015668,Technology
2022-03-31,AVGO,539.2875,5217107,Technology
2022-03-31,GOOGL,101.5617,8988948,Technology
2022-03-31,META,298.7381,6577184,Technology
2022-03-31,MSFT,255.9004,15589373,Technology
2022-03-31,NFLX,615.301,4754661,Technology
2022-03-31,NVDA,265.0833,6246885,Technology
2022-03-31,ORCL,91.0343,7044425,Technology
2022-03-31,TSLA,209.8555,15155562,Technology
2022-04-01,AAPL,162.3817,7535254,Technology
2022-04-01,AMZN,134.0944,6156404,Technology
2022-04-01,AVGO,538.5208,7843385,Technology
2022-04-01,GOOGL,103.9292,12296763,Technology
2022-04-01,META,287.617,17147286,Technology
2022-04-01,MSFT,257.2771,11001402,Technology
2022-04-01,NFLX,609.5576,3339150,Technology
2022-04-01,NVDA,262.4147,5152776,Technology
2022-04-01,ORCL,88.6415,10812962,Technology
2022-04-01,TSLA,210.5396,7332215,Technology
2022-04-04,AAPL,159.5083,3042652,Technology
2022-04-04,AMZN,137.0811,6179285,Technology
2022-04-04,AVGO,540.0313,13447688,Technology
2022-04-04,GOOGL,104.504,5418472,Technology
2022-04-04,META,279.6329,2222072,Technology
2022-04-04,MSFT,261.193,2815460,Technology
2022-04-04,NFLX,619.4731,11557321,Technology
2022-04-04,NVDA,264.1261,19458622,Technology
2022-04-04,ORCL,88.3562,18304699,Technology
2022-04-04,TSLA,214.6748,3490296,Technology
2022-04-05,AAPL,163.4944,3541762,Technology
2022-04-05,AMZN,136.293,14386543,Technology
2022-04-05,AVGO,533.5777,2659022,Technology
2022-04-05,GOOGL,104.3774,11623431,Technology
2022-04-05,META,280.7066,18503891,Technology
2022-04-05,MSFT,263.3151,10527394,Technology
2022-04-05,NFLX,628.3736,7396762,Technology
2022-04-05,NVDA,260.2039,12610656,Technology
2022-04-05,ORCL,89.1157,7519450,Technology
2022-04-05,TSLA,204.5673,13870653,Technology
2022-04-06,AAPL,159.7368,10747828,Technology
2022-04-06,AMZN,134.3284,10578839,Technology
2022-04-06,AVGO,529.2737,15296245,Technology
2022-04-06,GOOGL,103.3155,16128146,Technology
2022-04-06,META,273.1738,9158004,Technology
2022-04-06,MSFT,265.7836,10225794,Technology
2022-04-06,NFLX,633.1663,2409180,Technology
2022-04-06,NVDA,262.0398,10826454,Technology
2022-04-06,ORCL,89.3871,10080759,Technology
2022-04-06,TSLA,200.8952,15234829,Technology
2022-04-07,AAPL,163.2542,15785019,Technology
2022-04-07,AMZN,131.2712,14816344,Technology
2022-04-07,AVGO,529.5425,3702306,Technology
2022-04-07,GOOGL,105.2776,11131667,Technology
2022-04-07,META,263.6758,11333666,Technology
2022-04-07,MSFT,262.6501,7903385,Technology
2022-04-07,NFLX,643.633,14812405,Technology
2022-04-07,NVDA,252.3324,7696819,Technology
2022-04-07,ORCL,89.1236,15499957,Technology
2022-04-07,TSLA,201.5094,19491773,Technology
2022-04-08,AAPL,164.9722,4311046,Technology
2022-04-08,AMZN,131.2793,8731269,Technology
2022-04-08,AVGO,533.3309,15082173,Technology
2022-04-08,GOOGL,104.0081,17217546,Technology
2022-04-08,META,258.1897,5398818,Technology
2022-04-08,MSFT,260.2364,13035226,Technology
2022-04-08,NFLX,642.8058,17651087,Technology
2022-04-08,NVDA,262.1194,9628063,Technology
2022-04-08,ORCL,89.2672,15675771,Technology
2022-04-08,TSLA,203.5228,3084804,Technology
2022-04-11,AAPL,162.1801,6771019,Technology
2022-04-11,AMZN,132.8852,4475229,Technology
2022-04-11,AVGO,527.4888,6944532,Technology
2022-04-11,GOOGL,105.765,5260445,Technology
2022-04-11,META,250.0841,6551682,Technology
2022-04-11,MSFT,265.7679,15307748,Technology
2022-04-11,NFLX,657.4792,17328258,Technology
2022-04-11,NVDA,256.2479,17829803,Technology
2022-04-11,ORCL,88.862,11922934,Technology
2022-04-11,TSLA,207.1227,16733205,Technology
2022-04-12,AAPL,162.713,17703794,Technology
2022-04-12,AMZN,130.8339,5478676,Technology
2022-04-12,AVGO,521.0801,19493349,Technology
2022-04-12,GOOGL,103.0694,3756855,Technology
2022-04-12,META,254.3084,7439952,Technology
2022-04-12,MSFT,274.9025,7386218,Technology
2022-04-12,NFLX,651.1545,8525578,Technology
2022-04-12,NVDA,243.2335,18865501,Technology
2022-04-12,ORCL,88.9933,4351697,Technology
2022-04-12,TSLA,207.4826,5382513,Technology
2022-04-13,AAPL,161.4106,11707329,Technology
2022-04-13,AMZN,134.5916,2270256,Technology
2022-04-13,AVGO,518.9818,16860285,Technology
2022-04-13,GOOGL,103.9355,16550189,Technology
2022-04-13,META,261.3093,8890194,Technology
2022-04-13,MSFT,271.5753,11582116,Technology
2022-04-13,NFLX,659.1336,8008132,Technology
2022-04-13,NVDA,237.8962,16784576,Technology
2022-04-13,ORCL,90.4912,15223542,Technology
2022-04-13,TSLA,210.3552,12629415,Technology
2022-04-14,AAPL,162.2234,15138759,Technology
2022-04-14,AMZN,135.4281,6857456,Technology
2022-04-14,AVGO,513.454,17028522,Technology
2022-04-14,GOOGL,104.8404,15732527,Technology
2022-04-14,META,259.907,7543619,Technology
2022-04-14,MSFT,277.3863,14757316,Technology
2022-04-14,NFLX,664.7605,17991350,Technology
2022-04-14,NVDA,244.3813,2379335,Technology
2022-04-14,ORCL,90.3023,2345818,Technology
2022-04-14,TSLA,212.6151,11497603,Technology
2022-04-15,AAPL,162.9057,19912688,Technology
2022-04-15,AMZN,132.2425,19788381,Technology
2022-04-15,AVGO,512.599,10251552,Technology
2022-04-15,GOOGL,105.8459,8041384,Technology
2022-04-15,META,251.3917,15097737,Technology
2022-04-15,MSFT,275.4837,8630440,Technology
2022-04-15,NFLX,668.5556,16406688,Technology
2022-04-15,NVDA,251.754,17146513,Technology
2022-04-15,ORCL,88.6014,8840304,Technology
2022-04-15,TSLA,218.3398,7612857,Technology
2022-04-18,AAPL,164.8745,13697805,Technology
2022-04-18,AMZN,134.2192,15639978,Technology
2022-04-18,AVGO,502.9015,3377650,Technology
2022-04-18,GOOGL,108.07,3607396,Technology
2022-04-18,META,256.6044,3599721,Technology
2022-04-18,MSFT,281.8887,14128515,Technology
2022-04-18,NFLX,676.5366,6167348,Technology
2022-04-18,NVDA,250.3905,13920021,Technology
2022-04-18,ORCL,90.1896,2647696,Technology
2022-04-18,TSLA,211.238,10172395,Technology
2022-04-19,AAPL,162.3863,4178075,Technology
2022-04-19,AMZN,139.0503,19741297,Technology
2022-04-19,AVGO,499.967,19583179,Technology
2022-04-19,GOOGL,106.4634,7527534,Technology
2022-04-19,META,251.1326,8199070,Technology
2022-04-19,MSFT,286.8425,16341586,Technology
2022-04-19,NFLX,673.0668,11903750,Technology
2022-04-19,NVDA,258.4534,16198448,Technology
2022-04-19,ORCL,89.4197,8041428,Technology
2022-04-19,TSLA,214.8516,18454254,Technology
2022-04-20,AAPL,163.5165,6044552,Technology
2022-04-20,AMZN,141.2898,17608322,Technology
2022-04-20,AVGO,503.4227,13480660,Technology
2022-04-20,GOOGL,108.5815,16185627,Technology
2022-04-20,META,244.9574,4568842,Technology
2022-04-20,MSFT,286.3641,15055835,Technology
2022-04-20,NFLX,696.401,11743513,Technology
2022-04-20,NVDA,255.4968,6314164,Technology
2022-04-20,ORCL,87.9753,16456628,Technology
2022-04-20,TSLA,220.1582,5938126,Technology
2022-04-21,AAPL,162.0033,6142065,Technology
2022-04-21,AMZN,139.2214,10235808,Technology
2022-04-21,AVGO,509.4777,19644796,Technology
2022-04-21,GOOGL,108.0007,7292920,Technology
2022-04-21,META,244.933,9163463,Technology
2022-04-21,MSFT,286.1789,10542623,Technology
2022-04-21,NFLX,711.3344,11880857,Technology
2022-04-21,NVDA,251.1289,19252705,Technology
2022-04-21,ORCL,89.1132,9329510,Technology
2022-04-21,TSLA,210.4302,17621458,Technology
2022-04-22,AAPL,164.663,5963912,Technology
2022-04-22,AMZN,139.4096,6442109,Technology
2022-04-22,AVGO,504.3082,3417767,Technology
2022-04-22,GOOGL,109.1365,17321849,Technology
2022-04-22,META,234.2617,7545806,Technology
2022-04-22,MSFT,285.522,19407272,Technology
2022-04-22,NFLX,693.6663,12392513,Technology
2022-04-22,NVDA,249.7838,8531391,Technology
2022-04-22,ORCL,87.6417,8158316,Technology
2022-04-22,TSLA,221.2958,11242352,Technology
2022-04-25,AAPL,167.6906,6120952,Technology
2022-04-25,AMZN,138.8926,15235972,Technology
2022-04-25,AVGO,516.5858,9605538,Technology
2022-04-25,GOOGL,105.9462,12504343,Technology
2022-04-25,META,242.488,2028414,Technology
2022-04-25,MSFT,286.983,12397419,Technology
2022-04-25,NFLX,690.2517,11942601,Technology
2022-04-25,NVDA,251.0526,17605152,Technology
2022-04-25,ORCL,89.2285,11942887,Technology
2022-04-25,TSLA,222.0316,7001091,Technology
2022-04-26,AAPL,169.2132,18297560,Technology
2022-04-26,AMZN,139.3366,8846735,Technology
2022-04-26,AVGO,510.7652,2402902,Technology
2022-04-26,GOOGL,106.5702,18997417,Technology
2022-04-26,META,241.8579,3257146,Technology
2022-04-26,MSFT,280.8089,14985202,Technology
2022-04-26,NFLX,680.952,7355829,Technology
2022-04-26,NVDA,248.6482,17437648,Technology
2022-04-26,ORCL,88.6473,10798947,Technology
2022-04-26,TSLA,218.5799,4955533,Technology
2022-04-27,AAPL,169.8836,6284083,Technology
2022-04-27,AMZN,138.1384,15364421,Technology
2022-04-27,AVGO,516.9883,13752117,Technology
2022-04-27,GOOGL,109.6319,11008592,Technology
2022-04-27,META,240.0628,13781381,Technology
2022-04-27,MSFT,279.0175,13322454,Technology
2022-04-27,NFLX,697.5666,2733273,Technology
2022-04-27,NVDA,239.6758,9073560,Technology
2022-04-27,ORCL,88.419,18537970,Technology
2022-04-27,TSLA,214.7679,13670893,Technology
2022-04-28,AAPL,169.2732,14041600,Technology
2022-04-28,AMZN,141.174,12688504,Technology
2022-04-28,AVGO,515.265,17892656,Technology
2022-04-28,GOOGL,111.1635,17614959,Technology
2022-04-28,META,234.8712,15194760,Technology
2022-04-28,MSFT,278.0458,13155244,Technology
2022-04-28,NFLX,685.1621,18539089,Technology
2022-04-28,NVDA,247.3251,19603871,Technology
2022-04-28,ORCL,90.7706,3526315,Technology
2022-04-28,TSLA,224.9832,4651215,Technology
2022-04-29,AAPL,169.6476,18839256,Technology
2022-04-29,AMZN,136.3902,16164557,Technology
2022-04-29,AVGO,520.0583,4095657,Technology
2022-04-29,GOOGL,110.1692,2973115,Technology
2022-04-29,META,236.9979,14672849,Technology
2022-04-29,MSFT,279.2927,14253084,Technology
2022-04-29,NFLX,669.7344,6842867,Technology
2022-04-29,NVDA,247.4407,16808739,Technology
2022-04-29,ORCL,90.3094,11158243,Technology
2022-04-29,TSLA,231.6752,6330124,Technology
2022-05-02,AAPL,170.9745,12278775,Technology
2022-05-02,AMZN,135.6972,11371683,Technology
2022-05-02,AVGO,512.7106,5449585,Technology
2022-05-02,GOOGL,111.1493,17376315,Technology
2022-05-02,META,240.889,5564369,Technology
2022-05-02,MSFT,277.7068,2568269,Technology
2022-05-02,NFLX,678.6259,2936962,Technology
2022-05-02,NVDA,250.0049,6238288,Technology
2022-05-02,ORCL,89.5067,4043454,Technology
2022-05-02,TSLA,225.0249,18093764,Technology
2022-05-03,AAPL,166.9357,16534945,Technology
2022-05-03,AMZN,131.6284,2763486,Technology
2022-05-03,AVGO,512.4608,11252712,Technology
2022-05-03,GOOGL,111.9129,9365453,Technology
2022-05-03,META,245.5693,10111894,Technology
2022-05-03,MSFT,279.4963,2340872,Technology
2022-05-03,NFLX,706.0953,12589476,Technology
2022-05-03,NVDA,253.0531,18486034,Technology
2022-05-03,ORCL,90.2495,3926892,Technology
2022-05-03,TSLA,225.6146,13913939,Technology
2022-05-04,AAPL,167.7273,5427378,Technology
2022-05-04,AMZN,132.9359,19925054,Technology
2022-05-04,AVGO,519.6444,17376385,Technology
2022-05-04,GOOGL,112.8049,12249264,Technology
2022-05-04,META,255.9723,16658668,Technology
2022-05-04,MSFT,279.0755,7646464,Technology
2022-05-04,NFLX,719.4993,3922916,Technology
2022-05-04,NVDA,264.5979,13364348,Technology
2022-05-04,ORCL,88.4467,3339463,Technology
2022-05-04,TSLA,226.9358,10147536,Technology
2022-05-05,AAPL,169.865,9624415,Technology
2022-05-05,AMZN,130.7369,15233061,Technology
2022-05-05,AVGO,520.4627,8736254,Technology
2022-05-05,GOOGL,114.403,7694902,Technology
2022-05-05,META,256.7036,5289129,Technology
2022-05-05,MSFT,282.4404,9386793,Technology
2022-05-05,NFLX,705.5065,8500307,Technology
2022-05-05,NVDA,272.027,9313198,Technology
2022-05-05,ORCL,88.0348,16426227,Technology
2022-05-05,TSLA,225.7356,3513201,Technology
2022-05-06,AAPL,171.4033,10406444,Technology
2022-05-06,AMZN,130.5277,12038617,Technology
2022-05-06,AVGO,535.6016,10512531,Technology
2022-05-06,GOOGL,113.3922,14882032,Technology
2022-05-06,META,258.3313,15664964,Technology
2022-05-06,MSFT,287.1606,15949501,Technology
2022-05-06,NFLX,707.9902,11755359,Technology
2022-05-06,NVDA,265.2298,2609870,Technology
2022-05-06,ORCL,88.4888,16019780,Technology
2022-05-06,TSLA,238.6507,9766525,Technology
2022-05-09,AAPL,171.027,19714973,Technology
2022-05-09,AMZN,127.4641,2887318,Technology
2022-05-09,AVGO,536.4607,15443656,Technology
2022-05-09,GOOGL,113.7876,13358589,Technology
2022-05-09,META,257.7742,9358263,Technology
2022-05-09,MSFT,293.9596,15245070,Technology
2022-05-09,NFLX,706.8882,12101428,Technology
2022-05-09,NVDA,272.6991,18928917,Technology
2022-05-09,ORCL,88.6033,2242050,Technology
2022-05-09,TSLA,242.8422,11142682,Technology
2022-05-10,AAPL,167.5701,3771521,Technology
2022-05-10,AMZN,127.2057,7241228,Technology
2022-05-10,AVGO,527.5233,16009561,Technology
2022-05-10,GOOGL,111.8862,5182836,Technology
2022-05-10,META,268.3831,13283072,Technology
2022-05-10,MSFT,290.3901,3121063,Technology
2022-05-10,NFLX,724.2549,16293928,Technology
2022-05-10,NVDA,264.6072,10479643,Technology
2022-05-10,ORCL,88.5092,16525752,Technology
2022-05-10,TSLA,248.7327,2956827,Technology
2022-05-11,AAPL,165.9139,17510105,Technology
2022-05-11,AMZN,125.779,16897178,Technology
2022-05-11,AVGO,525.646,12883206,Technology
2022-05-11,GOOGL,111.8171,6923501,Technology
2022-05-11,META,261.1626,4990270,Technology
2022-05-11,MSFT,292.1994,7850891,Technology
2022-05-11,NFLX,731.578,13672743,Technology
2022-05-11,NVDA,255.2806,14912948,Technology
2022-05-11,ORCL,89.5359,4812388,Technology
2022-05-11,TSLA,248.4082,13675191,Technology
2022-05-12,AAPL,167.2198,6475814,Technology
2022-05-12,AMZN,126.9186,10304248,Technology
2022-05-12,AVGO,538.2526,18375435,Technology
2022-05-12,GOOGL,111.7343,15701479,Technology
2022-05-12,META,254.1878,7276260,Technology
2022-05-12,MSFT,294.3208,13920082,Technology
2022-05-12,NFLX,735.9575,12242274,Technology
2022-05-12,NVDA,261.0872,17781702,Technology
2022-05-12,ORCL,88.4691,13270274,Technology
2022-05-12,TSLA,251.2721,15176028,Technology
2022-05-13,AAPL,168.249,9593869,Technology
2022-05-13,AMZN,124.3417,2981840,Technology
2022-05-13,AVGO,535.4989,9329290,Technology
2022-05-13,GOOGL,113.1683,10812387,Technology
2022-05-13,META,251.4555,8158734,Technology
2022-05-13,MSFT,291.1901,5117283,Technology
2022-05-13,NFLX,748.9153,2303218,Technology
2022-05-13,NVDA,265.8725,14572679,Technology
2022-05-13,ORCL,89.3017,17721225,Technology
2022-05-13,TSLA,246.7136,9248457,Technology
2022-05-16,AAPL,170.7326,7013812,Technology
2022-05-16,AMZN,125.7552,11305453,Technology
2022-05-16,AVGO,529.5867,2336941,Technology
2022-05-16,GOOGL,115.7253,15744245,Technology
2022-05-16,META,254.1909,12541635,Technology
2022-05-16,MSFT,290.8121,18418234,Technology
2022-05-16,NFLX,735.2238,5931521,Technology
2022-05-16,NVDA,256.2205,11114021,Technology
2022-05-16,ORCL,88.4583,16150369,Technology
2022-05-16,TSLA,249.1934,12692884,Technology
2022-05-17,AAPL,170.833,9976353,Technology
2022-05-17,AMZN,128.3266,10130565,Technology
2022-05-17,AVGO,525.9892,6806959,Technology
2022-05-17,GOOGL,117.8051,13402775,Technology
2022-05-17,META,247.1047,3814564,Technology
2022-05-17,MSFT,289.0194,15895816,Technology
2022-05-17,NFLX,733.5698,19231248,Technology
2022-05-17,NVDA,251.8553,16641704,Technology
2022-05-17,ORCL,88.9021,14674657,Technology
2022-05-17,TSLA,242.1255,9804176,Technology
2022-05-18,AAPL,176.3465,17504283,Technology
2022-05-18,AMZN,131.5782,15007642,Technology
2022-05-18,AVGO,528.5008,12783430,Technology
2022-05-18,GOOGL,119.1282,9261082,Technology
2022-05-18,META,248.1379,3099016,Technology
2022-05-18,MSFT,292.1032,14976642,Technology
2022-05-18,NFLX,726.2421,17548855,Technology
2022-05-18,NVDA,258.0906,15280139,Technology
2022-05-18,ORCL,89.2556,5591383,Technology
2022-05-18,TSLA,240.894,14260889,Technology
2022-05-19,AAPL,175.6875,19987084,Technology
2022-05-19,AMZN,134.5744,18881164,Technology
2022-05-19,AVGO,536.0544,5983826,Technology
2022-05-19,GOOGL,120.8853,2679055,Technology
2022-05-19,META,248.2064,12484018,Technology
2022-05-19,MSFT,288.6221,12981378,Technology
2022-05-19,NFLX,687.2281,2095156,Technology
2022-05-19,NVDA,257.0171,2937778,Technology
2022-05-19,ORCL,89.2626,3650669,Technology
2022-05-19,TSLA,231.7398,5952435,Technology
2022-05-20,AAPL,175.5376,17048496,Technology
2022-05-20,AMZN,137.2216,14530054,Technology
2022-05-20,AVGO,535.1632,2325312,Technology
2022-05-20,GOOGL,120.5423,5589456,Technology
2022-05-20,META,247.7005,19777139,Technology
2022-05-20,MSFT,284.246,5460755,Technology
2022-05-20,NFLX,685.3661,11413552,Technology
2022-05-20,NVDA,257.6082,13548665,Technology
2022-05-20,ORCL,88.8399,19125054,Technology
2022-05-20,TSLA,220.1648,2956479,Technology
2022-05-23,AAPL,181.1414,17276523,Technology
2022-05-23,AMZN,138.8668,10115945,Technology
2022-05-23,AVGO,534.0002,7180963,Technology
2022-05-23,GOOGL,120.3718,7799836,Technology
2022-05-23,META,252.4566,2130715,Technology
2022-05-23,MSFT,284.4914,6047606,Technology
2022-05-23,NFLX,682.5731,15972721,Technology
2022-05-23,NVDA,250.9567,4449660,Technology
2022-05-23,ORCL,90.7451,6195363,Technology
2022-05-23,TSLA,224.4528,3185252,Technology
2022-05-24,AAPL,180.1197,4993599,Technology
2022-05-24,AMZN,140.755,5219814,Technology
2022-05-24,AVGO,537.0065,14816604,Technology
2022-05-24,GOOGL,120.6314,16998115,Technology
2022-05-24,META,255.8527,12853727,Technology
2022-05-24,MSFT,289.359,19512391,Technology
2022-05-24,NFLX,704.6105,5375899,Technology
2022-05-24,NVDA,244.0293,9211913,Technology
2022-05-24,ORCL,90.8098,2899975,Technology
2022-05-24,TSLA,225.5018,3818575,Technology
2022-05-25,AAPL,178.4771,9218725,Technology
2022-05-25,AMZN,137.6247,5634776,Technology
2022-05-25,AVGO,542.5683,13425907,Technology
2022-05-25,GOOGL,121.6656,13280364,Technology
2022-05-25,META,264.118,18778310,Technology
2022-05-25,MSFT,288.588,5731000,Technology
2022-05-25,NFLX,700.7925,5798135,Technology
2022-05-25,NVDA,240.9994,3480176,Technology
2022-05-25,ORCL,91.669,11528002,Technology
2022-05-25,TSLA,226.7252,14884819,Technology
2022-05-26,AAPL,178.7314,3055437,Technology
2022-05-26,AMZN,135.6938,10184297,Technology
2022-05-26,AVGO,532.5789,7917536,Technology
2022-05-26,GOOGL,124.2619,6478816,Technology
2022-05-26,META,263.4854,10518172,Technology
2022-05-26,MSFT,291.6933,14689788,Technology
2022-05-26,NFLX,699.9136,14003881,Technology
2022-05-26,NVDA,237.8724,4840803,Technology
2022-05-26,ORCL,92.15,10568793,Technology
2022-05-26,TSLA,234.5945,9054345,Technology
2022-05-27,AAPL,173.5624,6773655,Technology
2022-05-27,AMZN,135.7462,18328924,Technology
2022-05-27,AVGO,517.7577,2226210,Technology
2022-05-27,GOOGL,123.7104,4320754,Technology
2022-05-27,META,260.7935,8674132,Technology
2022-05-27,MSFT,290.4031,18806606,Technology
2022-05-27,NFLX,705.7913,8196821,Technology
2022-05-27,NVDA,224.2991,16951184,Technology
2022-05-27,ORCL,93.2369,12898240,Technology
2022-05-27,TSLA,242.3396,17831498,Technology
2022-05-30,AAPL,178.5236,16113270,Technology
2022-05-30,AMZN,139.3408,16336752,Technology
2022-05-30,AVGO,530.253,8130727,Technology
2022-05-30,GOOGL,122.1549,8903908,Technology
2022-05-30,META,265.3426,18022739,Technology
2022-05-30,MSFT,293.7393,16317296,Technology
2022-05-30,NFLX,720.7718,9281370,Technology
2022-05-30,NVDA,223.1392,15736928,Technology
2022-05-30,ORCL,96.4004,5349167,Technology
2022-05-30,TSLA,248.2723,6828805,Technology
2022-05-31,AAPL,176.1047,19231717,Technology
2022-05-31,AMZN,139.1563,4054968,Technology
2022-05-31,AVGO,525.2565,10315055,Technology
2022-05-31,GOOGL,121.2574,16829188,Technology
2022-05-31,META,274.698,18937838,Technology
2022-05-31,MSFT,293.6003,14179200,Technology
2022-05-31,NFLX,697.1978,7177929,Technology
2022-05-31,NVDA,227.592,16267561,Technology
2022-05-31,ORCL,96.0081,17570148,Technology
2022-05-31,TSLA,251.3399,8257396,Technology
2022-06-01,AAPL,176.9228,19917608,Technology
2022-06-01,AMZN,138.021,10089171,Technology
2022-06-01,AVGO,532.9843,15366280,Technology
2022-06-01,GOOGL,120.7184,7367640,Technology
2022-06-01,META,274.7331,13971409,Technology
2022-06-01,MSFT,295.6719,8834495,Technology
2022-06-01,NFLX,682.7213,6482552,Technology
2022-06-01,NVDA,221.5262,7749184,Technology
2022-06-01,ORCL,97.7082,3102794,Technology
2022-06-01,TSLA,262.0202,7183865,Technology
2022-06-02,AAPL,173.3163,4786342,Technology
2022-06-02,AMZN,136.2139,8913572,Technology
2022-06-02,AVGO,536.4535,14113747,Technology
2022-06-02,GOOGL,120.0194,12734658,Technology
2022-06-02,META,273.5074,8408526,Technology
2022-06-02,MSFT,302.8643,19182959,Technology
2022-06-02,NFLX,687.0533,9564035,Technology
2022-06-02,NVDA,213.8321,6692237,Technology
2022-06-02,ORCL,97.7802,5165316,Technology
2022-06-02,TSLA,253.3329,3696366,Technology
2022-06-03,AAPL,172.0856,7340740,Technology
2022-06-03,AMZN,138.4082,16239198,Technology
2022-06-03,AVGO,549.5682,6602466,Technology
2022-06-03,GOOGL,122.8708,8081032,Technology
2022-06-03,META,274.81,7944594,Technology
2022-06-03,MSFT,302.1115,16483085,Technology
2022-06-03,NFLX,682.4514,13670077,Technology
2022-06-03,NVDA,215.0423,14374403,Technology
2022-06-03,ORCL,97.9209,5558968,Technology
2022-06-03,TSLA,247.5464,11058322,Technology
2022-06-06,AAPL,175.289,11759513,Technology
2022-06-06,AMZN,132.7244,8816215,Technology
2022-06-06,AVGO,566.6605,19419024,Technology
2022-06-06,GOOGL,127.5302,8169191,Technology
2022-06-06,META,279.5426,14569548,Technology
2022-06-06,MSFT,301.4493,14854543,Technology
2022-06-06,NFLX,648.9621,9299809,Technology
2022-06-06,NVDA,219.1487,5575946,Technology
2022-06-06,ORCL,98.8486,19509026,Technology
2022-06-06,TSLA,245.4638,7495835,Technology
2022-06-07,AAPL,174.7547,15463560,Technology
2022-06-07,AMZN,132.3733,8850926,Technology
2022-06-07,AVGO,570.4859,13364913,Technology
2022-06-07,GOOGL,123.5072,18224907,Technology
2022-06-07,META,283.0674,15053963,Technology
2022-06-07,MSFT,304.7239,8234543,Technology
2022-06-07,NFLX,649.822,5440968,Technology
2022-06-07,NVDA,211.6666,9460935,Technology
2022-06-07,ORCL,100.0333,14599406,Technology
2022-06-07,TSLA,238.8885,18320019,Technology
2022-06-08,AAPL,177.8851,11051306,Technology
2022-06-08,AMZN,132.9946,12178848,Technology
2022-06-08,AVGO,562.9573,5735921,Technology
2022-06-08,GOOGL,122.7916,19065518,Technology
2022-06-08,META,285.3801,12834365,Technology
2022-06-08,MSFT,302.0243,10623426,Technology
2022-06-08,NFLX,650.0989,5318442,Technology
2022-06-08,NVDA,215.7876,19005628,Technology
2022-06-08,ORCL,99.9142,5366864,Technology
2022-06-08,TSLA,239.3314,3250183,Technology
2022-06-09,AAPL,179.1426,17348958,Technology
2022-06-09,AMZN,128.0929,13871546,Technology
2022-06-09,AVGO,560.0947,19727634,Technology
2022-06-09,GOOGL,123.7553,18527697,Technology
2022-06-09,META,283.5325,17642095,Technology
2022-06-09,MSFT,303.246,5637224,Technology
2022-06-09,NFLX,656.6173,13534770,Technology
2022-06-09,NVDA,224.7922,17918145,Technology
2022-06-09,ORCL,99.4789,7785298,Technology
2022-06-09,TSLA,244.5957,5372199,Technology
2022-06-10,AAPL,182.7477,3442006,Technology
2022-06-10,AMZN,130.722,5219601,Technology
2022-06-10,AVGO,555.2781,7676085,Technology
2022-06-10,GOOGL,122.7005,15089038,Technology
2022-06-10,META,282.066,16670931,Technology
2022-06-10,MSFT,294.4989,14531083,Technology
2022-06-10,NFLX,669.8604,4384074,Technology
2022-06-10,NVDA,226.8922,18616022,Technology
2022-06-10,ORCL,100.2087,13435344,Technology
2022-06-10,TSLA,247.4036,2229226,Technology
2022-06-13,AAPL,188.2889,5344849,Technology
2022-06-13,AMZN,134.3994,14816854,Technology
2022-06-13,AVGO,560.9338,14141024,Technology
2022-06-13,GOOGL,123.4995,4361703,Technology
2022-06-13,META,290.3024,8631738,Technology
2022-06-13,MSFT,292.5094,4470913,Technology
2022-06-13,NFLX,682.5683,2723711,Technology
2022-06-13,NVDA,239.0604,13647920,Technology
2022-06-13,ORCL,100.1927,12661547,Technology
2022-06-13,TSLA,245.4648,10542812,Technology
2022-06-14,AAPL,185.1233,6233670,Technology
2022-06-14,AMZN,132.7324,15835347,Technology
2022-06-14,AVGO,573.5379,5001217,Technology
2022-06-14,GOOGL,123.2958,5041725,Technology
2022-06-14,META,284.4208,10553589,Technology
2022-06-14,MSFT,288.8774,6364244,Technology
2022-06-14,NFLX,703.2843,15162544,Technology
2022-06-14,NVDA,231.2323,19534296,Technology
2022-06-14,ORCL,99.0647,7137254,Technology
2022-06-14,TSLA,243.6052,6748979,Technology
2022-06-15,AAPL,183.0396,4157959,Technology
2022-06-15,AMZN,133.7256,10032648,Technology
2022-06-15,AVGO,576.1694,8329274,Technology
2022-06-15,GOOGL,120.8826,8598646,Technology
2022-06-15,META,279.1266,9436278,Technology
2022-06-15,MSFT,285.7039,14057011,Technology
2022-06-15,NFLX,703.4624,14313227,Technology
2022-06-15,NVDA,223.5003,5568791,Technology
2022-06-15,ORCL,98.2427,9677419,Technology
2022-06-15,TSLA,246.9669,3385587,Technology
2022-06-16,AAPL,184.6271,12701344,Technology
2022-06-16,AMZN,132.9825,4368278,Technology
2022-06-16,AVGO,548.6931,2421350,Technology
2022-06-16,GOOGL,120.6322,17777794,Technology
2022-06-16,META,285.0962,19235848,Technology
2022-06-16,MSFT,280.6528,2944839,Technology
2022-06-16,NFLX,709.8438,19269196,Technology
2022-06-16,NVDA,222.7778,9218628,Technology
2022-06-16,ORCL,99.1295,11549915,Technology
2022-06-16,TSLA,241.8376,12692092,Technology
2022-06-17,AAPL,183.4925,13148867,Technology
2022-06-17,AMZN,132.229,5651330,Technology
2022-06-17,AVGO,561.0601,19520427,Technology
2022-06-17,GOOGL,120.2694,6604205,Technology
2022-06-17,META,299.8289,16627142,Technology
2022-06-17,MSFT,279.7852,9439424,Technology
2022-06-17,NFLX,716.9169,12342345,Technology
2022-06-17,NVDA,220.1148,9720260,Technology
2022-06-17,ORCL,97.4179,13787159,Technology
2022-06-17,TSLA,231.2213,19451747,Technology
2022-06-20,AAPL,180.6213,11410088,Technology
2022-06-20,AMZN,131.049,10255567,Technology
2022-06-20,AVGO,551.5325,6224934,Technology
2022-06-20,GOOGL,119.7557,19904244,Technology
2022-06-20,META,305.2585,2823577,Technology
2022-06-20,MSFT,279.5841,15873789,Technology
2022-06-20,NFLX,705.4851,16939472,Technology
2022-06-20,NVDA,220.1575,8622562,Technology
2022-06-20,ORCL,98.3098,15577347,Technology
2022-06-20,TSLA,225.4919,6455187,Technology
2022-06-21,AAPL,182.3476,18824712,Technology
2022-06-21,AMZN,129.9165,17397399,Technology
2022-06-21,AVGO,548.2209,18581173,Technology
2022-06-21,GOOGL,119.6748,13915458,Technology
2022-06-21,META,305.9065,16536040,Technology
2022-06-21,MSFT,278.0857,2093266,Technology
2022-06-21,NFLX,689.4424,2247678,Technology
2022-06-21,NVDA,222.4214,19050383,Technology
2022-06-21,ORCL,98.1508,3163760,Technology
2022-06-21,TSLA,222.3029,3968947,Technology
2022-06-22,AAPL,183.5964,6296347,Technology
2022-06-22,AMZN,129.7401,17888652,Technology
2022-06-22,AVGO,556.5817,17294027,Technology
2022-06-22,GOOGL,119.5125,14415495,Technology
2022-06-22,META,303.1041,12921734,Technology
2022-06-22,MSFT,270.3205,9324334,Technology
2022-06-22,NFLX,696.4585,4598906,Technology
2022-06-22,NVDA,228.3676,9832857,Technology
2022-06-22,ORCL,99.1693,15192455,Technology
2022-06-22,TSLA,225.3883,19827435,Technology
2022-06-23,AAPL,187.6095,9124145,Technology
2022-06-23,AMZN,129.728,6281810,Technology
2022-06-23,AVGO,565.7943,3745636,Technology
2022-06-23,GOOGL,119.2601,9501960,Technology
2022-06-23,META,308.7329,9202973,Technology
2022-06-23,MSFT,267.9402,18830577,Technology
2022-06-23,NFLX,702.1822,15037655,Technology
2022-06-23,NVDA,233.9292,18559802,Technology
2022-06-23,ORCL,99.6093,13157216,Technology
2022-06-23,TSLA,218.8361,17036462,Technology
2022-06-24,AAPL,186.6647,7691189,Technology
2022-06-24,AMZN,127.6543,9382724,Technology
2022-06-24,AVGO,571.6236,12273410,Technology
2022-06-24,GOOGL,117.6576,10539134,Technology
2022-06-24,META,306.9733,9702493,Technology
2022-06-24,MSFT,270.9397,5590207,Technology
2022-06-24,NFLX,708.2538,7852009,Technology
2022-06-24,NVDA,226.7385,4133222,Technology
2022-06-24,ORCL,99.8306,15759808,Technology
2022-06-24,TSLA,215.6329,4638493,Technology
2022-06-27,AAPL,184.822,15533560,Technology
2022-06-27,AMZN,126.3989,3429288,Technology
2022-06-27,AVGO,599.7879,5215203,Technology
2022-06-27,GOOGL,119.2172,4756287,Technology
2022-06-27,META,305.4884,18766702,Technology
2022-06-27,MSFT,268.2988,19350452,Technology
2022-06-27,NFLX,683.6245,9400283,Technology
2022-06-27,NVDA,229.0606,14844146,Technology
2022-06-27,ORCL,99.4051,14889974,Technology
2022-06-27,TSLA,215.1818,3690381,Technology
2022-06-28,AAPL,187.4962,19972179,Technology
2022-06-28,AMZN,125.1476,11852148,Technology
2022-06-28,AVGO,609.0507,15220292,Technology
2022-06-28,GOOGL,118.4073,7420096,Technology
2022-06-28,META,321.0635,17427800,Technology
2022-06-28,MSFT,266.2598,18342865,Technology
2022-06-28,NFLX,674.0297,9981411,Technology
2022-06-28,NVDA,232.9035,16078194,Technology
2022-06-28,ORCL,101.3893,3588170,Technology
2022-06-28,TSLA,212.2922,10147094,Technology
2022-06-29,AAPL,188.8787,19929736,Technology
2022-06-29,AMZN,124.2599,13155788,Technology
2022-06-29,AVGO,623.5393,9220097,Technology
2022-06-29,GOOGL,116.0902,13909962,Technology
2022-06-29,META,313.5841,18293649,Technology
2022-06-29,MSFT,270.8902,3610292,Technology
2022-06-29,NFLX,658.9931,5627880,Technology
2022-06-29,NVDA,242.5831,7183315,Technology
2022-06-29,ORCL,101.5609,12586495,Technology
2022-06-29,TSLA,220.5151,15226670,Technology
2022-06-30,AAPL,190.623,6773607,Technology
2022-06-30,AMZN,120.6191,2880538,Technology
2022-06-30,AVGO,609.8516,9527239,Technology
2022-06-30,GOOGL,115.4089,12901418,Technology
2022-06-30,META,313.1723,5511385,Technology
2022-06-30,MSFT,267.1311,15016118,Technology
2022-06-30,NFLX,654.051,8357207,Technology
2022-06-30,NVDA,239.9602,17414079,Technology
2022-06-30,ORCL,102.5798,14259454,Technology
2022-06-30,TSLA,224.825,10756879,Technology
2022-07-01,AAPL,191.5487,18798668,Technology
2022-07-01,AMZN,119.3125,4668611,Technology
2022-07-01,AVGO,618.9757,12786473,Technology
2022-07-01,GOOGL,114.2784,4468943,Technology
2022-07-01,META,308.3111,4576906,Technology
2022-07-01,MSFT,265.3341,18860048,Technology
2022-07-01,NFLX,648.4307,17659119,Technology
2022-07-01,NVDA,240.2543,12801490,Technology
2022-07-01,ORCL,102.0152,14207519,Technology
2022-07-01,TSLA,224.6146,8557207,Technology
2022-07-04,AAPL,195.6943,8651487,Technology
2022-07-04,AMZN,119.0434,17368927,Technology
2022-07-04,AVGO,615.2802,3901497,Technology
2022-07-04,GOOGL,114.7101,14937792,Technology
2022-07-04,META,300.8181,17422446,Technology
2022-07-04,MSFT,267.2965,17880409,Technology
2022-07-04,NFLX,659.6246,10818439,Technology
2022-07-04,NVDA,244.7557,14189395,Technology
2022-07-04,ORCL,102.9101,17115053,Technology
2022-07-04,TSLA,229.8997,14782828,Technology
2022-07-05,AAPL,191.9678,4839442,Technology
2022-07-05,AMZN,118.6365,14005937,Technology
2022-07-05,AVGO,624.0342,17925641,Technology
2022-07-05,GOOGL,114.0419,4119222,Technology
2022-07-05,META,299.9577,11083459,Technology
2022-07-05,MSFT,266.3122,5164196,Technology
2022-07-05,NFLX,646.4088,19084574,Technology
2022-07-05,NVDA,244.8193,9529957,Technology
2022-07-05,ORCL,103.3182,10114165,Technology
2022-07-05,TSLA,230.4248,18044703,Technology
2022-07-06,AAPL,194.1782,13010199,Technology
2022-07-06,AMZN,119.5759,18566924,Technology
2022-07-06,AVGO,640.7017,7719951,Technology
2022-07-06,GOOGL,114.6934,5575639,Technology
2022-07-06,META,307.0969,7424269,Technology
2022-07-06,MSFT,276.8255,9145902,Technology
2022-07-06,NFLX,638.6039,9799281,Technology
2022-07-06,NVDA,242.4759,7223473,Technology
2022-07-06,ORCL,103.2693,10994508,Technology
2022-07-06,TSLA,232.2377,18239002,Technology
2022-07-07,AAPL,190.6192,19770195,Technology
2022-07-07,AMZN,118.1673,2882564,Technology
2022-07-07,AVGO,636.6972,11641286,Technology
2022-07-07,GOOGL,115.269,5595488,Technology
2022-07-07,META,314.6708,14115118,Technology
2022-07-07,MSFT,270.9998,10916910,Technology
2022-07-07,NFLX,642.3426,4854891,Technology
2022-07-07,NVDA,244.2988,6712390,Technology
2022-07-07,ORCL,101.8735,15741424,Technology
2022-07-07,TSLA,220.9931,12723383,Technology
2022-07-08,AAPL,190.5343,16707874,Technology
2022-07-08,AMZN,117.1233,14097628,Technology
2022-07-08,AVGO,621.2712,10906997,Technology
2022-07-08,GOOGL,115.1378,5630117,Technology
2022-07-08,META,303.1291,5024951,Technology
2022-07-08,MSFT,279.4442,18668714,Technology
2022-07-08,NFLX,647.0198,15469837,Technology
2022-07-08,NVDA,235.8327,8653479,Technology
2022-07-08,ORCL,100.1163,5425130,Technology
2022-07-08,TSLA,227.443,15107879,Technology
2022-07-11,AAPL,190.3638,7388817,Technology
2022-07-11,AMZN,117.792,12999615,Technology
2022-07-11,AVGO,633.8856,10350450,Technology
2022-07-11,GOOGL,117.2729,14661861,Technology
2022-07-11,META,299.6648,10033160,Technology
2022-07-11,MSFT,275.9787,17781377,Technology
2022-07-11,NFLX,625.7759,11437075,Technology
2022-07-11,NVDA,228.3958,14316807,Technology
2022-07-11,ORCL,104.2818,12570124,Technology
2022-07-11,TSLA,233.1411,2373091,Technology
2022-07-12,AAPL,187.2058,4417240,Technology
2022-07-12,AMZN,116.8719,16171536,Technology
2022-07-12,AVGO,639.272,18630390,Technology
2022-07-12,GOOGL,117.1737,10934384,Technology
2022-07-12,META,306.0121,6336229,Technology
2022-07-12,MSFT,280.7569,3931412,Technology
2022-07-12,NFLX,627.7096,7169778,Technology
2022-07-12,NVDA,227.8796,4397688,Technology
2022-07-12,ORCL,105.4284,10369006,Technology
2022-07-12,TSLA,244.588,13868604,Technology
2022-07-13,AAPL,182.0066,4077716,Technology
2022-07-13,AMZN,114.4258,5193546,Technology
2022-07-13,AVGO,629.6391,5197279,Technology
2022-07-13,GOOGL,117.693,5738491,Technology
2022-07-13,META,311.7842,5809534,Technology
2022-07-13,MSFT,281.1725,19693889,Technology
2022-07-13,NFLX,633.3236,7102031,Technology
2022-07-13,NVDA,228.2496,7818427,Technology
2022-07-13,ORCL,105.7624,10309523,Technology
2022-07-13,TSLA,243.0496,4549396,Technology
2022-07-14,AAPL,184.6369,6902267,Technology
2022-07-14,AMZN,112.013,18766636,Technology
2022-07-14,AVGO,626.9528,8012987,Technology
2022-07-14,GOOGL,119.1784,2049283,Technology
2022-07-14,META,312.0399,3609772,Technology
2022-07-14,MSFT,278.9455,11779408,Technology
2022-07-14,NFLX,642.3384,10518211,Technology
2022-07-14,NVDA,225.7509,14840047,Technology
2022-07-14,ORCL,107.9618,19500969,Technology
2022-07-14,TSLA,238.5743,15338223,Technology
2022-07-15,AAPL,186.7826,12886936,Technology
2022-07-15,AMZN,112.7515,3676273,Technology
2022-07-15,AVGO,639.2495,10352386,Technology
2022-07-15,GOOGL,118.5667,14089396,Technology
2022-07-15,META,303.4141,9828081,Technology
2022-07-15,MSFT,289.7306,10890423,Technology
2022-07-15,NFLX,660.4761,15727400,Technology
2022-07-15,NVDA,218.843,14752156,Technology
2022-07-15,ORCL,106.823,10345229,Technology
2022-07-15,TSLA,238.7067,19519230,Technology
2022-07-18,AAPL,186.5288,13416283,Technology
2022-07-18,AMZN,112.2364,8820908,Technology
2022-07-18,AVGO,650.0033,8900361,Technology
2022-07-18,GOOGL,121.4239,14042394,Technology
2022-07-18,META,302.7627,18721412,Technology
2022-07-18,MSFT,296.685,10424373,Technology
2022-07-18,NFLX,672.8737,7457522,Technology
2022-07-18,NVDA,218.6951,3715029,Technology
2022-07-18,ORCL,107.9773,4557492,Technology
2022-07-18,TSLA,232.5232,5489158,Technology
2022-07-19,AAPL,184.9056,6751710,Technology
2022-07-19,AMZN,114.0238,3218000,Technology
2022-07-19,AVGO,670.3257,13755876,Technology
2022-07-19,GOOGL,119.5561,4684600,Technology
2022-07-19,META,299.5171,18247673,Technology
2022-07-19,MSFT,293.9993,5470605,Technology
2022-07-19,NFLX,678.5953,6037683,Technology
2022-07-19,NVDA,215.1821,3057541,Technology
2022-07-19,ORCL,107.1568,15509937,Technology
2022-07-19,TSLA,240.0131,19186659,Technology
2022-07-20,AAPL,179.4009,17229866,Technology
2022-07-20,AMZN,111.8694,7270988,Technology
2022-07-20,AVGO,681.5062,13455503,Technology
2022-07-20,GOOGL,121.4104,15024145,Technology
2022-07-20,META,300.0027,6637313,Technology
2022-07-20,MSFT,295.8757,10260460,Technology
2022-07-20,NFLX,686.4054,17110423,Technology
2022-07-20,NVDA,213.6313,18348077,Technology
2022-07-20,ORCL,106.9277,4509776,Technology
2022-07-20,TSLA,230.0671,17788592,Technology
2022-07-21,AAPL,179.8922,3661372,Technology
2022-07-21,AMZN,112.9745,4421824,Technology
2022-07-21,AVGO,680.0074,13139767,Technology
2022-07-21,GOOGL,122.6222,3823228,Technology
2022-07-21,META,296.0768,10573441,Technology
2022-07-21,MSFT,297.5129,6630767,Technology
2022-07-21,NFLX,710.3269,19343147,Technology
2022-07-21,NVDA,216.7853,19941309,Technology
2022-07-21,ORCL,107.0873,7701022,Technology
2022-07-21,TSLA,218.7144,14218427,Technology
2022-07-22,AAPL,178.1934,2063822,Technology
2022-07-22,AMZN,112.4952,11486949,Technology
2022-07-22,AVGO,690.0643,19980377,Technology
2022-07-22,GOOGL,122.6158,19795986,Technology
2022-07-22,META,298.4568,4443615,Technology
2022-07-22,MSFT,300.127,16233817,Technology
2022-07-22,NFLX,708.9524,9886327,Technology
2022-07-22,NVDA,228.5324,12768177,Technology
2022-07-22,ORCL,108.9225,9189528,Technology
2022-07-22,TSLA,223.5945,19249510,Technology
2022-07-25,AAPL,179.2189,15880146,Technology
2022-07-25,AMZN,111.1002,11443631,Technology
2022-07-25,AVGO,702.1197,12792227,Technology
2022-07-25,GOOGL,123.9914,7328399,Technology
2022-07-25,META,296.7864,11621779,Technology
2022-07-25,MSFT,306.1451,12220062,Technology
2022-07-25,NFLX,723.8681,4402761,Technology
2022-07-25,NVDA,223.8244,15468353,Technology
2022-07-25,ORCL,108.8255,2251102,Technology
2022-07-25,TSLA,220.0487,11484323,Technology
2022-07-26,AAPL,178.0438,15342156,Technology
2022-07-26,AMZN,110.2769,3967440,Technology
2022-07-26,AVGO,699.4024,7850365,Technology
2022-07-26,GOOGL,123.2033,5144632,Technology
2022-07-26,META,296.4828,14452121,Technology
2022-07-26,MSFT,306.4113,17410637,Technology
2022-07-26,NFLX,727.9338,8922469,Technology
2022-07-26,NVDA,227.6172,13153841,Technology
2022-07-26,ORCL,109.3415,5110039,Technology
2022-07-26,TSLA,219.3182,17983908,Technology
2022-07-27,AAPL,176.6675,11930247,Technology
2022-07-27,AMZN,107.8892,15135113,Technology
2022-07-27,AVGO,672.8932,6498933,Technology
2022-07-27,GOOGL,123.435,2710001,Technology
2022-07-27,META,294.1333,17694930,Technology
2022-07-27,MSFT,304.0925,18146769,Technology
2022-07-27,NFLX,709.8644,19756876,Technology
2022-07-27,NVDA,228.8798,7445132,Technology
2022-07-27,ORCL,107.4963,12672868,Technology
2022-07-27,TSLA,227.6122,9038472,Technology
2022-07-28,AAPL,176.4548,3354389,Technology
2022-07-28,AMZN,104.2006,10705933,Technology
2022-07-28,AVGO,662.1651,3637395,Technology
2022-07-28,GOOGL,122.6386,7628727,Technology
2022-07-28,META,302.8744,12812229,Technology
2022-07-28,MSFT,306.4572,3561279,Technology
2022-07-28,NFLX,692.9379,4604459,Technology
2022-07-28,NVDA,225.2379,19425040,Technology
2022-07-28,ORCL,107.7501,9043249,Technology
2022-07-28,TSLA,211.8958,7567819,Technology
2022-07-29,AAPL,176.703,17895915,Technology
2022-07-29,AMZN,100.4533,14395777,Technology
2022-07-29,AVGO,657.4128,8665326,Technology
2022-07-29,GOOGL,125.8832,15293723,Technology
2022-07-29,META,298.8715,13591757,Technology
2022-07-29,MSFT,302.366,14046605,Technology
2022-07-29,NFLX,687.6438,6818164,Technology
2022-07-29,NVDA,228.3493,12072086,Technology
2022-07-29,ORCL,108.2999,4698196,Technology
2022-07-29,TSLA,220.3663,2739799,Technology
2022-08-01,AAPL,179.3583,17022710,Technology
2022-08-01,AMZN,105.0696,7169371,Technology
2022-08-01,AVGO,656.7449,13774088,Technology
2022-08-01,GOOGL,128.5589,2826003,Technology
2022-08-01,META,292.4822,15248044,Technology
2022-08-01,MSFT,303.3793,7824830,Technology
2022-08-01,NFLX,681.5216,3779022,Technology
2022-08-01,NVDA,225.1193,11067440,Technology
2022-08-01,ORCL,108.1796,9060174,Technology
2022-08-01,TSLA,215.4204,13022613,Technology
2022-08-02,AAPL,177.6667,12485172,Technology
2022-08-02,AMZN,103.0006,12959202,Technology
2022-08-02,AVGO,635.2721,11937032,Technology
2022-08-02,GOOGL,130.4303,17335977,Technology
2022-08-02,META,298.7234,8869709,Technology
2022-08-02,MSFT,305.5225,6464847,Technology
2022-08-02,NFLX,688.7553,17516043,Technology
2022-08-02,NVDA,223.4363,18745884,Technology
2022-08-02,ORCL,108.4332,7463398,Technology
2022-08-02,TSLA,214.8636,9802273,Technology
2022-08-03,AAPL,178.5403,7548650,Technology
2022-08-03,AMZN,102.1745,19910438,Technology
2022-08-03,AVGO,648.512,4904826,Technology
2022-08-03,GOOGL,129.8563,8435493,Technology
2022-08-03,META,294.2246,17410538,Technology
2022-08-03,MSFT,305.4781,15567619,Technology
2022-08-03,NFLX,678.5411,9266865,Technology
2022-08-03,NVDA,225.4973,7711712,Technology
2022-08-03,ORCL,110.033,6099307,Technology
2022-08-03,TSLA,201.3839,16262129,Technology
2022-08-04,AAPL,179.6852,18181666,Technology
2022-08-04,AMZN,104.1536,8369360,Technology
2022-08-04,AVGO,633.5041,8643157,Technology
2022-08-04,GOOGL,128.8829,9878861,Technology
2022-08-04,META,288.7042,16552054,Technology
2022-08-04,MSFT,308.5346,19172626,Technology
2022-08-04,NFLX,677.8602,3133419,Technology
2022-08-04,NVDA,223.846,11547628,Technology
2022-08-04,ORCL,109.5919,10757625,Technology
2022-08-04,TSLA,205.13,7191353,Technology
2022-08-05,AAPL,181.2113,18180643,Technology
2022-08-05,AMZN,105.7571,11354704,Technology
2022-08-05,AVGO,638.2281,18868535,Technology
2022-08-05,GOOGL,126.0657,3673123,Technology
2022-08-05,META,289.2263,3578246,Technology
2022-08-05,MSFT,306.6286,2205843,Technology
2022-08-05,NFLX,683.866,18177962,Technology
2022-08-05,NVDA,225.5685,2794918,Technology
2022-08-05,ORCL,109.3837,19051956,Technology
2022-08-05,TSLA,211.1097,14339480,Technology
2022-08-08,AAPL,176.4838,5781377,Technology
2022-08-08,AMZN,107.482,13373436,Technology
2022-08-08,AVGO,634.0236,18584942,Technology
2022-08-08,GOOGL,123.4201,16669357,Technology
2022-08-08,META,291.9861,3604509,Technology
2022-08-08,MSFT,312.8309,13766300,Technology
2022-08-08,NFLX,682.7178,6537777,Technology
2022-08-08,NVDA,227.6727,4301686,Technology
2022-08-08,ORCL,108.0266,4876771,Technology
2022-08-08,TSLA,209.9901,10393714,Technology
2022-08-09,AAPL,176.5843,16042092,Technology
2022-08-09,AMZN,106.3755,12969303,Technology
2022-08-09,AVGO,630.5819,18100021,Technology
2022-08-09,GOOGL,124.2304,19321578,Technology
2022-08-09,META,291.287,15403119,Technology
2022-08-09,MSFT,312.4748,4128047,Technology
2022-08-09,NFLX,684.2352,18764689,Technology
2022-08-09,NVDA,234.4343,15460820,Technology
2022-08-09,ORCL,108.4947,19305909,Technology
2022-08-09,TSLA,218.0855,13228312,Technology
2022-08-10,AAPL,177.8329,17914424,Technology
2022-08-10,AMZN,106.4717,14754567,Technology
2022-08-10,AVGO,638.4052,5726130,Technology
2022-08-10,GOOGL,125.9945,6892995,Technology
2022-08-10,META,278.3609,4089912,Technology
2022-08-10,MSFT,311.2692,7522514,Technology
2022-08-10,NFLX,715.6005,17405302,Technology
2022-08-10,NVDA,227.5582,18672266,Technology
2022-08-10,ORCL,108.4282,3204309,Technology
2022-08-10,TSLA,229.6672,13957765,Technology
2022-08-11,AAPL,175.0469,4781960,Technology
2022-08-11,AMZN,106.6152,2431762,Technology
2022-08-11,AVGO,631.2604,12858481,Technology
2022-08-11,GOOGL,123.263,16398183,Technology
2022-08-11,META,271.4447,19173235,Technology
2022-08-11,MSFT,307.4629,18112130,Technology
2022-08-11,NFLX,689.8969,18592894,Technology
2022-08-11,NVDA,225.6354,13032768,Technology
2022-08-11,ORCL,107.7919,7207793,Technology
2022-08-11,TSLA,228.1702,16396131,Technology
2022-08-12,AAPL,177.0366,18737858,Technology
2022-08-12,AMZN,106.6446,13258293,Technology
2022-08-12,AVGO,633.3734,19814839,Technology
2022-08-12,GOOGL,125.6785,13679236,Technology
2022-08-12,META,278.9767,12384503,Technology
2022-08-12,MSFT,310.2613,14664026,Technology
2022-08-12,NFLX,677.5905,13295348,Technology
2022-08-12,NVDA,235.7603,15708150,Technology
2022-08-12,ORCL,109.1323,6232743,Technology
2022-08-12,TSLA,232.6781,2280663,Technology
2022-08-15,AAPL,181.6031,16593890,Technology
2022-08-15,AMZN,109.2841,16392158,Technology
2022-08-15,AVGO,641.5372,11003868,Technology
2022-08-15,GOOGL,125.9907,14531057,Technology
2022-08-15,META,280.941,11640854,Technology
2022-08-15,MSFT,309.6628,18490346,Technology
2022-08-15,NFLX,678.9892,19255187,Technology
2022-08-15,NVDA,235.5609,18068092,Technology
2022-08-15,ORCL,111.3688,9494217,Technology
2022-08-15,TSLA,237.3367,12675289,Technology
2022-08-16,AAPL,176.4769,17865491,Technology
2022-08-16,AMZN,111.7622,19981766,Technology
2022-08-16,AVGO,615.4457,4000831,Technology
2022-08-16,GOOGL,125.149,3055635,Technology
2022-08-16,META,281.0314,17248134,Technology
2022-08-16,MSFT,311.6838,7310676,Technology
2022-08-16,NFLX,679.2548,7892780,Technology
2022-08-16,NVDA,240.2232,7679772,Technology
2022-08-16,ORCL,110.5506,2233416,Technology
2022-08-16,TSLA,238.6396,2957479,Technology
2022-08-17,AAPL,180.5607,7979338,Technology
2022-08-17,AMZN,110.3383,12087479,Technology
2022-08-17,AVGO,608.7092,18562804,Technology
2022-08-17,GOOGL,126.2276,9488498,Technology
2022-08-17,META,285.7504,8570429,Technology
2022-08-17,MSFT,309.6975,4404238,Technology
2022-08-17,NFLX,673.9109,12223119,Technology
2022-08-17,NVDA,249.3869,4722765,Technology
2022-08-17,ORCL,110.2948,13348262,Technology
2022-08-17,TSLA,236.5366,13884559,Technology
2022-08-18,AAPL,181.3004,18754685,Technology
2022-08-18,AMZN,111.2517,13475063,Technology
2022-08-18,AVGO,603.6714,4866798,Technology
2022-08-18,GOOGL,125.8771,12633505,Technology
2022-08-18,META,285.2202,14227439,Technology
2022-08-18,MSFT,307.9847,4757340,Technology
2022-08-18,NFLX,659.9982,2026289,Technology
2022-08-18,NVDA,249.2682,17354605,Technology
2022-08-18,ORCL,111.0436,14313036,Technology
2022-08-18,TSLA,242.4989,2011550,Technology
2022-08-19,AAPL,183.0346,16593487,Technology
2022-08-19,AMZN,112.5607,7069280,Technology
2022-08-19,AVGO,579.8887,2123899,Technology
2022-08-19,GOOGL,126.8385,5262690,Technology
2022-08-19,META,287.1845,12829117,Technology
2022-08-19,MSFT,308.0609,9485221,Technology
2022-08-19,NFLX,662.3757,7514084,Technology
2022-08-19,NVDA,244.0767,2957999,Technology
2022-08-19,ORCL,110.453,4329705,Technology
2022-08-19,TSLA,242.5209,7098779,Technology
2022-08-22,AAPL,178.2893,6802502,Technology
2022-08-22,AMZN,112.6967,16223519,Technology
2022-08-22,AVGO,585.7413,2581806,Technology
2022-08-22,GOOGL,124.1702,8835514,Technology
2022-08-22,META,280.9285,5998548,Technology
2022-08-22,MSFT,302.7515,11886221,Technology
2022-08-22,NFLX,668.1291,15754919,Technology
2022-08-22,NVDA,236.2447,4675174,Technology
2022-08-22,ORCL,110.7667,7074148,Technology
2022-08-22,TSLA,248.2234,17462189,Technology
2022-08-23,AAPL,178.6651,17699002,Technology
2022-08-23,AMZN,111.9331,7830629,Technology
2022-08-23,AVGO,577.6554,19919621,Technology
2022-08-23,GOOGL,123.9296,14320354,Technology
2022-08-23,META,275.7473,10290849,Technology
2022-08-23,MSFT,298.097,13953699,Technology
2022-08-23,NFLX,668.3705,12551462,Technology
2022-08-23,NVDA,236.611,6684031,Technology
2022-08-23,ORCL,110.4079,17553755,Technology
2022-08-23,TSLA,242.9097,4790666,Technology
2022-08-24,AAPL,177.5998,17454678,Technology
2022-08-24,AMZN,114.0925,2110362,Technology
2022-08-24,AVGO,561.2736,17519041,Technology
2022-08-24,GOOGL,124.3219,17093656,Technology
2022-08-24,META,279.7983,4604614,Technology
2022-08-24,MSFT,299.1232,5931409,Technology
2022-08-24,NFLX,690.5107,13319246,Technology
2022-08-24,NVDA,238.1959,14707331,Technology
2022-08-24,ORCL,108.0565,8652215,Technology
2022-08-24,TSLA,234.0249,3548062,Technology
2022-08-25,AAPL,178.4867,10285458,Technology
2022-08-25,AMZN,113.4428,15039139,Technology
2022-08-25,AVGO,569.9593,6680526,Technology
2022-08-25,GOOGL,125.3385,18567163,Technology
2022-08-25,META,289.3527,10996987,Technology
2022-08-25,MSFT,299.3766,17716431,Technology
2022-08-25,NFLX,675.665,12173882,Technology
2022-08-25,NVDA,222.6097,18689714,Technology
2022-08-25,ORCL,108.5383,10047407,Technology
2022-08-25,TSLA,231.5822,5541093,Technology
2022-08-26,AAPL,183.1182,7493435,Technology
2022-08-26,AMZN,111.867,13087880,Technology
2022-08-26,AVGO,574.2696,14887578,Technology
2022-08-26,GOOGL,125.2171,4032874,Technology
2022-08-26,META,285.7462,10204121,Technology
2022-08-26,MSFT,306.0505,3473665,Technology
2022-08-26,NFLX,648.9753,8423975,Technology
2022-08-26,NVDA,229.0116,2734250,Technology
2022-08-26,ORCL,108.4732,9506010,Technology
2022-08-26,TSLA,250.6922,12534047,Technology
2022-08-29,AAPL,183.7367,2425959,Technology
2022-08-29,AMZN,113.074,7949266,Technology
2022-08-29,AVGO,586.0571,13647608,Technology
2022-08-29,GOOGL,124.772,6709031,Technology
2022-08-29,META,283.3678,13976312,Technology
2022-08-29,MSFT,300.3415,3405848,Technology
2022-08-29,NFLX,637.4496,18024627,Technology
2022-08-29,NVDA,224.2831,10733591,Technology
2022-08-29,ORCL,108.7863,6201890,Technology
2022-08-29,TSLA,254.6179,10517199,Technology
2022-08-30,AAPL,182.0637,5476336,Technology
2022-08-30,AMZN,113.3366,8082863,Technology
2022-08-30,AVGO,597.5071,11615074,Technology
2022-08-30,GOOGL,125.1194,7656283,Technology
2022-08-30,META,281.639,16423251,Technology
2022-08-30,MSFT,302.4917,12155037,Technology
2022-08-30,NFLX,648.8332,7844871,Technology
2022-08-30,NVDA,230.5431,10873793,Technology
2022-08-30,ORCL,109.9307,17693728,Technology
2022-08-30,TSLA,256.8673,8383380,Technology
2022-08-31,AAPL,179.7582,19404003,Technology
2022-08-31,AMZN,111.3738,16350578,Technology
2022-08-31,AVGO,608.6007,15068571,Technology
2022-08-31,GOOGL,124.3676,15815516,Technology
2022-08-31,META,279.603,7560045,Technology
2022-08-31,MSFT,307.2279,11098767,Technology
2022-08-31,NFLX,656.0996,15660677,Technology
2022-08-31,NVDA,236.497,4225776,Technology
2022-08-31,ORCL,108.8292,19505501,Technology
2022-08-31,TSLA,260.401,9606139,Technology
2022-09-01,AAPL,184.2914,7024249,Technology
2022-09-01,AMZN,107.693,13621739,Technology
2022-09-01,AVGO,610.5301,7273335,Technology
2022-09-01,GOOGL,121.7166,12379682,Technology
2022-09-01,META,272.8035,19826032,Technology
2022-09-01,MSFT,309.285,12308630,Technology
2022-09-01,NFLX,647.8462,11584747,Technology
2022-09-01,NVDA,228.0754,3684401,Technology
2022-09-01,ORCL,111.5344,16162510,Technology
2022-09-01,TSLA,251.8988,19404322,Technology
2022-09-02,AAPL,182.7501,19660694,Technology
2022-09-02,AMZN,105.1815,18057049,Technology
2022-09-02,AVGO,596.2225,15837707,Technology
2022-09-02,GOOGL,117.1328,14057198,Technology
2022-09-02,META,285.4309,14717400,Technology
2022-09-02,MSFT,311.55,11366147,Technology
2022-09-02,NFLX,635.8661,12123834,Technology
2022-09-02,NVDA,230.3995,5029310,Technology
2022-09-02,ORCL,109.9043,7959092,Technology
2022-09-02,TSLA,255.9726,7436407,Technology
2022-09-05,AAPL,180.8438,11651883,Technology
2022-09-05,AMZN,105.515,11665415,Technology
2022-09-05,AVGO,607.058,8540718,Technology
2022-09-05,GOOGL,115.2468,8089411,Technology
2022-09-05,META,298.3916,10609089,Technology
2022-09-05,MSFT,314.626,4092320,Technology
2022-09-05,NFLX,636.7704,14415127,Technology
2022-09-05,NVDA,228.2263,11157279,Technology
2022-09-05,ORCL,109.3401,5498799,Technology
2022-09-05,TSLA,258.9293,7593244,Technology
2022-09-06,AAPL,182.1065,19467210,Technology
2022-09-06,AMZN,103.9568,9451155,Technology
2022-09-06,AVGO,604.9107,13693336,Technology
2022-09-06,GOOGL,112.6307,3714358,Technology
2022-09-06,META,301.611,14674528,Technology
2022-09-06,MSFT,316.2797,3636949,Technology
2022-09-06,NFLX,656.5869,6163479,Technology
2022-09-06,NVDA,226.9005,12542193,Technology
2022-09-06,ORCL,110.1686,13388271,Technology
2022-09-06,TSLA,250.0255,7804638,Technology
2022-09-07,AAPL,181.7364,5214220,Technology
2022-09-07,AMZN,106.6604,15366523,Technology
2022-09-07,AVGO,593.8504,9714593,Technology
2022-09-07,GOOGL,112.2905,13910838,Technology
2022-09-07,META,295.7896,8780755,Technology
2022-09-07,MSFT,321.665,11186756,Technology
2022-09-07,NFLX,672.1635,17597928,Technology
2022-09-07,NVDA,237.4821,12503853,Technology
2022-09-07,ORCL,111.0255,19480442,Technology
2022-09-07,TSLA,246.4181,12407013,Technology
2022-09-08,AAPL,183.7798,3951245,Technology
2022-09-08,AMZN,107.4825,15049354,Technology
2022-09-08,AVGO,597.9144,6724983,Technology
2022-09-08,GOOGL,112.3437,14173320,Technology
2022-09-08,META,300.8873,16901924,Technology
2022-09-08,MSFT,323.4827,11238461,Technology
2022-09-08,NFLX,676.0505,19927208,Technology
2022-09-08,NVDA,243.9551,12274180,Technology
2022-09-08,ORCL,111.2835,6266321,Technology
2022-09-08,TSLA,244.8201,4442433,Technology
2022-09-09,AAPL,183.4095,9822147,Technology
2022-09-09,AMZN,106.1994,7679051,Technology
2022-09-09,AVGO,601.9612,16854114,Technology
2022-09-09,GOOGL,113.9353,8927779,Technology
2022-09-09,META,300.3541,5791035,Technology
2022-09-09,MSFT,319.3328,10222372,Technology
2022-09-09,NFLX,688.5051,3306871,Technology
2022-09-09,NVDA,242.9873,9495541,Technology
2022-09-09,ORCL,113.0803,16753825,Technology
2022-09-09,TSLA,241.1635,11977107,Technology
2022-09-12,AAPL,183.211,12911759,Technology
2022-09-12,AMZN,105.0393,14338879,Technology
2022-09-12,AVGO,602.3375,5041162,Technology
2022-09-12,GOOGL,115.1347,19780249,Technology
2022-09-12,META,299.2975,14607333,Technology
2022-09-12,MSFT,323.8164,16524476,Technology
2022-09-12,NFLX,674.6974,9943061,Technology
2022-09-12,NVDA,251.2783,14184353,Technology
2022-09-12,ORCL,111.5783,2349151,Technology
2022-09-12,TSLA,240.4315,12199971,Technology
2022-09-13,AAPL,181.1064,11205615,Technology
2022-09-13,AMZN,104.8084,16391636,Technology
2022-09-13,AVGO,597.9172,9432074,Technology
2022-09-13,GOOGL,113.3036,2982190,Technology
2022-09-13,META,289.0631,2946193,Technology
2022-09-13,MSFT,325.6426,15019041,Technology
2022-09-13,NFLX,645.0174,4442982,Technology
2022-09-13,NVDA,255.8679,17972618,Technology
2022-09-13,ORCL,111.7087,11197288,Technology
2022-09-13,TSLA,242.9168,13309738,Technology
2022-09-14,AAPL,178.7099,6585005,Technology
2022-09-14,AMZN,106.1196,19453039,Technology
2022-09-14,AVGO,586.8773,16319955,Technology
2022-09-14,GOOGL,112.7267,17279220,Technology
2022-09-14,META,291.4236,10775083,Technology
2022-09-14,MSFT,319.6178,15424480,Technology
2022-09-14,NFLX,644.7916,3743411,Technology
2022-09-14,NVDA,264.4725,14251509,Technology
2022-09-14,ORCL,113.573,13224925,Technology
2022-09-14,TSLA,237.3349,17766586,Technology
2022-09-15,AAPL,180.9744,14758135,Technology
2022-09-15,AMZN,105.0718,7048280,Technology
2022-09-15,AVGO,604.6726,5781529,Technology
2022-09-15,GOOGL,111.9917,17333680,Technology
2022-09-15,META,288.894,9052541,Technology
2022-09-15,MSFT,324.4307,12409602,Technology
2022-09-15,NFLX,637.0523,6616217,Technology
2022-09-15,NVDA,266.1131,9095056,Technology
2022-09-15,ORCL,114.8785,3463538,Technology
2022-09-15,TSLA,235.7696,9864070,Technology
2022-09-16,AAPL,186.8489,11692135,Technology
2022-09-16,AMZN,110.1381,13277195,Technology
2022-09-16,AVGO,616.3094,3333251,Technology
2022-09-16,GOOGL,112.4827,10849663,Technology
2022-09-16,META,296.9819,17273328,Technology
2022-09-16,MSFT,328.3136,3147678,Technology
2022-09-16,NFLX,647.6781,19843680,Technology
2022-09-16,NVDA,254.1932,17065589,Technology
2022-09-16,ORCL,113.0317,18036390,Technology
2022-09-16,TSLA,239.9408,7638688,Technology
2022-09-19,AAPL,187.015,14949739,Technology
2022-09-19,AMZN,111.2271,17163303,Technology
2022-09-19,AVGO,624.6871,18185515,Technology
2022-09-19,GOOGL,112.0352,6336052,Technology
2022-09-19,META,296.2454,19839137,Technology
2022-09-19,MSFT,329.579,19894225,Technology
2022-09-19,NFLX,642.1873,13574346,Technology
2022-09-19,NVDA,247.0071,4767958,Technology
2022-09-19,ORCL,113.1592,19248909,Technology
2022-09-19,TSLA,244.9683,18827836,Technology
2022-09-20,AAPL,186.9206,8555986,Technology
2022-09-20,AMZN,109.5767,12713453,Technology
2022-09-20,AVGO,617.4901,6679991,Technology
2022-09-20,GOOGL,112.6052,6008717,Technology
2022-09-20,META,291.4425,14202176,Technology
2022-09-20,MSFT,331.2293,18807960,Technology
2022-09-20,NFLX,661.3876,3682693,Technology
2022-09-20,NVDA,256.1465,13871707,Technology
2022-09-20,ORCL,113.0328,15993797,Technology
2022-09-20,TSLA,243.4388,9698045,Technology
2022-09-21,AAPL,183.1283,3259528,Technology
2022-09-21,AMZN,108.8222,17562686,Technology
2022-09-21,AVGO,618.1595,7315257,Technology
2022-09-21,GOOGL,112.5433,13579711,Technology
2022-09-21,META,290.0247,19825657,Technology
2022-09-21,MSFT,330.7442,2571227,Technology
2022-09-21,NFLX,645.7132,18624208,Technology
2022-09-21,NVDA,261.5301,10172999,Technology
2022-09-21,ORCL,114.5299,16243068,Technology
2022-09-21,TSLA,236.8585,9569101,Technology
2022-09-22,AAPL,182.0512,7650481,Technology
2022-09-22,AMZN,108.8937,7660989,Technology
2022-09-22,AVGO,602.0747,14592110,Technology
2022-09-22,GOOGL,111.5683,10263702,Technology
2022-09-22,META,290.3631,11501199,Technology
2022-09-22,MSFT,324.7232,15784898,Technology
2022-09-22,NFLX,642.1691,6505700,Technology
2022-09-22,NVDA,269.1627,2104496,Technology
2022-09-22,ORCL,114.4276,17259910,Technology
2022-09-22,TSLA,235.7439,12060363,Technology
2022-09-23,AAPL,180.1928,17264275,Technology
2022-09-23,AMZN,106.0437,2569307,Technology
2022-09-23,AVGO,608.1205,12228161,Technology
2022-09-23,GOOGL,112.3068,16422703,Technology
2022-09-23,META,284.9472,7094717,Technology
2022-09-23,MSFT,328.801,19609999,Technology
2022-09-23,NFLX,639.2457,12769822,Technology
2022-09-23,NVDA,267.1689,19455869,Technology
2022-09-23,ORCL,115.2033,3062382,Technology
2022-09-23,TSLA,236.5609,19234851,Technology
2022-09-26,AAPL,179.8892,7567123,Technology
2022-09-26,AMZN,104.2746,6277560,Technology
2022-09-26,AVGO,594.7389,4664431,Technology
2022-09-26,GOOGL,109.2011,10047226,Technology
2022-09-26,META,283.8392,17412539,Technology
2022-09-26,MSFT,326.2489,19871418,Technology
2022-09-26,NFLX,639.0181,6341779,Technology
2022-09-26,NVDA,259.3596,7848478,Technology
2022-09-26,ORCL,115.2683,7889858,Technology
2022-09-26,TSLA,227.9015,13073753,Technology
2022-09-27,AAPL,177.898,9351072,Technology
2022-09-27,AMZN,105.3869,10134313,Technology
2022-09-27,AVGO,586.0007,7191747,Technology
2022-09-27,GOOGL,110.2735,4136723,Technology
2022-09-27,META,280.5569,9087904,Technology
2022-09-27,MSFT,322.8972,8884633,Technology
2022-09-27,NFLX,612.2619,10568224,Technology
2022-09-27,NVDA,247.9231,15167813,Technology
2022-09-27,ORCL,117.2496,16847062,Technology
2022-09-27,TSLA,232.5307,7443019,Technology
2022-09-28,AAPL,176.2905,4291180,Technology
2022-09-28,AMZN,106.62,7441729,Technology
2022-09-28,AVGO,587.8988,8529036,Technology
2022-09-28,GOOGL,107.9045,3847579,Technology
2022-09-28,META,286.6862,12446906,Technology
2022-09-28,MSFT,329.3023,8761619,Technology
2022-09-28,NFLX,611.5009,15631875,Technology
2022-09-28,NVDA,246.7735,12244851,Technology
2022-09-28,ORCL,116.487,6909636,Technology
2022-09-28,TSLA,232.9222,4290947,Technology
2022-09-29,AAPL,177.5767,9568034,Technology
2022-09-29,AMZN,106.2772,4020162,Technology
2022-09-29,AVGO,597.0691,7241929,Technology
2022-09-29,GOOGL,107.9812,9422093,Technology
2022-09-29,META,293.4264,16491292,Technology
2022-09-29,MSFT,322.6537,14289146,Technology
2022-09-29,NFLX,618.4265,15115962,Technology
2022-09-29,NVDA,233.3975,5804603,Technology
2022-09-29,ORCL,116.5962,7760642,Technology
2022-09-29,TSLA,239.9619,11778851,Technology
2022-09-30,AAPL,181.1541,18250499,Technology
2022-09-30,AMZN,107.0022,18440369,Technology
2022-09-30,AVGO,602.6122,13410102,Technology
2022-09-30,GOOGL,107.991,3636119,Technology
2022-09-30,META,298.6444,10235585,Technology
2022-09-30,MSFT,320.0667,13763613,Technology
2022-09-30,NFLX,630.3449,19860625,Technology
2022-09-30,NVDA,240.6181,7817075,Technology
2022-09-30,ORCL,118.5178,11653583,Technology
2022-09-30,TSLA,235.4531,15596033,Technology
2022-10-03,AAPL,179.8577,13079268,Technology
2022-10-03,AMZN,103.9658,9987933,Technology
2022-10-03,AVGO,600.959,10555127,Technology
2022-10-03,GOOGL,108.0183,12875658,Technology
2022-10-03,META,291.494,4946500,Technology
2022-10-03,MSFT,315.8219,8259857,Technology
2022-10-03,NFLX,624.84,16323001,Technology
2022-10-03,NVDA,243.1005,2999630,Technology
2022-10-03,ORCL,118.3626,16834455,Technology
2022-10-03,TSLA,233.5595,9067867,Technology
2022-10-04,AAPL,178.9581,2007306,Technology
2022-10-04,AMZN,106.0117,11000977,Technology
2022-10-04,AVGO,593.7587,15387196,Technology
2022-10-04,GOOGL,107.0439,11150079,Technology
2022-10-04,META,297.1147,7239468,Technology
2022-10-04,MSFT,318.1941,11519165,Technology
2022-10-04,NFLX,629.1421,11066608,Technology
2022-10-04,NVDA,255.1909,8865036,Technology
2022-10-04,ORCL,116.2115,12756569,Technology
2022-10-04,TSLA,233.1065,16534658,Technology
2022-10-05,AAPL,182.0532,7164446,Technology
2022-10-05,AMZN,106.3769,5423810,Technology
2022-10-05,AVGO,596.9557,14511485,Technology
2022-10-05,GOOGL,106.1503,5723322,Technology
2022-10-05,META,303.8151,4606811,Technology
2022-10-05,MSFT,322.9786,15101446,Technology
2022-10-05,NFLX,626.141,6127926,Technology
2022-10-05,NVDA,261.3407,9179452,Technology
2022-10-05,ORCL,113.4517,4166523,Technology
2022-10-05,TSLA,233.5411,17748395,Technology
2022-10-06,AAPL,179.1167,13784701,Technology
2022-10-06,AMZN,109.0244,11425303,Technology
2022-10-06,AVGO,602.0322,8916080,Technology
2022-10-06,GOOGL,104.3394,8540164,Technology
2022-10-06,META,305.7981,15235740,Technology
2022-10-06,MSFT,323.1999,2409235,Technology
2022-10-06,NFLX,626.3801,14534823,Technology
2022-10-06,NVDA,268.0578,17579279,Technology
2022-10-06,ORCL,113.2435,5508975,Technology
2022-10-06,TSLA,231.72,2984469,Technology
2022-10-07,AAPL,180.6237,10369787,Technology
2022-10-07,AMZN,107.6788,15959597,Technology
2022-10-07,AVGO,608.6793,13461721,Technology
2022-10-07,GOOGL,100.9979,2976953,Technology
2022-10-07,META,315.3338,2164385,Technology
2022-10-07,MSFT,323.7068,7370533,Technology
2022-10-07,NFLX,626.6855,18823786,Technology
2022-10-07,NVDA,282.0097,3605389,Technology
2022-10-07,ORCL,111.0619,16379272,Technology
2022-10-07,TSLA,232.2685,16938097,Technology
2022-10-10,AAPL,179.0841,10517351,Technology
2022-10-10,AMZN,110.0272,16798493,Technology
2022-10-10,AVGO,615.5662,7453218,Technology
2022-10-10,GOOGL,101.3156,12082715,Technology
2022-10-10,META,314.232,14209720,Technology
2022-10-10,MSFT,321.4287,11574804,Technology
2022-10-10,NFLX,627.3622,4957298,Technology
2022-10-10,NVDA,284.4542,16030865,Technology
2022-10-10,ORCL,110.6068,9613843,Technology
2022-10-10,TSLA,229.2606,3753183,Technology
2022-10-11,AAPL,179.8006,18221254,Technology
2022-10-11,AMZN,113.0418,18884429,Technology
2022-10-11,AVGO,617.0323,12516225,Technology
2022-10-11,GOOGL,103.0,13155643,Technology
2022-10-11,META,306.5819,19792715,Technology
2022-10-11,MSFT,316.9433,16820487,Technology
2022-10-11,NFLX,613.3459,15300212,Technology
2022-10-11,NVDA,281.6948,7128846,Technology
2022-10-11,ORCL,112.9277,16734557,Technology
2022-10-11,TSLA,225.1549,7230384,Technology
2022-10-12,AAPL,180.3372,3526319,Technology
2022-10-12,AMZN,112.6313,15042271,Technology
2022-10-12,AVGO,616.3766,15418230,Technology
2022-10-12,GOOGL,100.8075,14886443,Technology
2022-10-12,META,315.2234,9687999,Technology
2022-10-12,MSFT,317.1612,6961695,Technology
2022-10-12,NFLX,627.9856,14011374,Technology
2022-10-12,NVDA,282.0654,4170835,Technology
2022-10-12,ORCL,114.0018,4593072,Technology
2022-10-12,TSLA,220.2068,3095565,Technology
2022-10-13,AAPL,178.9607,11278136,Technology
2022-10-13,AMZN,111.761,10268631,Technology
2022-10-13,AVGO,632.3873,19930115,Technology
2022-10-13,GOOGL,101.2145,4052420,Technology
2022-10-13,META,327.0472,17149881,Technology
2022-10-13,MSFT,321.1201,18873386,Technology
2022-10-13,NFLX,626.5821,5465803,Technology
2022-10-13,NVDA,273.2505,10835211,Technology
2022-10-13,ORCL,114.0975,2455106,Technology
2022-10-13,TSLA,220.8466,15328512,Technology
2022-10-14,AAPL,177.5401,16731622,Technology
2022-10-14,AMZN,111.2832,2073977,Technology
2022-10-14,AVGO,621.013,5067382,Technology
2022-10-14,GOOGL,101.3129,8144428,Technology
2022-10-14,META,329.6249,19534857,Technology
2022-10-14,MSFT,320.9614,16570607,Technology
2022-10-14,NFLX,630.5743,2813675,Technology
2022-10-14,NVDA,263.5452,7581823,Technology
2022-10-14,ORCL,112.7753,3416774,Technology
2022-10-14,TSLA,216.7727,2954364,Technology
2022-10-17,AAPL,175.9724,15520486,Technology
2022-10-17,AMZN,109.0876,18782072,Technology
2022-10-17,AVGO,628.9848,8195843,Technology
2022-10-17,GOOGL,100.2741,16937909,Technology
2022-10-17,META,328.4451,5233391,Technology
2022-10-17,MSFT,319.1051,9546330,Technology
2022-10-17,NFLX,623.5019,5229048,Technology
2022-10-17,NVDA,268.088,14329314,Technology
2022-10-17,ORCL,110.928,10368910,Technology
2022-10-17,TSLA,208.9342,5691160,Technology
2022-10-18,AAPL,175.2497,5584338,Technology
2022-10-18,AMZN,108.1715,3567366,Technology
2022-10-18,AVGO,640.2473,7657332,Technology
2022-10-18,GOOGL,101.528,11395731,Technology
2022-10-18,META,345.0719,13701760,Technology
2022-10-18,MSFT,320.1313,2281624,Technology
2022-10-18,NFLX,627.3519,7309999,Technology
2022-10-18,NVDA,274.2261,16976951,Technology
2022-10-18,ORCL,111.5849,13266017,Technology
2022-10-18,TSLA,214.2909,10915483,Technology
2022-10-19,AAPL,173.7978,2439656,Technology
2022-10-19,AMZN,105.9354,10403766,Technology
2022-10-19,AVGO,657.177,8738526,Technology
2022-10-19,GOOGL,101.2831,14637728,Technology
2022-10-19,META,351.1061,12681063,Technology
2022-10-19,MSFT,311.7012,5709469,Technology
2022-10-19,NFLX,621.1005,3102952,Technology
2022-10-19,NVDA,281.0034,11227758,Technology
2022-10-19,ORCL,111.2009,11994758,Technology
2022-10-19,TSLA,221.2786,6023784,Technology
2022-10-20,AAPL,173.9829,17295278,Technology
2022-10-20,AMZN,108.0704,13861717,Technology
2022-10-20,AVGO,665.5097,5044175,Technology
2022-10-20,GOOGL,102.1909,4528085,Technology
2022-10-20,META,360.3934,9271891,Technology
2022-10-20,MSFT,312.7103,12760128,Technology
2022-10-20,NFLX,606.7254,2566836,Technology
2022-10-20,NVDA,268.3873,10575914,Technology
2022-10-20,ORCL,109.3537,3939407,Technology
2022-10-20,TSLA,216.4748,7416059,Technology
2022-10-21,AAPL,176.8428,3310908,Technology
2022-10-21,AMZN,108.7504,7624654,Technology
2022-10-21,AVGO,656.6251,11454263,Technology
2022-10-21,GOOGL,102.4871,14903410,Technology
2022-10-21,META,358.6653,2611870,Technology
2022-10-21,MSFT,313.496,14659152,Technology
2022-10-21,NFLX,611.8238,15063389,Technology
2022-10-21,NVDA,269.4028,12135027,Technology
2022-10-21,ORCL,108.1455,6923937,Technology
2022-10-21,TSLA,207.0891,7596034,Technology
2022-10-24,AAPL,173.9422,5499834,Technology
2022-10-24,AMZN,107.3808,18058440,Technology
2022-10-24,AVGO,667.0444,2256186,Technology
2022-10-24,GOOGL,102.393,12995331,Technology
2022-10-24,META,359.2082,14383713,Technology
2022-10-24,MSFT,320.0366,9240776,Technology
2022-10-24,NFLX,610.4831,15618609,Technology
2022-10-24,NVDA,260.7975,16597898,Technology
2022-10-24,ORCL,107.8374,10160002,Technology
2022-10-24,TSLA,207.7389,10729192,Technology
2022-10-25,AAPL,175.7957,14534376,Technology
2022-10-25,AMZN,106.6843,7775846,Technology
2022-10-25,AVGO,687.651,19045068,Technology
2022-10-25,GOOGL,101.7099,5375781,Technology
2022-10-25,META,367.1893,19181996,Technology
2022-10-25,MSFT,322.2544,6218107,Technology
2022-10-25,NFLX,600.4862,15699666,Technology
2022-10-25,NVDA,265.4882,13049620,Technology
2022-10-25,ORCL,109.8577,4932219,Technology
2022-10-25,TSLA,207.761,14379944,Technology
2022-10-26,AAPL,174.0528,13809044,Technology
2022-10-26,AMZN,107.2425,7744696,Technology
2022-10-26,AVGO,682.7704,6037579,Technology
2022-10-26,GOOGL,103.1256,10226828,Technology
2022-10-26,META,363.3996,14452307,Technology
2022-10-26,MSFT,324.1236,3015992,Technology
2022-10-26,NFLX,606.6812,14382508,Technology
2022-10-26,NVDA,260.0661,2727885,Technology
2022-10-26,ORCL,112.1582,4230468,Technology
2022-10-26,TSLA,207.8563,12868231,Technology
2022-10-27,AAPL,174.2129,2099806,Technology
2022-10-27,AMZN,108.6581,9940081,Technology
2022-10-27,AVGO,690.937,7009679,Technology
2022-10-27,GOOGL,102.5055,16065567,Technology
2022-10-27,META,358.0029,16315853,Technology
2022-10-27,MSFT,332.5211,11070125,Technology
2022-10-27,NFLX,597.0412,17005154,Technology
2022-10-27,NVDA,262.6996,8151407,Technology
2022-10-27,ORCL,114.6125,17619278,Technology
2022-10-27,TSLA,207.9476,4178619,Technology
2022-10-28,AAPL,174.3341,3918571,Technology
2022-10-28,AMZN,109.4779,6925463,Technology
2022-10-28,AVGO,694.6643,13699939,Technology
2022-10-28,GOOGL,102.3893,9460466,Technology
2022-10-28,META,351.679,17568124,Technology
2022-10-28,MSFT,330.7456,15167314,Technology
2022-10-28,NFLX,603.0633,5084752,Technology
2022-10-28,NVDA,258.899,14352257,Technology
2022-10-28,ORCL,113.3873,7674837,Technology
2022-10-28,TSLA,210.8935,10527363,Technology
2022-10-31,AAPL,170.2454,9652631,Technology
2022-10-31,AMZN,110.2348,2274620,Technology
2022-10-31,AVGO,675.6653,8417026,Technology
2022-10-31,GOOGL,101.7076,18679277,Technology
2022-10-31,META,342.0408,13705596,Technology
2022-10-31,MSFT,338.5803,7740266,Technology
2022-10-31,NFLX,612.3246,2632331,Technology
2022-10-31,NVDA,260.0282,4791254,Technology
2022-10-31,ORCL,112.9866,14969022,Technology
2022-10-31,TSLA,212.9947,16989076,Technology
2022-11-01,AAPL,173.0334,11323239,Technology
2022-11-01,AMZN,108.6665,5718392,Technology
2022-11-01,AVGO,652.871,18313436,Technology
2022-11-01,GOOGL,102.8056,15898613,Technology
2022-11-01,META,340.6341,8611815,Technology
2022-11-01,MSFT,333.3786,7771972,Technology
2022-11-01,NFLX,622.3081,9566419,Technology
2022-11-01,NVDA,252.1776,11444200,Technology
2022-11-01,ORCL,111.194,13633909,Technology
2022-11-01,TSLA,211.3677,4192605,Technology
2022-11-02,AAPL,178.5781,2903930,Technology
2022-11-02,AMZN,107.161,8305726,Technology
2022-11-02,AVGO,658.9969,17119588,Technology
2022-11-02,GOOGL,101.0884,10109082,Technology
2022-11-02,META,350.0202,4160006,Technology
2022-11-02,MSFT,329.8077,7431759,Technology
2022-11-02,NFLX,641.8903,3526891,Technology
2022-11-02,NVDA,252.6092,7232654,Technology
2022-11-02,ORCL,110.6343,9119678,Technology
2022-11-02,TSLA,212.0493,9282032,Technology
2022-11-03,AAPL,178.7008,10216312,Technology
2022-11-03,AMZN,106.784,14678366,Technology
2022-11-03,AVGO,669.7262,11434129,Technology
2022-11-03,GOOGL,99.0606,4423448,Technology
2022-11-03,META,356.8006,14038259,Technology
2022-11-03,MSFT,333.8879,5978769,Technology
2022-11-03,NFLX,644.7483,9470951,Technology
2022-11-03,NVDA,241.6197,10597004,Technology
2022-11-03,ORCL,109.4875,2621611,Technology
2022-11-03,TSLA,221.8767,17150974,Technology
2022-11-04,AAPL,183.658,16425498,Technology
2022-11-04,AMZN,107.7383,7098818,Technology
2022-11-04,AVGO,654.5825,6110683,Technology
2022-11-04,GOOGL,95.9768,10978915,Technology
2022-11-04,META,360.789,11175472,Technology
2022-11-04,MSFT,339.0511,7409017,Technology
2022-11-04,NFLX,648.9182,9823132,Technology
2022-11-04,NVDA,246.2584,4674917,Technology
2022-11-04,ORCL,111.7241,7092360,Technology
2022-11-04,TSLA,220.8282,11840946,Technology
2022-11-07,AAPL,179.9772,12718141,Technology
2022-11-07,AMZN,107.8043,13038731,Technology
2022-11-07,AVGO,659.4241,9172842,Technology
2022-11-07,GOOGL,95.5644,18835549,Technology
2022-11-07,META,369.7285,12307350,Technology
2022-11-07,MSFT,349.179,17834850,Technology
2022-11-07,NFLX,647.1182,14846546,Technology
2022-11-07,NVDA,254.5825,17147683,Technology
2022-11-07,ORCL,110.1538,17898673,Technology
2022-11-07,TSLA,224.5291,17467649,Technology
2022-11-08,AAPL,173.5715,19100712,Technology
2022-11-08,AMZN,108.5516,8097300,Technology
2022-11-08,AVGO,674.6204,3779120,Technology
2022-11-08,GOOGL,95.512,17098689,Technology
2022-11-08,META,371.1422,6927046,Technology
2022-11-08,MSFT,353.4857,18408397,Technology
2022-11-08,NFLX,640.8317,14847001,Technology
2022-11-08,NVDA,263.4878,11415657,Technology
2022-11-08,ORCL,109.489,3005465,Technology
2022-11-08,TSLA,216.9541,13108853,Technology
2022-11-09,AAPL,176.2647,14946931,Technology
2022-11-09,AMZN,107.6813,10473240,Technology
2022-11-09,AVGO,672.9952,11959120,Technology
2022-11-09,GOOGL,93.8481,18580921,Technology
2022-11-09,META,370.8693,5259738,Technology
2022-11-09,MSFT,350.2536,10921174,Technology
2022-11-09,NFLX,651.7924,18216449,Technology
2022-11-09,NVDA,263.1876,3377585,Technology
2022-11-09,ORCL,109.3683,3149802,Technology
2022-11-09,TSLA,209.9924,5326541,Technology
2022-11-10,AAPL,174.2188,11086006,Technology
2022-11-10,AMZN,108.0594,14158926,Technology
2022-11-10,AVGO,676.8235,11625569,Technology
2022-11-10,GOOGL,94.0605,5189643,Technology
2022-11-10,META,358.4351,10715446,Technology
2022-11-10,MSFT,347.0087,19501224,Technology
2022-11-10,NFLX,642.5582,12650292,Technology
2022-11-10,NVDA,265.1355,2811708,Technology
2022-11-10,ORCL,108.7069,3222103,Technology
2022-11-10,TSLA,213.1338,16733901,Technology
2022-11-11,AAPL,175.8047,18149745,Technology
2022-11-11,AMZN,108.5832,9676383,Technology
2022-11-11,AVGO,675.9212,19467869,Technology
2022-11-11,GOOGL,92.0813,4310872,Technology
2022-11-11,META,354.0591,12285615,Technology
2022-11-11,MSFT,353.4637,16144482,Technology
2022-11-11,NFLX,657.8583,7940887,Technology
2022-11-11,NVDA,270.1329,3700718,Technology
2022-11-11,ORCL,109.6486,18922210,Technology
2022-11-11,TSLA,211.4069,15349964,Technology
2022-11-14,AAPL,173.1892,15385797,Technology
2022-11-14,AMZN,109.0057,5221693,Technology
2022-11-14,AVGO,654.304,3007546,Technology
2022-11-14,GOOGL,91.0539,8973300,Technology
2022-11-14,META,348.4906,3789942,Technology
2022-11-14,MSFT,351.1806,7737220,Technology
2022-11-14,NFLX,654.5252,10154992,Technology
2022-11-14,NVDA,274.2616,13895394,Technology
2022-11-14,ORCL,110.9745,6230244,Technology
2022-11-14,TSLA,208.7673,11840258,Technology
2022-11-15,AAPL,171.43,6450315,Technology
2022-11-15,AMZN,107.0048,17051139,Technology
2022-11-15,AVGO,647.3789,6609297,Technology
2022-11-15,GOOGL,88.8039,11073982,Technology
2022-11-15,META,361.9327,16314046,Technology
2022-11-15,MSFT,349.1113,8776283,Technology
2022-11-15,NFLX,662.4346,13889299,Technology
2022-11-15,NVDA,270.2889,6587483,Technology
2022-11-15,ORCL,111.1011,8086844,Technology
2022-11-15,TSLA,204.5584,14015639,Technology
2022-11-16,AAPL,171.8189,13477905,Technology
2022-11-16,AMZN,105.6629,14588578,Technology
2022-11-16,AVGO,644.488,15309844,Technology
2022-11-16,GOOGL,87.2064,8923927,Technology
2022-11-16,META,367.8706,5328017,Technology
2022-11-16,MSFT,350.5807,15579489,Technology
2022-11-16,NFLX,648.7383,5880576,Technology
2022-11-16,NVDA,268.609,3471852,Technology
2022-11-16,ORCL,107.554,9427552,Technology
2022-11-16,TSLA,205.2515,19263645,Technology
2022-11-17,AAPL,172.203,13281471,Technology
2022-11-17,AMZN,104.5474,16713955,Technology
2022-11-17,AVGO,639.2452,6411566,Technology
2022-11-17,GOOGL,90.1236,15722743,Technology
2022-11-17,META,368.4997,12009082,Technology
2022-11-17,MSFT,342.0112,7413255,Technology
2022-11-17,NFLX,642.3145,17060420,Technology
2022-11-17,NVDA,265.918,13908409,Technology
2022-11-17,ORCL,107.5835,11812004,Technology
2022-11-17,TSLA,197.7036,9041405,Technology
2022-11-18,AAPL,169.3858,6942754,Technology
2022-11-18,AMZN,103.5624,14832176,Technology
2022-11-18,AVGO,625.7484,14413474,Technology
2022-11-18,GOOGL,89.7688,6924725,Technology
2022-11-18,META,367.3012,11655502,Technology
2022-11-18,MSFT,343.6149,14736382,Technology
2022-11-18,NFLX,644.9359,10011364,Technology
2022-11-18,NVDA,266.0684,5231939,Technology
2022-11-18,ORCL,106.1015,11444228,Technology
2022-11-18,TSLA,198.0872,14557748,Technology
2022-11-21,AAPL,171.1984,6890871,Technology
2022-11-21,AMZN,102.5669,19526274,Technology
2022-11-21,AVGO,623.2693,12964478,Technology
2022-11-21,GOOGL,93.2814,10151222,Technology
2022-11-21,META,370.4715,11340220,Technology
2022-11-21,MSFT,347.1898,12122947,Technology
2022-11-21,NFLX,638.9612,18671836,Technology
2022-11-21,NVDA,268.6978,3499230,Technology
2022-11-21,ORCL,105.3191,4789712,Technology
2022-11-21,TSLA,202.1641,9646993,Technology
2022-11-22,AAPL,172.2124,7754772,Technology
2022-11-22,AMZN,100.7154,15603372,Technology
2022-11-22,AVGO,624.3287,11935561,Technology
2022-11-22,GOOGL,92.4719,4400692,Technology
2022-11-22,META,363.0272,12524987,Technology
2022-11-22,MSFT,337.9567,19420151,Technology
2022-11-22,NFLX,653.7278,16369438,Technology
2022-11-22,NVDA,274.2914,17781596,Technology
2022-11-22,ORCL,104.3531,16811227,Technology
2022-11-22,TSLA,205.5027,2503471,Technology
2022-11-23,AAPL,171.0329,6162706,Technology
2022-11-23,AMZN,99.8665,16631318,Technology
2022-11-23,AVGO,630.0554,16952462,Technology
2022-11-23,GOOGL,90.6672,15471683,Technology
2022-11-23,META,360.366,4233607,Technology
2022-11-23,MSFT,335.9191,6371453,Technology
2022-11-23,NFLX,658.1059,7319615,Technology
2022-11-23,NVDA,272.1433,10189966,Technology
2022-11-23,ORCL,104.9115,4074484,Technology
2022-11-23,TSLA,199.182,2198353,Technology
2022-11-24,AAPL,170.8008,14491096,Technology
2022-11-24,AMZN,100.0995,18554402,Technology
2022-11-24,AVGO,633.8928,3146040,Technology
2022-11-24,GOOGL,91.7989,7380436,Technology
2022-11-24,META,348.6707,15553787,Technology
2022-11-24,MSFT,335.2617,5660061,Technology
2022-11-24,NFLX,651.7762,15906045,Technology
2022-11-24,NVDA,279.9713,14064677,Technology
2022-11-24,ORCL,103.6699,18405638,Technology
2022-11-24,TSLA,200.9515,7449708,Technology
2022-11-25,AAPL,170.6591,9336788,Technology
2022-11-25,AMZN,98.3001,14320603,Technology
2022-11-25,AVGO,644.2963,3095572,Technology
2022-11-25,GOOGL,91.0106,14813738,Technology
2022-11-25,META,362.5735,5251955,Technology
2022-11-25,MSFT,329.4758,17248400,Technology
2022-11-25,NFLX,647.1661,12465245,Technology
2022-11-25,NVDA,276.7516,19400953,Technology
2022-11-25,ORCL,103.6285,13605654,Technology
2022-11-25,TSLA,194.5047,13157776,Technology
2022-11-28,AAPL,169.9148,11767000,Technology
2022-11-28,AMZN,98.7043,14783886,Technology
2022-11-28,AVGO,637.4193,6096552,Technology
2022-11-28,GOOGL,88.4568,18839217,Technology
2022-11-28,META,359.5173,12783846,Technology
2022-11-28,MSFT,321.9285,3664351,Technology
2022-11-28,NFLX,648.6687,16338832,Technology
2022-11-28,NVDA,273.6194,17684206,Technology
2022-11-28,ORCL,104.5668,12038322,Technology
2022-11-28,TSLA,186.4317,2767372,Technology
2022-11-29,AAPL,168.6104,9562583,Technology
2022-11-29,AMZN,97.5542,6028300,Technology
2022-11-29,AVGO,626.1523,10356883,Technology
2022-11-29,GOOGL,87.89,13235016,Technology
2022-11-29,META,363.3099,16409233,Technology
2022-11-29,MSFT,321.6568,6832308,Technology
2022-11-29,NFLX,651.7726,15266064,Technology
2022-11-29,NVDA,275.3191,15446527,Technology
2022-11-29,ORCL,106.8718,6059357,Technology
2022-11-29,TSLA,196.464,10422327,Technology
2022-11-30,AAPL,169.5144,18287092,Technology
2022-11-30,AMZN,97.853,17499732,Technology
2022-11-30,AVGO,619.6565,11664805,Technology
2022-11-30,GOOGL,87.2675,7230430,Technology
2022-11-30,META,371.3444,4214815,Technology
2022-11-30,MSFT,319.1338,14126094,Technology
2022-11-30,NFLX,654.953,11603772,Technology
2022-11-30,NVDA,279.1168,12872951,Technology
2022-11-30,ORCL,107.6922,2763106,Technology
2022-11-30,TSLA,189.5752,15015174,Technology
2022-12-01,AAPL,166.4467,17421176,Technology
2022-12-01,AMZN,95.1653,9057384,Technology
2022-12-01,AVGO,621.6391,13410302,Technology
2022-12-01,GOOGL,86.1959,19664038,Technology
2022-12-01,META,374.7458,4901784,Technology
2022-12-01,MSFT,312.5588,5386939,Technology
2022-12-01,NFLX,664.768,9102926,Technology
2022-12-01,NVDA,281.3547,11618768,Technology
2022-12-01,ORCL,107.8957,4747353,Technology
2022-12-01,TSLA,187.3758,8439457,Technology
2022-12-02,AAPL,164.7268,15780702,Technology
2022-12-02,AMZN,92.8073,14593063,Technology
2022-12-02,AVGO,613.3718,5535664,Technology
2022-12-02,GOOGL,87.8215,13701554,Technology
2022-12-02,META,378.3423,12124931,Technology
2022-12-02,MSFT,307.7355,15710535,Technology
2022-12-02,NFLX,653.18,13693795,Technology
2022-12-02,NVDA,279.4607,2105247,Technology
2022-12-02,ORCL,108.8418,17668696,Technology
2022-12-02,TSLA,200.4988,17405112,Technology
2022-12-05,AAPL,164.6342,8331658,Technology
2022-12-05,AMZN,91.4309,17883270,Technology
2022-12-05,AVGO,616.6957,5553132,Technology
2022-12-05,GOOGL,89.3589,14497615,Technology
2022-12-05,META,379.579,19638711,Technology
2022-12-05,MSFT,307.0666,10629095,Technology
2022-12-05,NFLX,648.5092,2950970,Technology
2022-12-05,NVDA,282.4889,10588157,Technology
2022-12-05,ORCL,107.71,15607335,Technology
2022-12-05,TSLA,195.917,14712043,Technology
2022-12-06,AAPL,164.8959,15562552,Technology
2022-12-06,AMZN,89.1066,10159095,Technology
2022-12-06,AVGO,619.7234,11762639,Technology
2022-12-06,GOOGL,88.9793,7802865,Technology
2022-12-06,META,378.1267,11110669,Technology
2022-12-06,MSFT,302.1796,17650529,Technology
2022-12-06,NFLX,627.991,5236266,Technology
2022-12-06,NVDA,285.2679,14452512,Technology
2022-12-06,ORCL,107.7274,14064734,Technology
2022-12-06,TSLA,195.8844,9031237,Technology
2022-12-07,AAPL,168.4466,9542383,Technology
2022-12-07,AMZN,90.8317,8325934,Technology
2022-12-07,AVGO,622.5027,12247926,Technology
2022-12-07,GOOGL,89.9414,10646658,Technology
2022-12-07,META,372.3249,9614923,Technology
2022-12-07,MSFT,297.4228,2276006,Technology
2022-12-07,NFLX,642.7565,6328692,Technology
2022-12-07,NVDA,296.5675,12833973,Technology
2022-12-07,ORCL,109.9346,10860090,Technology
2022-12-07,TSLA,202.5474,8333606,Technology
2022-12-08,AAPL,163.8896,15455282,Technology
2022-12-08,AMZN,91.1996,10302350,Technology
2022-12-08,AVGO,634.0172,12470843,Technology
2022-12-08,GOOGL,90.8067,12271487,Technology
2022-12-08,META,379.1248,19014112,Technology
2022-12-08,MSFT,305.9833,18868875,Technology
2022-12-08,NFLX,628.5623,2913647,Technology
2022-12-08,NVDA,284.3582,10761004,Technology
2022-12-08,ORCL,110.2278,14053557,Technology
2022-12-08,TSLA,205.4502,14945763,Technology
2022-12-09,AAPL,160.9901,5969696,Technology
2022-12-09,AMZN,92.501,12879924,Technology
2022-12-09,AVGO,637.4742,17957314,Technology
2022-12-09,GOOGL,90.1342,15461637,Technology
2022-12-09,META,385.3109,19031863,Technology
2022-12-09,MSFT,308.0674,19992296,Technology
2022-12-09,NFLX,637.8563,3335112,Technology
2022-12-09,NVDA,272.1614,8493118,Technology
2022-12-09,ORCL,109.7046,2722340,Technology
2022-12-09,TSLA,201.1807,16160543,Technology
2022-12-12,AAPL,160.2027,5949589,Technology
2022-12-12,AMZN,94.8998,4293092,Technology
2022-12-12,AVGO,633.962,15993125,Technology
2022-12-12,GOOGL,88.9464,17145007,Technology
2022-12-12,META,385.4105,11349975,Technology
2022-12-12,MSFT,307.7492,10620575,Technology
2022-12-12,NFLX,627.0605,11702051,Technology
2022-12-12,NVDA,261.4216,14128456,Technology
2022-12-12,ORCL,108.1538,12614035,Technology
2022-12-12,TSLA,207.9903,7010122,Technology
2022-12-13,AAPL,159.7901,8050331,Technology
2022-12-13,AMZN,97.3127,16341639,Technology
2022-12-13,AVGO,640.4894,13059439,Technology
2022-12-13,GOOGL,88.3985,16549486,Technology
2022-12-13,META,387.7056,10008565,Technology
2022-12-13,MSFT,308.1566,5681236,Technology
2022-12-13,NFLX,639.3551,3683657,Technology
2022-12-13,NVDA,259.5181,7447819,Technology
2022-12-13,ORCL,108.6143,2128742,Technology
2022-12-13,TSLA,208.4022,9090717,Technology
2022-12-14,AAPL,160.091,14224553,Technology
2022-12-14,AMZN,99.1905,7865655,Technology
2022-12-14,AVGO,658.2251,10212579,Technology
2022-12-14,GOOGL,90.9349,11409139,Technology
2022-12-14,META,377.2233,12387286,Technology
2022-12-14,MSFT,313.7605,18472276,Technology
2022-12-14,NFLX,646.7787,6700523,Technology
2022-12-14,NVDA,254.4,4251610,Technology
2022-12-14,ORCL,110.302,14632835,Technology
2022-12-14,TSLA,204.0524,18490880,Technology
2022-12-15,AAPL,159.0689,10413022,Technology
2022-12-15,AMZN,97.4642,11589420,Technology
2022-12-15,AVGO,676.1735,12824374,Technology
2022-12-15,GOOGL,91.7216,14064575,Technology
2022-12-15,META,374.3701,19748351,Technology
2022-12-15,MSFT,307.2409,8851911,Technology
2022-12-15,NFLX,626.3422,2792334,Technology
2022-12-15,NVDA,257.32,2285934,Technology
2022-12-15,ORCL,109.2188,18174421,Technology
2022-12-15,TSLA,201.0777,10491541,Technology
2022-12-16,AAPL,159.9129,4297300,Technology
2022-12-16,AMZN,95.1322,9214696,Technology
2022-12-16,AVGO,676.5342,10866892,Technology
2022-12-16,GOOGL,91.8756,5598243,Technology
2022-12-16,META,366.3226,8338108,Technology
2022-12-16,MSFT,305.1754,11605702,Technology
2022-12-16,NFLX,620.3183,10829150,Technology
2022-12-16,NVDA,257.766,19469366,Technology
2022-12-16,ORCL,108.6247,4955225,Technology
2022-12-16,TSLA,197.2744,13861492,Technology
2022-12-19,AAPL,159.6244,9092364,Technology
2022-12-19,AMZN,93.2428,11863082,Technology
2022-12-19,AVGO,682.575,11255604,Technology
2022-12-19,GOOGL,91.9087,7159079,Technology
2022-12-19,META,361.7743,3782164,Technology
2022-12-19,MSFT,303.3698,11230697,Technology
2022-12-19,NFLX,623.9043,16220506,Technology
2022-12-19,NVDA,260.4304,13675217,Technology
2022-12-19,ORCL,109.0209,18473611,Technology
2022-12-19,TSLA,187.3026,15957163,Technology
2022-12-20,AAPL,159.3491,12159055,Technology
2022-12-20,AMZN,94.4224,19530051,Technology
2022-12-20,AVGO,694.5164,19125842,Technology
2022-12-20,GOOGL,91.1242,6510098,Technology
2022-12-20,META,360.743,16755739,Technology
2022-12-20,MSFT,305.897,10950991,Technology
2022-12-20,NFLX,619.0336,14577959,Technology
2022-12-20,NVDA,257.5984,13695316,Technology
2022-12-20,ORCL,110.6204,15396570,Technology
2022-12-20,TSLA,182.4275,11457810,Technology
2022-12-21,AAPL,162.5913,4442590,Technology
2022-12-21,AMZN,93.3684,16650482,Technology
2022-12-21,AVGO,687.9764,6482396,Technology
2022-12-21,GOOGL,92.271,7312530,Technology
2022-12-21,META,361.1914,7394766,Technology
2022-12-21,MSFT,315.1843,10450827,Technology
2022-12-21,NFLX,624.7393,9962257,Technology
2022-12-21,NVDA,250.4938,16220207,Technology
2022-12-21,ORCL,110.3106,11195833,Technology
2022-12-21,TSLA,185.2561,19193502,Technology
2022-12-22,AAPL,163.2342,10310571,Technology
2022-12-22,AMZN,94.3719,12637463,Technology
2022-12-22,AVGO,709.3404,6955190,Technology
2022-12-22,GOOGL,90.5089,15564691,Technology
2022-12-22,META,365.6971,16987300,Technology
2022-12-22,MSFT,322.0549,17115161,Technology
2022-12-22,NFLX,628.5015,9598203,Technology
2022-12-22,NVDA,253.7288,5436460,Technology
2022-12-22,ORCL,111.9874,4877539,Technology
2022-12-22,TSLA,188.2896,8265713,Technology
2022-12-23,AAPL,165.4447,5809885,Technology
2022-12-23,AMZN,94.7766,16171881,Technology
2022-12-23,AVGO,700.6191,9920788,Technology
2022-12-23,GOOGL,92.9797,3844640,Technology
2022-12-23,META,374.8866,5888719,Technology
2022-12-23,MSFT,325.6757,9450743,Technology
2022-12-23,NFLX,625.7954,15682512,Technology
2022-12-23,NVDA,251.9729,10531803,Technology
2022-12-23,ORCL,112.5603,8020743,Technology
2022-12-23,TSLA,184.8048,2808724,Technology
2022-12-26,AAPL,166.2384,7883224,Technology
2022-12-26,AMZN,93.1318,11801483,Technology
2022-12-26,AVGO,697.3167,19590121,Technology
2022-12-26,GOOGL,93.5279,17624636,Technology
2022-12-26,META,372.4239,8463172,Technology
2022-12-26,MSFT,323.7495,12125445,Technology
2022-12-26,NFLX,622.7389,10296185,Technology
2022-12-26,NVDA,258.0462,2392702,Technology
2022-12-26,ORCL,114.3456,7887045,Technology
2022-12-26,TSLA,181.6985,17336561,Technology
2022-12-27,AAPL,166.49,15536176,Technology
2022-12-27,AMZN,93.3718,3402099,Technology
2022-12-27,AVGO,709.7886,7745735,Technology
2022-12-27,GOOGL,93.3755,15363429,Technology
2022-12-27,META,379.3445,3338473,Technology
2022-12-27,MSFT,324.3358,6693933,Technology
2022-12-27,NFLX,608.3989,8078266,Technology
2022-12-27,NVDA,259.895,14646765,Technology
2022-12-27,ORCL,114.3236,7136871,Technology
2022-12-27,TSLA,182.8587,3911967,Technology
2022-12-28,AAPL,164.3115,16974637,Technology
2022-12-28,AMZN,95.7402,18755538,Technology
2022-12-28,AVGO,705.7136,19538379,Technology
2022-12-28,GOOGL,90.6121,12102869,Technology
2022-12-28,META,386.7058,6589412,Technology
2022-12-28,MSFT,326.8276,18825648,Technology
2022-12-28,NFLX,577.5367,2595910,Technology
2022-12-28,NVDA,262.9449,19349603,Technology
2022-12-28,ORCL,115.0361,2518714,Technology
2022-12-28,TSLA,184.6471,18816210,Technology
2022-12-29,AAPL,164.3883,2348899,Technology
2022-12-29,AMZN,94.0995,12658936,Technology
2022-12-29,AVGO,699.4078,3180070,Technology
2022-12-29,GOOGL,90.8292,16378791,Technology
2022-12-29,META,375.0948,9201068,Technology
2022-12-29,MSFT,323.1084,4743405,Technology
2022-12-29,NFLX,580.3237,13967878,Technology
2022-12-29,NVDA,251.8718,12534072,Technology
2022-12-29,ORCL,113.4631,11212491,Technology
2022-12-29,TSLA,176.9902,19663911,Technology
2022-12-30,AAPL,165.4301,11709542,Technology
2022-12-30,AMZN,93.3069,10332351,Technology
2022-12-30,AVGO,700.9531,9776268,Technology
2022-12-30,GOOGL,93.24,7177495,Technology
2022-12-30,META,385.6158,3498573,Technology
2022-12-30,MSFT,321.1865,7937575,Technology
2022-12-30,NFLX,580.8499,2435729,Technology
2022-12-30,NVDA,254.0305,5624091,Technology
2022-12-30,ORCL,112.2903,9302434,Technology
2022-12-30,TSLA,178.147,16553998,Technology
2023-01-02,AAPL,167.6706,13702593,Technology
2023-01-02,AMZN,90.5718,5171132,Technology
2023-01-02,AVGO,692.6693,9977569,Technology
2023-01-02,GOOGL,91.6372,8975983,Technology
2023-01-02,META,385.5098,14501276,Technology
2023-01-02,MSFT,315.5904,10987426,Technology
2023-01-02,NFLX,582.1478,7804938,Technology
2023-01-02,NVDA,244.6369,2916599,Technology
2023-01-02,ORCL,112.4693,16483444,Technology
2023-01-02,TSLA,177.8443,18196297,Technology
2023-01-03,AAPL,167.7616,16062194,Technology
2023-01-03,AMZN,89.6375,19205902,Technology
2023-01-03,AVGO,716.7521,13481893,Technology
2023-01-03,GOOGL,88.9711,19220635,Technology
2023-01-03,META,393.3134,11646277,Technology
2023-01-03,MSFT,321.0706,13782943,Technology
2023-01-03,NFLX,580.0759,15636053,Technology
2023-01-03,NVDA,240.5241,2141737,Technology
2023-01-03,ORCL,112.8529,15370641,Technology
2023-01-03,TSLA,174.6499,5131963,Technology
2023-01-04,AAPL,165.5763,19093011,Technology
2023-01-04,AMZN,90.3357,16653200,Technology
2023-01-04,AVGO,710.004,16018252,Technology
2023-01-04,GOOGL,90.1446,11938242,Technology
2023-01-04,META,404.3771,19916466,Technology
2023-01-04,MSFT,319.9497,16788654,Technology
2023-01-04,NFLX,585.3629,3487386,Technology
2023-01-04,NVDA,235.0081,19630764,Technology
2023-01-04,ORCL,113.5124,12263725,Technology
2023-01-04,TSLA,180.4234,9561010,Technology
2023-01-05,AAPL,162.5005,5588492,Technology
2023-01-05,AMZN,90.684,15884180,Technology
2023-01-05,AVGO,708.5912,15731347,Technology
2023-01-05,GOOGL,89.999,2233374,Technology
2023-01-05,META,409.8316,14542452,Technology
2023-01-05,MSFT,317.1664,19397148,Technology
2023-01-05,NFLX,572.6418,5427596,Technology
2023-01-05,NVDA,229.2259,17275092,Technology
2023-01-05,ORCL,112.8883,15450914,Technology
2023-01-05,TSLA,175.7409,3158658,Technology
2023-01-06,AAPL,163.8874,4271977,Technology
2023-01-06,AMZN,89.4164,13882965,Technology
2023-01-06,AVGO,711.9757,7760285,Technology
2023-01-06,GOOGL,90.0146,16056648,Technology
2023-01-06,META,412.5841,13831724,Technology
2023-01-06,MSFT,314.3118,5028205,Technology
2023-01-06,NFLX,577.4712,16105694,Technology
2023-01-06,NVDA,228.8587,11977481,Technology
2023-01-06,ORCL,113.9208,17959738,Technology
2023-01-06,TSLA,174.141,17242433,Technology
2023-01-09,AAPL,164.146,14050259,Technology
2023-01-09,AMZN,90.6761,3629594,Technology
2023-01-09,AVGO,725.3856,11547191,Technology
2023-01-09,GOOGL,91.9258,17662125,Technology
2023-01-09,META,419.7645,16769147,Technology
2023-01-09,MSFT,310.7803,16309559,Technology
2023-01-09,NFLX,576.4443,11702564,Technology
2023-01-09,NVDA,222.2869,7233941,Technology
2023-01-09,ORCL,112.1679,16721485,Technology
2023-01-09,TSLA,172.8051,3311870,Technology
2023-01-10,AAPL,162.7533,14590369,Technology
2023-01-10,AMZN,92.0291,18258608,Technology
2023-01-10,AVGO,733.5365,12971480,Technology
2023-01-10,GOOGL,93.4205,14683323,Technology
2023-01-10,META,413.2932,4762845,Technology
2023-01-10,MSFT,314.0687,10789693,Technology
2023-01-10,NFLX,564.1616,15472491,Technology
2023-01-10,NVDA,216.8392,12638706,Technology
2023-01-10,ORCL,111.9014,13270117,Technology
2023-01-10,TSLA,173.3514,17132228,Technology
2023-01-11,AAPL,162.2177,15804165,Technology
2023-01-11,AMZN,89.0829,13450390,Technology
2023-01-11,AVGO,739.8398,12278151,Technology
2023-01-11,GOOGL,90.7489,13657382,Technology
2023-01-11,META,408.3777,19864081,Technology
2023-01-11,MSFT,319.9225,18504189,Technology
2023-01-11,NFLX,577.4091,12887673,Technology
2023-01-11,NVDA,217.4447,13006915,Technology
2023-01-11,ORCL,112.2681,12203238,Technology
2023-01-11,TSLA,167.505,18623915,Technology
2023-01-12,AAPL,163.8404,15462661,Technology
2023-01-12,AMZN,89.9716,4685895,Technology
2023-01-12,AVGO,744.0676,15795152,Technology
2023-01-12,GOOGL,90.8356,12860965,Technology
2023-01-12,META,406.8542,12864930,Technology
2023-01-12,MSFT,314.3304,3057176,Technology
2023-01-12,NFLX,571.7927,7631192,Technology
2023-01-12,NVDA,213.8001,10782226,Technology
2023-01-12,ORCL,113.0586,11199788,Technology
2023-01-12,TSLA,164.7507,8797321,Technology
2023-01-13,AAPL,166.6573,4061591,Technology
2023-01-13,AMZN,90.0086,11562604,Technology
2023-01-13,AVGO,750.135,16144600,Technology
2023-01-13,GOOGL,89.1545,15970641,Technology
2023-01-13,META,407.6734,3395442,Technology
2023-01-13,MSFT,312.9554,2608827,Technology
2023-01-13,NFLX,541.9795,14099214,Technology
2023-01-13,NVDA,206.1626,14857225,Technology
2023-01-13,ORCL,112.3939,7578228,Technology
2023-01-13,TSLA,170.553,19799675,Technology
2023-01-16,AAPL,169.2943,3945777,Technology
2023-01-16,AMZN,88.4962,5521999,Technology
2023-01-16,AVGO,760.3517,4828387,Technology
2023-01-16,GOOGL,90.2741,5193666,Technology
2023-01-16,META,410.4257,11870638,Technology
2023-01-16,MSFT,318.709,14027879,Technology
2023-01-16,NFLX,545.5063,7217512,Technology
2023-01-16,NVDA,201.6534,7685302,Technology
2023-01-16,ORCL,112.5948,8010776,Technology
2023-01-16,TSLA,168.0582,6544908,Technology
2023-01-17,AAPL,163.8296,2462211,Technology
2023-01-17,AMZN,89.7913,14267302,Technology
2023-01-17,AVGO,747.332,19220725,Technology
2023-01-17,GOOGL,90.0542,14287859,Technology
2023-01-17,META,413.1838,3187268,Technology
2023-01-17,MSFT,310.6704,15758099,Technology
2023-01-17,NFLX,534.6607,7258482,Technology
2023-01-17,NVDA,200.9928,3143190,Technology
2023-01-17,ORCL,113.4521,10992668,Technology
2023-01-17,TSLA,166.8546,9875267,Technology
2023-01-18,AAPL,162.6103,19247111,Technology
2023-01-18,AMZN,89.0211,18437676,Technology
2023-01-18,AVGO,764.9552,16197475,Technology
2023-01-18,GOOGL,90.4076,11249243,Technology
2023-01-18,META,408.5425,8003312,Technology
2023-01-18,MSFT,304.2072,6165801,Technology
2023-01-18,NFLX,541.5065,4662985,Technology
2023-01-18,NVDA,204.7461,10520083,Technology
2023-01-18,ORCL,113.0669,10241918,Technology
2023-01-18,TSLA,166.276,4917612,Technology
2023-01-19,AAPL,165.8678,9139779,Technology
2023-01-19,AMZN,90.8539,7481902,Technology
2023-01-19,AVGO,763.1944,16035588,Technology
2023-01-19,GOOGL,91.2124,8789568,Technology
2023-01-19,META,402.961,6918554,Technology
2023-01-19,MSFT,308.3368,14729052,Technology
2023-01-19,NFLX,552.1405,14026584,Technology
2023-01-19,NVDA,201.9922,10906198,Technology
2023-01-19,ORCL,110.9632,9033579,Technology
2023-01-19,TSLA,169.0409,16649079,Technology
2023-01-20,AAPL,165.7577,14431059,Technology
2023-01-20,AMZN,92.4365,19686445,Technology
2023-01-20,AVGO,760.09,10495670,Technology
2023-01-20,GOOGL,89.6725,4341197,Technology
2023-01-20,META,406.7822,2177539,Technology
2023-01-20,MSFT,313.2417,8717612,Technology
2023-01-20,NFLX,544.5511,11399998,Technology
2023-01-20,NVDA,205.9569,14555259,Technology
2023-01-20,ORCL,111.0581,10643160,Technology
2023-01-20,TSLA,170.0868,12477943,Technology
2023-01-23,AAPL,164.9484,13290363,Technology
2023-01-23,AMZN,91.8884,8196763,Technology
2023-01-23,AVGO,788.4871,17412275,Technology
2023-01-23,GOOGL,90.4488,12511749,Technology
2023-01-23,META,402.8263,8788807,Technology
2023-01-23,MSFT,313.6759,13121034,Technology
2023-01-23,NFLX,542.8714,15823767,Technology
2023-01-23,NVDA,204.5571,2374524,Technology
2023-01-23,ORCL,108.0798,12741326,Technology
2023-01-23,TSLA,167.5456,13324081,Technology
2023-01-24,AAPL,168.2258,17305278,Technology
2023-01-24,AMZN,92.094,19755589,Technology
2023-01-24,AVGO,786.5078,8006998,Technology
2023-01-24,GOOGL,90.4422,14774407,Technology
2023-01-24,META,410.2502,3890049,Technology
2023-01-24,MSFT,311.0125,10697674,Technology
2023-01-24,NFLX,553.8561,7201589,Technology
2023-01-24,NVDA,204.0252,8189253,Technology
2023-01-24,ORCL,108.6381,18880853,Technology
2023-01-24,TSLA,166.2136,16580159,Technology
2023-01-25,AAPL,170.7394,12807409,Technology
2023-01-25,AMZN,92.2372,9275553,Technology
2023-01-25,AVGO,793.5093,8370804,Technology
2023-01-25,GOOGL,91.6886,4786502,Technology
2023-01-25,META,408.8704,18661445,Technology
2023-01-25,MSFT,306.3185,10781378,Technology
2023-01-25,NFLX,569.2708,13189789,Technology
2023-01-25,NVDA,207.0378,6177856,Technology
2023-01-25,ORCL,106.8032,3398134,Technology
2023-01-25,TSLA,163.8183,18079238,Technology
2023-01-26,AAPL,175.8073,16087436,Technology
2023-01-26,AMZN,93.1847,8646012,Technology
2023-01-26,AVGO,793.4492,9655362,Technology
2023-01-26,GOOGL,92.4112,2915397,Technology
2023-01-26,META,414.615,7517891,Technology
2023-01-26,MSFT,311.5112,2213317,Technology
2023-01-26,NFLX,579.2681,2726896,Technology
2023-01-26,NVDA,209.0907,8104753,Technology
2023-01-26,ORCL,106.8479,2561598,Technology
2023-01-26,TSLA,161.2032,11838455,Technology
2023-01-27,AAPL,180.7778,8249667,Technology
2023-01-27,AMZN,94.1719,11879932,Technology
2023-01-27,AVGO,779.9369,9083759,Technology
2023-01-27,GOOGL,93.4499,18782873,Technology
2023-01-27,META,426.0767,16784178,Technology
2023-01-27,MSFT,311.88,11529517,Technology
2023-01-27,NFLX,582.3009,9824418,Technology
2023-01-27,NVDA,219.1492,12837802,Technology
2023-01-27,ORCL,106.8879,2900504,Technology
2023-01-27,TSLA,164.4386,3295372,Technology
2023-01-30,AAPL,178.6843,11107294,Technology
2023-01-30,AMZN,96.5676,16773559,Technology
2023-01-30,AVGO,761.94,9273459,Technology
2023-01-30,GOOGL,91.9393,10829916,Technology
2023-01-30,META,416.2709,14608199,Technology
2023-01-30,MSFT,310.3069,2308566,Technology
2023-01-30,NFLX,596.6317,2050320,Technology
2023-01-30,NVDA,223.1954,4360854,Technology
2023-01-30,ORCL,107.9337,2000170,Technology
2023-01-30,TSLA,167.1182,18397793,Technology
2023-01-31,AAPL,179.8297,8142161,Technology
2023-01-31,AMZN,97.4448,8466403,Technology
2023-01-31,AVGO,772.5631,19436239,Technology
2023-01-31,GOOGL,90.6226,12308185,Technology
2023-01-31,META,417.0075,17577170,Technology
2023-01-31,MSFT,321.4393,16636829,Technology
2023-01-31,NFLX,599.3742,6703135,Technology
2023-01-31,NVDA,217.3697,7281092,Technology
2023-01-31,ORCL,108.0283,10011091,Technology
2023-01-31,TSLA,173.378,13560182,Technology
2023-02-01,AAPL,182.6693,3899699,Technology
2023-02-01,AMZN,99.6196,6234341,Technology
2023-02-01,AVGO,759.3584,19549743,Technology
2023-02-01,GOOGL,89.1595,7721462,Technology
2023-02-01,META,406.8395,18138264,Technology
2023-02-01,MSFT,318.1225,18375920,Technology
2023-02-01,NFLX,600.0075,8146804,Technology
2023-02-01,NVDA,214.6307,16995453,Technology
2023-02-01,ORCL,107.6099,3750188,Technology
2023-02-01,TSLA,165.24,12266661,Technology
2023-02-02,AAPL,178.9163,19294176,Technology
2023-02-02,AMZN,97.0618,14639993,Technology
2023-02-02,AVGO,777.1858,15806874,Technology
2023-02-02,GOOGL,91.0126,5959316,Technology
2023-02-02,META,403.5773,5073453,Technology
2023-02-02,MSFT,311.6273,3926295,Technology
2023-02-02,NFLX,610.3053,8506401,Technology
2023-02-02,NVDA,203.1815,14115931,Technology
2023-02-02,ORCL,104.3687,8624895,Technology
2023-02-02,TSLA,165.4772,10527191,Technology
2023-02-03,AAPL,175.916,14731555,Technology
2023-02-03,AMZN,95.9637,8890213,Technology
2023-02-03,AVGO,796.8028,5754962,Technology
2023-02-03,GOOGL,91.2516,11092526,Technology
2023-02-03,META,410.8705,8213111,Technology
2023-02-03,MSFT,313.675,5454777,Technology
2023-02-03,NFLX,597.2386,9293300,Technology
2023-02-03,NVDA,202.5733,16395591,Technology
2023-02-03,ORCL,102.3603,15353236,Technology
2023-02-03,TSLA,162.09,12056551,Technology
2023-02-06,AAPL,172.5312,9838768,Technology
2023-02-06,AMZN,96.8823,8868170,Technology
2023-02-06,AVGO,799.5912,14900108,Technology
2023-02-06,GOOGL,91.7541,9486762,Technology
2023-02-06,META,408.4152,15343348,Technology
2023-02-06,MSFT,315.1491,11476207,Technology
2023-02-06,NFLX,596.2801,12134027,Technology
2023-02-06,NVDA,194.8266,17201563,Technology
2023-02-06,ORCL,99.7892,8710777,Technology
2023-02-06,TSLA,166.6455,4481723,Technology
2023-02-07,AAPL,171.9891,6861483,Technology
2023-02-07,AMZN,94.5905,10547685,Technology
2023-02-07,AVGO,796.5146,7793224,Technology
2023-02-07,GOOGL,91.1981,5981565,Technology
2023-02-07,META,417.8831,12703105,Technology
2023-02-07,MSFT,316.594,9144135,Technology
2023-02-07,NFLX,597.1816,6849367,Technology
2023-02-07,NVDA,192.4645,15486577,Technology
2023-02-07,ORCL,99.4827,7354458,Technology
2023-02-07,TSLA,170.7098,8770128,Technology
2023-02-08,AAPL,165.8686,16547585,Technology
2023-02-08,AMZN,93.9654,5388083,Technology
2023-02-08,AVGO,808.7121,16236559,Technology
2023-02-08,GOOGL,91.0914,5840368,Technology
2023-02-08,META,416.0344,17293340,Technology
2023-02-08,MSFT,313.7748,8714928,Technology
2023-02-08,NFLX,603.6278,6101205,Technology
2023-02-08,NVDA,190.2279,14007016,Technology
2023-02-08,ORCL,101.2102,2629869,Technology
2023-02-08,TSLA,172.607,3275617,Technology
2023-02-09,AAPL,163.3669,9840340,Technology
2023-02-09,AMZN,91.2855,17119328,Technology
2023-02-09,AVGO,801.4854,5590138,Technology
2023-02-09,GOOGL,90.4872,5932015,Technology
2023-02-09,META,412.0522,2170954,Technology
2023-02-09,MSFT,309.5597,19824194,Technology
2023-02-09,NFLX,597.0336,8591791,Technology
2023-02-09,NVDA,192.3027,12903482,Technology
2023-02-09,ORCL,101.7199,10224697,Technology
2023-02-09,TSLA,179.3047,7368085,Technology
2023-02-10,AAPL,162.8322,15158471,Technology
2023-02-10,AMZN,93.6614,4776811,Technology
2023-02-10,AVGO,816.4545,5869637,Technology
2023-02-10,GOOGL,91.6367,15547802,Technology
2023-02-10,META,412.7478,11244177,Technology
2023-02-10,MSFT,312.6052,6065430,Technology
2023-02-10,NFLX,611.6306,16788407,Technology
2023-02-10,NVDA,194.5028,3816267,Technology
2023-02-10,ORCL,102.2026,18780421,Technology
2023-02-10,TSLA,183.0497,4122694,Technology
2023-02-13,AAPL,162.4081,16953158,Technology
2023-02-13,AMZN,96.0698,4416994,Technology
2023-02-13,AVGO,791.0897,3923022,Technology
2023-02-13,GOOGL,87.1155,16826391,Technology
2023-02-13,META,415.1318,8818411,Technology
2023-02-13,MSFT,309.5859,13767242,Technology
2023-02-13,NFLX,614.3365,2753716,Technology
2023-02-13,NVDA,182.8781,7465734,Technology
2023-02-13,ORCL,104.9285,4165850,Technology
2023-02-13,TSLA,183.8605,7956556,Technology
2023-02-14,AAPL,166.9101,3559932,Technology
2023-02-14,AMZN,96.0693,3291427,Technology
2023-02-14,AVGO,790.9845,6376480,Technology
2023-02-14,GOOGL,86.3062,19660397,Technology
2023-02-14,META,418.6337,15237602,Technology
2023-02-14,MSFT,302.5917,17447944,Technology
2023-02-14,NFLX,604.2384,14857185,Technology
2023-02-14,NVDA,189.4828,5769792,Technology
2023-02-14,ORCL,104.6566,13460776,Technology
2023-02-14,TSLA,190.1043,6032382,Technology
2023-02-15,AAPL,168.2878,10364752,Technology
2023-02-15,AMZN,98.7058,10760624,Technology
2023-02-15,AVGO,784.7337,14982751,Technology
2023-02-15,GOOGL,88.2584,10022010,Technology
2023-02-15,META,430.8278,19540997,Technology
2023-02-15,MSFT,302.8479,8826752,Technology
2023-02-15,NFLX,602.0622,5742497,Technology
2023-02-15,NVDA,190.3972,17856309,Technology
2023-02-15,ORCL,106.8069,17845230,Technology
2023-02-15,TSLA,200.1647,6524873,Technology
2023-02-16,AAPL,167.1877,12985970,Technology
2023-02-16,AMZN,99.0096,9861232,Technology
2023-02-16,AVGO,797.8549,10457691,Technology
2023-02-16,GOOGL,88.3981,18280936,Technology
2023-02-16,META,435.2271,14735043,Technology
2023-02-16,MSFT,301.258,11948625,Technology
2023-02-16,NFLX,599.8933,9383302,Technology
2023-02-16,NVDA,190.783,8426789,Technology
2023-02-16,ORCL,106.1586,18776777,Technology
2023-02-16,TSLA,196.1018,14658919,Technology
2023-02-17,AAPL,166.8703,17317151,Technology
2023-02-17,AMZN,99.7559,13560372,Technology
2023-02-17,AVGO,802.0674,13869528,Technology
2023-02-17,GOOGL,87.0334,19260142,Technology
2023-02-17,META,435.3992,14722161,Technology
2023-02-17,MSFT,301.9151,5084904,Technology
2023-02-17,NFLX,608.7835,13125639,Technology
2023-02-17,NVDA,195.2131,18100234,Technology
2023-02-17,ORCL,106.464,15046562,Technology
2023-02-17,TSLA,205.1999,19426066,Technology
2023-02-20,AAPL,167.3506,5273117,Technology
2023-02-20,AMZN,99.752,9485398,Technology
2023-02-20,AVGO,801.7179,14380417,Technology
2023-02-20,GOOGL,85.8721,14285924,Technology
2023-02-20,META,446.8403,5295881,Technology
2023-02-20,MSFT,302.2528,10997451,Technology
2023-02-20,NFLX,598.136,16157418,Technology
2023-02-20,NVDA,202.1343,2575460,Technology
2023-02-20,ORCL,107.0409,10194402,Technology
2023-02-20,TSLA,209.5647,3345988,Technology
2023-02-21,AAPL,168.4304,8126099,Technology
2023-02-21,AMZN,96.9142,12879731,Technology
2023-02-21,AVGO,814.5373,7042567,Technology
2023-02-21,GOOGL,84.6665,19009778,Technology
2023-02-21,META,462.0912,11040126,Technology
2023-02-21,MSFT,296.106,12185419,Technology
2023-02-21,NFLX,613.4761,13452409,Technology
2023-02-21,NVDA,206.6431,13116132,Technology
2023-02-21,ORCL,108.5588,6916421,Technology
2023-02-21,TSLA,200.4937,18772562,Technology
2023-02-22,AAPL,172.6206,17845759,Technology
2023-02-22,AMZN,97.7457,9662675,Technology
2023-02-22,AVGO,806.7463,12920687,Technology
2023-02-22,GOOGL,87.2462,8945766,Technology
2023-02-22,META,460.8504,6964813,Technology
2023-02-22,MSFT,298.9743,17443285,Technology
2023-02-22,NFLX,615.4912,18894746,Technology
2023-02-22,NVDA,208.6874,4172384,Technology
2023-02-22,ORCL,107.2667,2406061,Technology
2023-02-22,TSLA,196.0767,11000846,Technology
2023-02-23,AAPL,172.1287,2182720,Technology
2023-02-23,AMZN,98.6314,11936900,Technology
2023-02-23,AVGO,802.8872,13513315,Technology
2023-02-23,GOOGL,86.2436,18404046,Technology
2023-02-23,META,442.2042,17864978,Technology
2023-02-23,MSFT,303.0577,2765931,Technology
2023-02-23,NFLX,622.1628,3161261,Technology
2023-02-23,NVDA,209.4289,8125835,Technology
2023-02-23,ORCL,106.8589,14452427,Technology
2023-02-23,TSLA,194.786,14555322,Technology
2023-02-24,AAPL,170.376,19065126,Technology
2023-02-24,AMZN,100.4804,10100823,Technology
2023-02-24,AVGO,807.4494,6968831,Technology
2023-02-24,GOOGL,86.0099,16797963,Technology
2023-02-24,META,451.0969,16652418,Technology
2023-02-24,MSFT,305.9325,5805507,Technology
2023-02-24,NFLX,619.272,6820592,Technology
2023-02-24,NVDA,213.1074,8394337,Technology
2023-02-24,ORCL,106.7009,5878560,Technology
2023-02-24,TSLA,195.8285,3995740,Technology
2023-02-27,AAPL,173.7384,10794401,Technology
2023-02-27,AMZN,99.8477,12882318,Technology
2023-02-27,AVGO,787.8293,3998554,Technology
2023-02-27,GOOGL,84.3965,10020024,Technology
2023-02-27,META,445.4554,19054183,Technology
2023-02-27,MSFT,311.705,10559005,Technology
2023-02-27,NFLX,625.0936,9050178,Technology
2023-02-27,NVDA,222.479,6814842,Technology
2023-02-27,ORCL,105.7252,2668901,Technology
2023-02-27,TSLA,185.1353,6734955,Technology
2023-02-28,AAPL,175.8227,15646963,Technology
2023-02-28,AMZN,100.7463,12402893,Technology
2023-02-28,AVGO,809.0916,4417125,Technology
2023-02-28,GOOGL,86.0395,2789329,Technology
2023-02-28,META,461.2918,9317266,Technology
2023-02-28,MSFT,305.6173,2838115,Technology
2023-02-28,NFLX,627.1416,17028167,Technology
2023-02-28,NVDA,225.5577,4721210,Technology
2023-02-28,ORCL,106.4877,9784775,Technology
2023-02-28,TSLA,187.0652,2539604,Technology
2023-03-01,AAPL,174.6263,10834784,Technology
2023-03-01,AMZN,101.506,11031118,Technology
2023-03-01,AVGO,809.4431,15954372,Technology
2023-03-01,GOOGL,86.7471,11250104,Technology
2023-03-01,META,459.9441,3430547,Technology
2023-03-01,MSFT,313.8563,18187609,Technology
2023-03-01,NFLX,637.7337,11527213,Technology
2023-03-01,NVDA,223.5441,14050746,Technology
2023-03-01,ORCL,105.7347,2238843,Technology
2023-03-01,TSLA,185.2107,8021742,Technology
2023-03-02,AAPL,171.442,16272791,Technology
2023-03-02,AMZN,100.5056,9395080,Technology
2023-03-02,AVGO,798.3346,9447992,Technology
2023-03-02,GOOGL,86.2699,19067812,Technology
2023-03-02,META,463.5662,15139154,Technology
2023-03-02,MSFT,318.2017,12143177,Technology
2023-03-02,NFLX,648.409,2089491,Technology
2023-03-02,NVDA,218.2172,14715288,Technology
2023-03-02,ORCL,105.9241,18153346,Technology
2023-03-02,TSLA,188.3296,15765246,Technology
2023-03-03,AAPL,172.953,14452168,Technology
2023-03-03,AMZN,98.9802,19608202,Technology
2023-03-03,AVGO,802.9148,7379401,Technology
2023-03-03,GOOGL,87.906,11683546,Technology
2023-03-03,META,468.6592,3033407,Technology
2023-03-03,MSFT,327.6668,7660724,Technology
2023-03-03,NFLX,642.4361,17425023,Technology
2023-03-03,NVDA,223.0064,10228441,Technology
2023-03-03,ORCL,104.1636,17774764,Technology
2023-03-03,TSLA,192.1837,15209708,Technology
2023-03-06,AAPL,173.994,7511708,Technology
2023-03-06,AMZN,98.5595,12226692,Technology
2023-03-06,AVGO,809.2581,5599897,Technology
2023-03-06,GOOGL,90.8014,2131950,Technology
2023-03-06,META,466.96,15381370,Technology
2023-03-06,MSFT,329.8404,19306445,Technology
2023-03-06,NFLX,636.4723,5194011,Technology
2023-03-06,NVDA,220.8425,17148745,Technology
2023-03-06,ORCL,101.5492,14778231,Technology
2023-03-06,TSLA,196.8835,18635136,Technology
2023-03-07,AAPL,171.6858,11556594,Technology
2023-03-07,AMZN,98.3693,10667592,Technology
2023-03-07,AVGO,817.8875,12309197,Technology
2023-03-07,GOOGL,92.6929,15924480,Technology
2023-03-07,META,457.3309,17738353,Technology
2023-03-07,MSFT,323.8869,14828805,Technology
2023-03-07,NFLX,649.613,18756196,Technology
2023-03-07,NVDA,222.7818,12990305,Technology
2023-03-07,ORCL,101.4101,6811119,Technology
2023-03-07,TSLA,191.7098,6241109,Technology
2023-03-08,AAPL,170.4459,9659068,Technology
2023-03-08,AMZN,97.6218,14428950,Technology
2023-03-08,AVGO,823.4111,15730168,Technology
2023-03-08,GOOGL,93.5536,17569115,Technology
2023-03-08,META,454.0657,19318993,Technology
2023-03-08,MSFT,320.3911,9169328,Technology
2023-03-08,NFLX,645.6305,11281940,Technology
2023-03-08,NVDA,224.4486,16078812,Technology
2023-03-08,ORCL,100.6269,14082366,Technology
2023-03-08,TSLA,183.3538,3312414,Technology
2023-03-09,AAPL,170.485,14651388,Technology
2023-03-09,AMZN,99.3485,19704423,Technology
2023-03-09,AVGO,822.6905,7245548,Technology
2023-03-09,GOOGL,93.0021,11679575,Technology
2023-03-09,META,445.0449,15154352,Technology
2023-03-09,MSFT,322.7472,6328499,Technology
2023-03-09,NFLX,631.788,11509783,Technology
2023-03-09,NVDA,233.3285,2755449,Technology
2023-03-09,ORCL,101.4058,14414153,Technology
2023-03-09,TSLA,192.8142,14655634,Technology
2023-03-10,AAPL,168.4402,6876495,Technology
2023-03-10,AMZN,101.5206,19706030,Technology
2023-03-10,AVGO,839.2227,2393332,Technology
2023-03-10,GOOGL,93.3343,14649371,Technology
2023-03-10,META,449.7901,10633807,Technology
2023-03-10,MSFT,324.0698,17023710,Technology
2023-03-10,NFLX,645.5617,3154986,Technology
2023-03-10,NVDA,230.4111,3897399,Technology
2023-03-10,ORCL,101.246,16586370,Technology
2023-03-10,TSLA,189.5202,15780336,Technology
2023-03-13,AAPL,168.5223,5466517,Technology
2023-03-13,AMZN,101.9094,3408222,Technology
2023-03-13,AVGO,840.2978,16146212,Technology
2023-03-13,GOOGL,95.7589,13638100,Technology
2023-03-13,META,419.9619,17985449,Technology
2023-03-13,MSFT,317.3481,7971137,Technology
2023-03-13,NFLX,645.1968,3179549,Technology
2023-03-13,NVDA,223.571,18397743,Technology
2023-03-13,ORCL,101.6311,12137815,Technology
2023-03-13,TSLA,202.5935,19098340,Technology
2023-03-14,AAPL,169.8114,4151985,Technology
2023-03-14,AMZN,100.0445,18018478,Technology
2023-03-14,AVGO,835.6787,14805248,Technology
2023-03-14,GOOGL,95.423,18915520,Technology
2023-03-14,META,417.4223,14561875,Technology
2023-03-14,MSFT,323.1438,15600966,Technology
2023-03-14,NFLX,652.2787,14539601,Technology
2023-03-14,NVDA,216.4984,4826585,Technology
2023-03-14,ORCL,101.6419,17425967,Technology
2023-03-14,TSLA,205.7977,12766657,Technology
2023-03-15,AAPL,165.9774,5332697,Technology
2023-03-15,AMZN,101.7185,15350349,Technology
2023-03-15,AVGO,825.8053,18291862,Technology
2023-03-15,GOOGL,95.4403,10266054,Technology
2023-03-15,META,408.4293,18395955,Technology
2023-03-15,MSFT,331.3089,15034944,Technology
2023-03-15,NFLX,645.4726,5075680,Technology
2023-03-15,NVDA,215.3268,11106139,Technology
2023-03-15,ORCL,99.8906,16255347,Technology
2023-03-15,TSLA,204.2551,11925654,Technology
2023-03-16,AAPL,165.1887,5894923,Technology
2023-03-16,AMZN,102.7909,19287398,Technology
2023-03-16,AVGO,850.0076,10025126,Technology
2023-03-16,GOOGL,94.6466,7970876,Technology
2023-03-16,META,414.5423,15426510,Technology
2023-03-16,MSFT,341.3874,11014271,Technology
2023-03-16,NFLX,639.2491,12285567,Technology
2023-03-16,NVDA,220.4342,15185934,Technology
2023-03-16,ORCL,99.2346,14880247,Technology
2023-03-16,TSLA,202.9575,19038812,Technology
2023-03-17,AAPL,161.5839,19578926,Technology
2023-03-17,AMZN,105.0164,16365768,Technology
2023-03-17,AVGO,856.8836,10429875,Technology
2023-03-17,GOOGL,95.0841,16295866,Technology
2023-03-17,META,411.907,15494023,Technology
2023-03-17,MSFT,343.0134,9867588,Technology
2023-03-17,NFLX,630.6036,9337541,Technology
2023-03-17,NVDA,226.2914,8022935,Technology
2023-03-17,ORCL,99.2085,3591487,Technology
2023-03-17,TSLA,202.828,2640801,Technology
2023-03-20,AAPL,162.0329,11443463,Technology
2023-03-20,AMZN,106.2506,7624994,Technology
2023-03-20,AVGO,851.4677,10294466,Technology
2023-03-20,GOOGL,95.3663,12045515,Technology
2023-03-20,META,400.1296,6396072,Technology
2023-03-20,MSFT,342.947,17096143,Technology
2023-03-20,NFLX,614.9013,4854671,Technology
2023-03-20,NVDA,230.67,4479904,Technology
2023-03-20,ORCL,98.2512,8611348,Technology
2023-03-20,TSLA,204.3573,11136876,Technology
2023-03-21,AAPL,161.907,5494116,Technology
2023-03-21,AMZN,107.86,16013488,Technology
2023-03-21,AVGO,841.6366,14673085,Technology
2023-03-21,GOOGL,94.4835,6655663,Technology
2023-03-21,META,398.9388,16820541,Technology
2023-03-21,MSFT,339.0049,19187451,Technology
2023-03-21,NFLX,615.7986,14905840,Technology
2023-03-21,NVDA,234.0232,9483497,Technology
2023-03-21,ORCL,98.9065,8718814,Technology
2023-03-21,TSLA,201.2364,7461530,Technology
2023-03-22,AAPL,163.0171,6094696,Technology
2023-03-22,AMZN,108.4508,10439638,Technology
2023-03-22,AVGO,859.5845,6596439,Technology
2023-03-22,GOOGL,94.0543,8984586,Technology
2023-03-22,META,380.4754,17845974,Technology
2023-03-22,MSFT,345.5294,9140654,Technology
2023-03-22,NFLX,627.7218,8628617,Technology
2023-03-22,NVDA,229.7026,15842596,Technology
2023-03-22,ORCL,97.5822,18232776,Technology
2023-03-22,TSLA,196.9644,17297003,Technology
2023-03-23,AAPL,163.2721,11614431,Technology
2023-03-23,AMZN,106.4257,15208661,Technology
2023-03-23,AVGO,859.9274,4145427,Technology
2023-03-23,GOOGL,93.0599,2304037,Technology
2023-03-23,META,370.8152,12932723,Technology
2023-03-23,MSFT,345.8646,6919886,Technology
2023-03-23,NFLX,625.9512,5849737,Technology
2023-03-23,NVDA,230.157,8143761,Technology
2023-03-23,ORCL,97.384,7772802,Technology
2023-03-23,TSLA,198.0323,2996417,Technology
2023-03-24,AAPL,163.7104,6937603,Technology
2023-03-24,AMZN,106.3064,9578289,Technology
2023-03-24,AVGO,857.3376,9394021,Technology
2023-03-24,GOOGL,92.007,14119377,Technology
2023-03-24,META,369.2108,19363652,Technology
2023-03-24,MSFT,344.9469,19866545,Technology
2023-03-24,NFLX,612.681,7572530,Technology
2023-03-24,NVDA,239.5527,11090409,Technology
2023-03-24,ORCL,95.9619,13507655,Technology
2023-03-24,TSLA,197.9079,15925038,Technology
2023-03-27,AAPL,166.6726,14553513,Technology
2023-03-27,AMZN,109.4837,7205751,Technology
2023-03-27,AVGO,845.1325,2864559,Technology
2023-03-27,GOOGL,90.1098,13130288,Technology
2023-03-27,META,362.6812,11423295,Technology
2023-03-27,MSFT,340.9212,18940571,Technology
2023-03-27,NFLX,613.8562,17721995,Technology
2023-03-27,NVDA,244.1194,15587213,Technology
2023-03-27,ORCL,94.7155,8697978,Technology
2023-03-27,TSLA,200.2673,17485300,Technology
2023-03-28,AAPL,166.2878,4273030,Technology
2023-03-28,AMZN,108.7111,2635872,Technology
2023-03-28,AVGO,854.9779,11511152,Technology
2023-03-28,GOOGL,89.721,15607290,Technology
2023-03-28,META,350.0995,6051234,Technology
2023-03-28,MSFT,341.3369,9773263,Technology
2023-03-28,NFLX,609.721,16796664,Technology
2023-03-28,NVDA,246.9603,8491581,Technology
2023-03-28,ORCL,95.5606,19703230,Technology
2023-03-28,TSLA,194.5929,14274941,Technology
2023-03-29,AAPL,168.2119,17708955,Technology
2023-03-29,AMZN,111.4752,15085490,Technology
2023-03-29,AVGO,869.3654,2291622,Technology
2023-03-29,GOOGL,87.9567,3306610,Technology
2023-03-29,META,361.5179,11246320,Technology
2023-03-29,MSFT,338.7185,3542494,Technology
2023-03-29,NFLX,602.0313,9017855,Technology
2023-03-29,NVDA,245.5719,15563129,Technology
2023-03-29,ORCL,95.6501,14107842,Technology
2023-03-29,TSLA,194.1836,2938527,Technology
2023-03-30,AAPL,166.2916,12333155,Technology
2023-03-30,AMZN,110.0508,12146712,Technology
2023-03-30,AVGO,861.0906,9869724,Technology
2023-03-30,GOOGL,86.9373,18704859,Technology
2023-03-30,META,367.5813,19144704,Technology
2023-03-30,MSFT,333.0353,13135086,Technology
2023-03-30,NFLX,632.1079,8384169,Technology
2023-03-30,NVDA,243.1017,9590999,Technology
2023-03-30,ORCL,95.0243,18009723,Technology
2023-03-30,TSLA,188.1034,15782267,Technology
2023-03-31,AAPL,163.9205,5318546,Technology
2023-03-31,AMZN,112.0571,5043426,Technology
2023-03-31,AVGO,877.4679,16369008,Technology
2023-03-31,GOOGL,88.7696,7424312,Technology
2023-03-31,META,361.6428,8719106,Technology
2023-03-31,MSFT,335.2364,3476684,Technology
2023-03-31,NFLX,632.5224,17592922,Technology
2023-03-31,NVDA,244.6111,9441369,Technology
2023-03-31,ORCL,94.518,19304955,Technology
2023-03-31,TSLA,186.4846,9683004,Technology
2023-04-03,AAPL,164.4833,2924780,Technology
2023-04-03,AMZN,112.9137,2929157,Technology
2023-04-03,AVGO,881.1927,16222475,Technology
2023-04-03,GOOGL,90.2488,3557093,Technology
2023-04-03,META,364.864,4038203,Technology
2023-04-03,MSFT,328.8286,4775977,Technology
2023-04-03,NFLX,613.7325,2761745,Technology
2023-04-03,NVDA,254.3976,9367567,Technology
2023-04-03,ORCL,93.5,3556020,Technology
2023-04-03,TSLA,181.8869,4479867,Technology
2023-04-04,AAPL,167.0205,16798081,Technology
2023-04-04,AMZN,116.4447,13237706,Technology
2023-04-04,AVGO,863.1731,13418729,Technology
2023-04-04,GOOGL,90.4196,9112038,Technology
2023-04-04,META,369.4627,11704153,Technology
2023-04-04,MSFT,327.5479,15313795,Technology
2023-04-04,NFLX,607.5587,14163516,Technology
2023-04-04,NVDA,244.0188,16302932,Technology
2023-04-04,ORCL,93.5064,18644943,Technology
2023-04-04,TSLA,172.9709,19685622,Technology
2023-04-05,AAPL,166.1478,9212733,Technology
2023-04-05,AMZN,116.2734,7162681,Technology
2023-04-05,AVGO,864.4679,15219808,Technology
2023-04-05,GOOGL,89.0026,13893016,Technology
2023-04-05,META,366.8186,15795450,Technology
2023-04-05,MSFT,321.8493,7700208,Technology
2023-04-05,NFLX,612.4276,8118752,Technology
2023-04-05,NVDA,246.9052,8511938,Technology
2023-04-05,ORCL,94.1357,13618354,Technology
2023-04-05,TSLA,176.528,8618756,Technology
2023-04-06,AAPL,169.1681,2964963,Technology
2023-04-06,AMZN,118.3578,17326014,Technology
2023-04-06,AVGO,830.5489,16050587,Technology
2023-04-06,GOOGL,87.4072,4454866,Technology
2023-04-06,META,371.2479,7283810,Technology
2023-04-06,MSFT,322.3451,7548814,Technology
2023-04-06,NFLX,609.047,19265931,Technology
2023-04-06,NVDA,250.0967,2179076,Technology
2023-04-06,ORCL,92.815,14246078,Technology
2023-04-06,TSLA,178.22,3042605,Technology
2023-04-07,AAPL,170.7591,4685556,Technology
2023-04-07,AMZN,119.5885,7001278,Technology
2023-04-07,AVGO,816.5833,11571723,Technology
2023-04-07,GOOGL,87.7012,9037866,Technology
2023-04-07,META,375.3537,5835187,Technology
2023-04-07,MSFT,322.7717,8478514,Technology
2023-04-07,NFLX,601.0619,18405793,Technology
2023-04-07,NVDA,250.8706,16512443,Technology
2023-04-07,ORCL,93.2557,18015336,Technology
2023-04-07,TSLA,182.7497,6176601,Technology
2023-04-10,AAPL,168.9749,19890526,Technology
2023-04-10,AMZN,120.7473,17441450,Technology
2023-04-10,AVGO,824.5513,3579144,Technology
2023-04-10,GOOGL,88.2177,19282416,Technology
2023-04-10,META,374.7522,5914337,Technology
2023-04-10,MSFT,322.6559,5373052,Technology
2023-04-10,NFLX,605.9232,8790880,Technology
2023-04-10,NVDA,253.2503,7666482,Technology
2023-04-10,ORCL,91.8867,19688853,Technology
2023-04-10,TSLA,180.0203,15454562,Technology
2023-04-11,AAPL,168.2934,4132128,Technology
2023-04-11,AMZN,122.0291,2255654,Technology
2023-04-11,AVGO,800.5706,18604943,Technology
2023-04-11,GOOGL,86.6597,4593359,Technology
2023-04-11,META,365.6361,7486756,Technology
2023-04-11,MSFT,325.0365,10079186,Technology
2023-04-11,NFLX,606.9547,9401449,Technology
2023-04-11,NVDA,252.6397,19675008,Technology
2023-04-11,ORCL,93.9596,4610908,Technology
2023-04-11,TSLA,178.367,17990036,Technology
2023-04-12,AAPL,168.6775,16233334,Technology
2023-04-12,AMZN,123.0601,12651862,Technology
2023-04-12,AVGO,769.8673,15534332,Technology
2023-04-12,GOOGL,85.4193,16310308,Technology
2023-04-12,META,374.8305,16863092,Technology
2023-04-12,MSFT,321.1254,2472714,Technology
2023-04-12,NFLX,605.6344,12362769,Technology
2023-04-12,NVDA,253.8568,15665462,Technology
2023-04-12,ORCL,93.1094,15406290,Technology
2023-04-12,TSLA,179.969,19836897,Technology
2023-04-13,AAPL,165.5591,6062368,Technology
2023-04-13,AMZN,123.9452,4720441,Technology
2023-04-13,AVGO,745.4913,15808075,Technology
2023-04-13,GOOGL,82.901,15127842,Technology
2023-04-13,META,370.7538,2637724,Technology
2023-04-13,MSFT,319.8445,8370457,Technology
2023-04-13,NFLX,614.8735,16664994,Technology
2023-04-13,NVDA,255.7679,13883171,Technology
2023-04-13,ORCL,94.4543,17319761,Technology
2023-04-13,TSLA,174.4065,2268174,Technology
2023-04-14,AAPL,163.1392,9968978,Technology
2023-04-14,AMZN,120.3807,6702546,Technology
2023-04-14,AVGO,737.1125,10123194,Technology
2023-04-14,GOOGL,80.8069,11963435,Technology
2023-04-14,META,361.339,10788796,Technology
2023-04-14,MSFT,324.6855,7839745,Technology
2023-04-14,NFLX,590.4994,15896664,Technology
2023-04-14,NVDA,248.3196,3040576,Technology
2023-04-14,ORCL,91.684,16261000,Technology
2023-04-14,TSLA,172.9551,3379010,Technology
2023-04-17,AAPL,162.8756,17482999,Technology
2023-04-17,AMZN,121.6515,14613947,Technology
2023-04-17,AVGO,741.4363,17849730,Technology
2023-04-17,GOOGL,82.9539,11991255,Technology
2023-04-17,META,363.6197,8403393,Technology
2023-04-17,MSFT,327.9934,8934282,Technology
2023-04-17,NFLX,590.0746,15154041,Technology
2023-04-17,NVDA,239.3666,13368936,Technology
2023-04-17,ORCL,90.3508,16844339,Technology
2023-04-17,TSLA,165.2356,4280886,Technology
2023-04-18,AAPL,164.908,13178491,Technology
2023-04-18,AMZN,118.0101,17516259,Technology
2023-04-18,AVGO,740.5753,3314464,Technology
2023-04-18,GOOGL,83.0722,12739787,Technology
2023-04-18,META,359.0987,8370069,Technology
2023-04-18,MSFT,327.0595,3524591,Technology
2023-04-18,NFLX,581.2636,11017456,Technology
2023-04-18,NVDA,237.7926,11356010,Technology
2023-04-18,ORCL,88.763,17853014,Technology
2023-04-18,TSLA,165.8069,8294014,Technology
2023-04-19,AAPL,164.8753,12973356,Technology
2023-04-19,AMZN,118.3975,8171263,Technology
2023-04-19,AVGO,723.77,13661117,Technology
2023-04-19,GOOGL,83.1888,11668736,Technology
2023-04-19,META,355.1461,2092779,Technology
2023-04-19,MSFT,331.2903,18220448,Technology
2023-04-19,NFLX,591.4256,5212183,Technology
2023-04-19,NVDA,230.4974,7323039,Technology
2023-04-19,ORCL,89.9832,19829070,Technology
2023-04-19,TSLA,166.9801,13793761,Technology
2023-04-20,AAPL,164.6172,5740182,Technology
2023-04-20,AMZN,119.417,18810953,Technology
2023-04-20,AVGO,716.5096,14466551,Technology
2023-04-20,GOOGL,84.2233,15469338,Technology
2023-04-20,META,358.5754,8381581,Technology
2023-04-20,MSFT,341.3163,12295287,Technology
2023-04-20,NFLX,601.2765,19504570,Technology
2023-04-20,NVDA,224.4251,11964987,Technology
2023-04-20,ORCL,88.7433,12358362,Technology
2023-04-20,TSLA,167.1558,12910229,Technology
2023-04-21,AAPL,159.1219,5798453,Technology
2023-04-21,AMZN,120.0397,4774705,Technology
2023-04-21,AVGO,728.6972,16763753,Technology
2023-04-21,GOOGL,83.9005,18263834,Technology
2023-04-21,META,355.8818,3824080,Technology
2023-04-21,MSFT,334.6024,5052492,Technology
2023-04-21,NFLX,600.5591,10382288,Technology
2023-04-21,NVDA,228.9146,7477814,Technology
2023-04-21,ORCL,88.4091,6584908,Technology
2023-04-21,TSLA,170.6794,10616624,Technology
2023-04-24,AAPL,158.5146,5128643,Technology
2023-04-24,AMZN,113.6049,15866620,Technology
2023-04-24,AVGO,726.8112,12345281,Technology
2023-04-24,GOOGL,83.2079,13626767,Technology
2023-04-24,META,353.1288,11257734,Technology
2023-04-24,MSFT,333.0285,7420362,Technology
2023-04-24,NFLX,602.8125,14388631,Technology
2023-04-24,NVDA,228.5917,2142240,Technology
2023-04-24,ORCL,86.0191,15314802,Technology
2023-04-24,TSLA,171.9565,6503579,Technology
2023-04-25,AAPL,157.5046,3351167,Technology
2023-04-25,AMZN,113.8066,6283053,Technology
2023-04-25,AVGO,728.137,2114371,Technology
2023-04-25,GOOGL,84.3072,11225948,Technology
2023-04-25,META,353.3581,4766791,Technology
2023-04-25,MSFT,334.8075,10876230,Technology
2023-04-25,NFLX,599.8062,2675737,Technology
2023-04-25,NVDA,217.7694,7036053,Technology
2023-04-25,ORCL,85.2679,14312192,Technology
2023-04-25,TSLA,173.2032,11785631,Technology
2023-04-26,AAPL,160.0039,12688601,Technology
2023-04-26,AMZN,111.288,5795421,Technology
2023-04-26,AVGO,729.5379,6054138,Technology
2023-04-26,GOOGL,84.8108,17025470,Technology
2023-04-26,META,358.9746,4801347,Technology
2023-04-26,MSFT,339.2611,9579842,Technology
2023-04-26,NFLX,598.7294,17353376,Technology
2023-04-26,NVDA,207.3277,14605311,Technology
2023-04-26,ORCL,85.5634,7858771,Technology
2023-04-26,TSLA,166.1996,8425249,Technology
2023-04-27,AAPL,160.1331,7242667,Technology
2023-04-27,AMZN,112.3219,15218499,Technology
2023-04-27,AVGO,727.8574,9688693,Technology
2023-04-27,GOOGL,85.6021,5497871,Technology
2023-04-27,META,364.5994,13819402,Technology
2023-04-27,MSFT,341.2543,10716163,Technology
2023-04-27,NFLX,595.6674,6298707,Technology
2023-04-27,NVDA,205.7106,10031402,Technology
2023-04-27,ORCL,84.4237,17056438,Technology
2023-04-27,TSLA,166.4653,18471815,Technology
2023-04-28,AAPL,160.6291,14653776,Technology
2023-04-28,AMZN,110.8268,15598710,Technology
2023-04-28,AVGO,727.7251,14141689,Technology
2023-04-28,GOOGL,86.5946,17340520,Technology
2023-04-28,META,365.7303,7387129,Technology
2023-04-28,MSFT,344.4163,6438621,Technology
2023-04-28,NFLX,602.378,15770835,Technology
2023-04-28,NVDA,207.4538,16190148,Technology
2023-04-28,ORCL,82.7743,11416178,Technology
2023-04-28,TSLA,167.7359,18945685,Technology
2023-05-01,AAPL,164.217,10172563,Technology
2023-05-01,AMZN,113.1048,4087898,Technology
2023-05-01,AVGO,736.3088,7879147,Technology
2023-05-01,GOOGL,88.7408,17324979,Technology
2023-05-01,META,372.7138,9710146,Technology
2023-05-01,MSFT,346.173,13250606,Technology
2023-05-01,NFLX,599.0203,8391142,Technology
2023-05-01,NVDA,213.1169,13736667,Technology
2023-05-01,ORCL,84.4594,16748496,Technology
2023-05-01,TSLA,174.2981,16043751,Technology
2023-05-02,AAPL,162.3069,16180904,Technology
2023-05-02,AMZN,114.1099,7424608,Technology
2023-05-02,AVGO,719.8179,15858700,Technology
2023-05-02,GOOGL,92.6713,10302773,Technology
2023-05-02,META,378.1546,3956509,Technology
2023-05-02,MSFT,343.8782,3925502,Technology
2023-05-02,NFLX,603.3223,7671328,Technology
2023-05-02,NVDA,210.1099,16068135,Technology
2023-05-02,ORCL,84.6583,9343972,Technology
2023-05-02,TSLA,172.669,11483195,Technology
2023-05-03,AAPL,157.6327,13251044,Technology
2023-05-03,AMZN,115.8558,15430709,Technology
2023-05-03,AVGO,724.6127,12339891,Technology
2023-05-03,GOOGL,90.8611,11893962,Technology
2023-05-03,META,390.2019,9894297,Technology
2023-05-03,MSFT,342.4109,7483843,Technology
2023-05-03,NFLX,596.3001,14759805,Technology
2023-05-03,NVDA,201.1337,9281102,Technology
2023-05-03,ORCL,85.6024,15528179,Technology
2023-05-03,TSLA,178.7821,6815634,Technology
2023-05-04,AAPL,154.9972,9652501,Technology
2023-05-04,AMZN,115.9392,8836414,Technology
2023-05-04,AVGO,710.339,17610376,Technology
2023-05-04,GOOGL,90.7643,3767643,Technology
2023-05-04,META,392.6449,8367279,Technology
2023-05-04,MSFT,346.3773,13163459,Technology
2023-05-04,NFLX,590.6586,4545489,Technology
2023-05-04,NVDA,202.5135,2665463,Technology
2023-05-04,ORCL,86.7723,10165773,Technology
2023-05-04,TSLA,177.1312,2971955,Technology
2023-05-05,AAPL,150.7946,11802122,Technology
2023-05-05,AMZN,113.5553,14700940,Technology
2023-05-05,AVGO,729.1949,4746886,Technology
2023-05-05,GOOGL,91.288,15060606,Technology
2023-05-05,META,388.9907,9811282,Technology
2023-05-05,MSFT,345.2716,16473376,Technology
2023-05-05,NFLX,595.6392,3839161,Technology
2023-05-05,NVDA,206.2449,8020872,Technology
2023-05-05,ORCL,87.7131,17018287,Technology
2023-05-05,TSLA,172.2241,18207656,Technology
2023-05-08,AAPL,148.1091,16879360,Technology
2023-05-08,AMZN,112.5333,17664999,Technology
2023-05-08,AVGO,730.6644,5268560,Technology
2023-05-08,GOOGL,90.0965,4307872,Technology
2023-05-08,META,379.6176,5572363,Technology
2023-05-08,MSFT,343.5022,16678558,Technology
2023-05-08,NFLX,608.0202,11471805,Technology
2023-05-08,NVDA,205.2493,4268101,Technology
2023-05-08,ORCL,88.2685,2010730,Technology
2023-05-08,TSLA,170.6187,7036109,Technology
2023-05-09,AAPL,144.5626,3285377,Technology
2023-05-09,AMZN,112.7486,2213534,Technology
2023-05-09,AVGO,723.1322,2472040,Technology
2023-05-09,GOOGL,90.2254,13798513,Technology
2023-05-09,META,390.9941,5412207,Technology
2023-05-09,MSFT,347.2125,17471152,Technology
2023-05-09,NFLX,616.6783,14982531,Technology
2023-05-09,NVDA,198.0918,19854631,Technology
2023-05-09,ORCL,87.8675,16284691,Technology
2023-05-09,TSLA,164.9521,5663988,Technology
2023-05-10,AAPL,145.5168,15481238,Technology
2023-05-10,AMZN,114.6709,14212881,Technology
2023-05-10,AVGO,705.5521,16030337,Technology
2023-05-10,GOOGL,91.7788,18202134,Technology
2023-05-10,META,398.2971,15390631,Technology
2023-05-10,MSFT,349.796,7771972,Technology
2023-05-10,NFLX,620.2866,12916216,Technology
2023-05-10,NVDA,197.8434,11932145,Technology
2023-05-10,ORCL,87.3817,4598399,Technology
2023-05-10,TSLA,172.3335,6149646,Technology
2023-05-11,AAPL,147.1056,12245726,Technology
2023-05-11,AMZN,113.7774,19311729,Technology
2023-05-11,AVGO,692.8516,11721372,Technology
2023-05-11,GOOGL,92.9363,7720146,Technology
2023-05-11,META,400.2938,18217960,Technology
2023-05-11,MSFT,349.5742,19051020,Technology
2023-05-11,NFLX,607.0434,5575139,Technology
2023-05-11,NVDA,199.8793,11384045,Technology
2023-05-11,ORCL,87.385,3299720,Technology
2023-05-11,TSLA,181.312,15354355,Technology
2023-05-12,AAPL,146.9315,14396203,Technology
2023-05-12,AMZN,113.5937,18518818,Technology
2023-05-12,AVGO,702.6397,7676052,Technology
2023-05-12,GOOGL,91.1312,7502158,Technology
2023-05-12,META,403.1003,10627309,Technology
2023-05-12,MSFT,350.9486,19362343,Technology
2023-05-12,NFLX,594.5576,5563822,Technology
2023-05-12,NVDA,200.1542,2502042,Technology
2023-05-12,ORCL,88.1447,9310157,Technology
2023-05-12,TSLA,182.434,16694834,Technology
2023-05-15,AAPL,148.0414,14595206,Technology
2023-05-15,AMZN,113.1292,13473634,Technology
2023-05-15,AVGO,700.1416,6141869,Technology
2023-05-15,GOOGL,91.7405,12515058,Technology
2023-05-15,META,407.5142,13974372,Technology
2023-05-15,MSFT,354.899,19437053,Technology
2023-05-15,NFLX,586.5542,5902080,Technology
2023-05-15,NVDA,197.7163,16338776,Technology
2023-05-15,ORCL,87.9197,16854175,Technology
2023-05-15,TSLA,186.7579,4555302,Technology
2023-05-16,AAPL,150.408,10888313,Technology
2023-05-16,AMZN,115.1423,18524756,Technology
2023-05-16,AVGO,702.8925,9637105,Technology
2023-05-16,GOOGL,90.5719,7693996,Technology
2023-05-16,META,406.8137,11902226,Technology
2023-05-16,MSFT,353.2458,10838131,Technology
2023-05-16,NFLX,579.193,6062916,Technology
2023-05-16,NVDA,195.1725,15934840,Technology
2023-05-16,ORCL,87.4782,16660898,Technology
2023-05-16,TSLA,193.9729,13698345,Technology
2023-05-17,AAPL,149.6164,3447953,Technology
2023-05-17,AMZN,114.6226,17450402,Technology
2023-05-17,AVGO,712.4448,6879402,Technology
2023-05-17,GOOGL,90.0857,9709533,Technology
2023-05-17,META,414.9574,16396761,Technology
2023-05-17,MSFT,360.2603,12365827,Technology
2023-05-17,NFLX,584.717,17882889,Technology
2023-05-17,NVDA,193.5764,15077166,Technology
2023-05-17,ORCL,87.3723,2423101,Technology
2023-05-17,TSLA,192.9924,10167733,Technology
2023-05-18,AAPL,151.8571,7801788,Technology
2023-05-18,AMZN,113.8868,3768982,Technology
2023-05-18,AVGO,720.1131,8396205,Technology
2023-05-18,GOOGL,91.1327,5987462,Technology
2023-05-18,META,413.5075,15759068,Technology
2023-05-18,MSFT,360.6568,16696901,Technology
2023-05-18,NFLX,595.3937,19211790,Technology
2023-05-18,NVDA,195.7847,3079023,Technology
2023-05-18,ORCL,87.9123,5342854,Technology
2023-05-18,TSLA,197.3227,2607611,Technology
2023-05-19,AAPL,152.5011,6506622,Technology
2023-05-19,AMZN,115.2462,13778179,Technology
2023-05-19,AVGO,717.2952,4471618,Technology
2023-05-19,GOOGL,91.1958,15316691,Technology
2023-05-19,META,406.8208,17871797,Technology
2023-05-19,MSFT,365.3859,9072832,Technology
2023-05-19,NFLX,582.1629,18526347,Technology
2023-05-19,NVDA,195.7707,8713619,Technology
2023-05-19,ORCL,88.034,15969221,Technology
2023-05-19,TSLA,201.196,7003411,Technology
2023-05-22,AAPL,157.1689,17047255,Technology
2023-05-22,AMZN,112.6766,15483636,Technology
2023-05-22,AVGO,727.5596,17014830,Technology
2023-05-22,GOOGL,88.8165,4417504,Technology
2023-05-22,META,389.3952,17175132,Technology
2023-05-22,MSFT,370.1868,12660086,Technology
2023-05-22,NFLX,573.0325,15651170,Technology
2023-05-22,NVDA,193.1138,2859191,Technology
2023-05-22,ORCL,88.7795,19118227,Technology
2023-05-22,TSLA,194.219,3520879,Technology
2023-05-23,AAPL,160.309,12353583,Technology
2023-05-23,AMZN,114.8063,15217642,Technology
2023-05-23,AVGO,720.4516,8752050,Technology
2023-05-23,GOOGL,89.8441,15193510,Technology
2023-05-23,META,389.2966,8999273,Technology
2023-05-23,MSFT,374.4391,11821323,Technology
2023-05-23,NFLX,565.47,7893939,Technology
2023-05-23,NVDA,190.4226,13717323,Technology
2023-05-23,ORCL,89.1502,9594515,Technology
2023-05-23,TSLA,200.3292,7023664,Technology
2023-05-24,AAPL,168.818,14101068,Technology
2023-05-24,AMZN,113.7616,8073318,Technology
2023-05-24,AVGO,702.9159,15318429,Technology
2023-05-24,GOOGL,90.9571,8457348,Technology
2023-05-24,META,392.1209,2380739,Technology
2023-05-24,MSFT,372.0668,19154083,Technology
2023-05-24,NFLX,557.1106,11012303,Technology
2023-05-24,NVDA,193.0706,15263456,Technology
2023-05-24,ORCL,88.4886,14560733,Technology
2023-05-24,TSLA,195.8702,17529910,Technology
2023-05-25,AAPL,166.0779,6851198,Technology
2023-05-25,AMZN,113.1333,14425009,Technology
2023-05-25,AVGO,709.6356,8847498,Technology
2023-05-25,GOOGL,89.933,7498492,Technology
2023-05-25,META,394.4835,4799755,Technology
2023-05-25,MSFT,366.6937,10309200,Technology
2023-05-25,NFLX,564.5947,9329554,Technology
2023-05-25,NVDA,195.7475,10156648,Technology
2023-05-25,ORCL,89.3479,7403878,Technology
2023-05-25,TSLA,192.2855,8923938,Technology
2023-05-26,AAPL,169.9519,10469014,Technology
2023-05-26,AMZN,114.2111,14110433,Technology
2023-05-26,AVGO,699.1279,5701380,Technology
2023-05-26,GOOGL,89.1695,12919297,Technology
2023-05-26,META,381.7815,6257088,Technology
2023-05-26,MSFT,365.5526,7243961,Technology
2023-05-26,NFLX,545.7289,18052830,Technology
2023-05-26,NVDA,203.651,19802001,Technology
2023-05-26,ORCL,88.8076,9713429,Technology
2023-05-26,TSLA,195.4797,5319682,Technology
2023-05-29,AAPL,171.0453,13727170,Technology
2023-05-29,AMZN,116.469,16970410,Technology
2023-05-29,AVGO,703.1461,8849087,Technology
2023-05-29,GOOGL,88.9354,17152273,Technology
2023-05-29,META,381.8768,14209585,Technology
2023-05-29,MSFT,360.8037,14471035,Technology
2023-05-29,NFLX,539.6944,2192094,Technology
2023-05-29,NVDA,202.9472,12180750,Technology
2023-05-29,ORCL,89.2978,12614434,Technology
2023-05-29,TSLA,196.452,9759529,Technology
2023-05-30,AAPL,172.449,12535933,Technology
2023-05-30,AMZN,117.4109,3870331,Technology
2023-05-30,AVGO,705.4207,5151742,Technology
2023-05-30,GOOGL,89.429,11695124,Technology
2023-05-30,META,371.1032,15273768,Technology
2023-05-30,MSFT,364.494,9364548,Technology
2023-05-30,NFLX,547.1849,19950735,Technology
2023-05-30,NVDA,208.0531,11599195,Technology
2023-05-30,ORCL,87.849,2753747,Technology
2023-05-30,TSLA,200.4778,11747885,Technology
2023-05-31,AAPL,171.7749,13426124,Technology
2023-05-31,AMZN,117.5258,10026959,Technology
2023-05-31,AVGO,701.1589,18439097,Technology
2023-05-31,GOOGL,88.8889,6738223,Technology
2023-05-31,META,387.3551,9817913,Technology
2023-05-31,MSFT,357.0123,10987457,Technology
2023-05-31,NFLX,564.2548,2529167,Technology
2023-05-31,NVDA,204.2546,12719880,Technology
2023-05-31,ORCL,88.0632,10844002,Technology
2023-05-31,TSLA,201.9171,8260481,Technology
2023-06-01,AAPL,170.8188,8263299,Technology
2023-06-01,AMZN,117.8843,5475431,Technology
2023-06-01,AVGO,700.5633,15618914,Technology
2023-06-01,GOOGL,89.3218,3357199,Technology
2023-06-01,META,385.3681,15696198,Technology
2023-06-01,MSFT,354.8789,13855933,Technology
2023-06-01,NFLX,578.4109,4016263,Technology
2023-06-01,NVDA,202.2503,16126206,Technology
2023-06-01,ORCL,88.9902,2558725,Technology
2023-06-01,TSLA,208.8011,18077048,Technology
2023-06-02,AAPL,170.9671,7999551,Technology
2023-06-02,AMZN,119.537,2426608,Technology
2023-06-02,AVGO,695.2411,4166449,Technology
2023-06-02,GOOGL,89.0031,2335345,Technology
2023-06-02,META,393.6527,6459451,Technology
2023-06-02,MSFT,352.504,14874255,Technology
2023-06-02,NFLX,589.9957,4302326,Technology
2023-06-02,NVDA,205.3533,14867380,Technology
2023-06-02,ORCL,89.1924,14611367,Technology
2023-06-02,TSLA,210.0265,18608576,Technology
2023-06-05,AAPL,168.7874,7936465,Technology
2023-06-05,AMZN,123.6053,13818899,Technology
2023-06-05,AVGO,680.4309,15494286,Technology
2023-06-05,GOOGL,88.6985,12474028,Technology
2023-06-05,META,398.8974,6490402,Technology
2023-06-05,MSFT,353.117,19832611,Technology
2023-06-05,NFLX,570.5813,6398945,Technology
2023-06-05,NVDA,202.1684,11353999,Technology
2023-06-05,ORCL,89.8875,11702311,Technology
2023-06-05,TSLA,218.0889,12637255,Technology
2023-06-06,AAPL,164.789,14486126,Technology
2023-06-06,AMZN,126.3648,17038264,Technology
2023-06-06,AVGO,681.7516,7703832,Technology
2023-06-06,GOOGL,88.7144,9292420,Technology
2023-06-06,META,406.4166,15801096,Technology
2023-06-06,MSFT,351.5479,10626224,Technology
2023-06-06,NFLX,557.5418,8791240,Technology
2023-06-06,NVDA,196.1091,6457399,Technology
2023-06-06,ORCL,89.0927,3764122,Technology
2023-06-06,TSLA,212.6942,15630539,Technology
2023-06-07,AAPL,163.5573,16644188,Technology
2023-06-07,AMZN,129.331,14745351,Technology
2023-06-07,AVGO,693.5285,16396241,Technology
2023-06-07,GOOGL,86.3008,11928691,Technology
2023-06-07,META,422.8251,6452378,Technology
2023-06-07,MSFT,347.3127,18567059,Technology
2023-06-07,NFLX,542.4786,6749968,Technology
2023-06-07,NVDA,193.5871,16811169,Technology
2023-06-07,ORCL,88.5506,8318988,Technology
2023-06-07,TSLA,207.3511,9813368,Technology
2023-06-08,AAPL,169.0072,11901738,Technology
2023-06-08,AMZN,128.4233,4159587,Technology
2023-06-08,AVGO,723.8504,8477452,Technology
2023-06-08,GOOGL,84.8211,11782447,Technology
2023-06-08,META,403.4832,16770969,Technology
2023-06-08,MSFT,350.6189,14450759,Technology
2023-06-08,NFLX,545.4408,7105685,Technology
2023-06-08,NVDA,198.7102,8502815,Technology
2023-06-08,ORCL,87.1984,19484522,Technology
2023-06-08,TSLA,215.6113,9695885,Technology
2023-06-09,AAPL,167.1262,7818928,Technology
2023-06-09,AMZN,129.1888,13815103,Technology
2023-06-09,AVGO,723.9888,10225167,Technology
2023-06-09,GOOGL,86.2889,15953550,Technology
2023-06-09,META,407.407,16579144,Technology
2023-06-09,MSFT,343.0338,8471530,Technology
2023-06-09,NFLX,550.6827,15045997,Technology
2023-06-09,NVDA,204.4975,16911877,Technology
2023-06-09,ORCL,86.9699,2696088,Technology
2023-06-09,TSLA,214.5319,3028134,Technology
2023-06-12,AAPL,167.7875,19463325,Technology
2023-06-12,AMZN,128.3314,18198149,Technology
2023-06-12,AVGO,729.9573,2130600,Technology
2023-06-12,GOOGL,86.3074,8584735,Technology
2023-06-12,META,418.9975,14620609,Technology
2023-06-12,MSFT,341.0694,18119027,Technology
2023-06-12,NFLX,550.3546,9479196,Technology
2023-06-12,NVDA,208.7586,3475048,Technology
2023-06-12,ORCL,87.0023,10774071,Technology
2023-06-12,TSLA,205.9247,3965783,Technology
2023-06-13,AAPL,165.5522,19786145,Technology
2023-06-13,AMZN,123.1645,18128029,Technology
2023-06-13,AVGO,734.1755,17434875,Technology
2023-06-13,GOOGL,86.7093,15198082,Technology
2023-06-13,META,414.0691,19865930,Technology
2023-06-13,MSFT,335.0868,3529674,Technology
2023-06-13,NFLX,564.4829,5846631,Technology
2023-06-13,NVDA,217.8205,10572555,Technology
2023-06-13,ORCL,88.0034,11787229,Technology
2023-06-13,TSLA,199.7084,14203451,Technology
2023-06-14,AAPL,167.2215,13837886,Technology
2023-06-14,AMZN,121.0065,14521765,Technology
2023-06-14,AVGO,723.2893,8384259,Technology
2023-06-14,GOOGL,88.9453,7237984,Technology
2023-06-14,META,414.0997,12641531,Technology
2023-06-14,MSFT,333.8269,15841172,Technology
2023-06-14,NFLX,565.095,8622287,Technology
2023-06-14,NVDA,221.8182,10030953,Technology
2023-06-14,ORCL,87.3527,3493364,Technology
2023-06-14,TSLA,204.9282,17453253,Technology
2023-06-15,AAPL,164.9821,5376485,Technology
2023-06-15,AMZN,121.0065,18851277,Technology
2023-06-15,AVGO,744.3722,9814679,Technology
2023-06-15,GOOGL,87.4209,9142132,Technology
2023-06-15,META,410.4331,4381324,Technology
2023-06-15,MSFT,331.7646,13645997,Technology
2023-06-15,NFLX,566.8596,3043010,Technology
2023-06-15,NVDA,217.9316,12588310,Technology
2023-06-15,ORCL,87.1027,18601596,Technology
2023-06-15,TSLA,210.2783,12306845,Technology
2023-06-16,AAPL,164.4421,8512028,Technology
2023-06-16,AMZN,123.362,13498049,Technology
2023-06-16,AVGO,737.127,17260546,Technology
2023-06-16,GOOGL,87.7962,11039010,Technology
2023-06-16,META,406.3253,2690595,Technology
2023-06-16,MSFT,328.5532,2797340,Technology
2023-06-16,NFLX,561.9182,7602101,Technology
2023-06-16,NVDA,222.3959,11341009,Technology
2023-06-16,ORCL,85.4842,10184351,Technology
2023-06-16,TSLA,208.1126,12229454,Technology
2023-06-19,AAPL,164.6631,15679829,Technology
2023-06-19,AMZN,124.9031,9685701,Technology
2023-06-19,AVGO,722.5618,3520126,Technology
2023-06-19,GOOGL,86.4938,16517721,Technology
2023-06-19,META,424.1558,9673453,Technology
2023-06-19,MSFT,335.1089,9193119,Technology
2023-06-19,NFLX,566.935,11467305,Technology
2023-06-19,NVDA,219.5521,10978891,Technology
2023-06-19,ORCL,85.4968,19712004,Technology
2023-06-19,TSLA,205.0979,8863238,Technology
2023-06-20,AAPL,161.5257,5664048,Technology
2023-06-20,AMZN,124.1557,18261046,Technology
2023-06-20,AVGO,767.1706,13584475,Technology
2023-06-20,GOOGL,84.3754,13052647,Technology
2023-06-20,META,423.1441,13096412,Technology
2023-06-20,MSFT,334.6027,15548289,Technology
2023-06-20,NFLX,569.5301,15893613,Technology
2023-06-20,NVDA,222.0482,9621599,Technology
2023-06-20,ORCL,84.7513,2618158,Technology
2023-06-20,TSLA,204.7973,15421409,Technology
2023-06-21,AAPL,156.6775,9886089,Technology
2023-06-21,AMZN,124.4378,4915388,Technology
2023-06-21,AVGO,756.8543,19123564,Technology
2023-06-21,GOOGL,85.1721,10031967,Technology
2023-06-21,META,425.437,9331349,Technology
2023-06-21,MSFT,339.2787,2189859,Technology
2023-06-21,NFLX,566.9444,6065193,Technology
2023-06-21,NVDA,211.7196,10811739,Technology
2023-06-21,ORCL,84.1214,17383559,Technology
2023-06-21,TSLA,207.2822,2273301,Technology
2023-06-22,AAPL,155.2336,14568500,Technology
2023-06-22,AMZN,122.6322,3331947,Technology
2023-06-22,AVGO,765.9313,6944890,Technology
2023-06-22,GOOGL,86.5273,5224613,Technology
2023-06-22,META,426.9572,7516027,Technology
2023-06-22,MSFT,338.448,6657290,Technology
2023-06-22,NFLX,579.6498,9146038,Technology
2023-06-22,NVDA,215.8494,19518904,Technology
2023-06-22,ORCL,85.7653,5897996,Technology
2023-06-22,TSLA,206.088,16392600,Technology
2023-06-23,AAPL,159.5442,12959690,Technology
2023-06-23,AMZN,123.0284,7987785,Technology
2023-06-23,AVGO,759.7658,4533244,Technology
2023-06-23,GOOGL,88.3645,19419240,Technology
2023-06-23,META,423.1248,8051201,Technology
2023-06-23,MSFT,333.3076,12449329,Technology
2023-06-23,NFLX,560.2896,12558027,Technology
2023-06-23,NVDA,217.2082,4288231,Technology
2023-06-23,ORCL,85.6572,4310914,Technology
2023-06-23,TSLA,208.2261,6498787,Technology
2023-06-26,AAPL,163.7837,6307354,Technology
2023-06-26,AMZN,121.0526,3081055,Technology
2023-06-26,AVGO,751.5225,6481966,Technology
2023-06-26,GOOGL,87.7793,15246556,Technology
2023-06-26,META,418.8964,10625514,Technology
2023-06-26,MSFT,333.1229,12354237,Technology
2023-06-26,NFLX,563.3556,15617381,Technology
2023-06-26,NVDA,214.9955,14800710,Technology
2023-06-26,ORCL,85.7531,17528900,Technology
2023-06-26,TSLA,207.621,11770482,Technology
2023-06-27,AAPL,165.4531,11940525,Technology
2023-06-27,AMZN,122.6523,9930346,Technology
2023-06-27,AVGO,746.0796,4803649,Technology
2023-06-27,GOOGL,86.5753,5938744,Technology
2023-06-27,META,407.586,7477219,Technology
2023-06-27,MSFT,329.2235,15902160,Technology
2023-06-27,NFLX,558.5145,15013172,Technology
2023-06-27,NVDA,220.2443,17538889,Technology
2023-06-27,ORCL,86.2342,9999739,Technology
2023-06-27,TSLA,204.9653,13079850,Technology
2023-06-28,AAPL,168.0024,3677765,Technology
2023-06-28,AMZN,122.2512,10850992,Technology
2023-06-28,AVGO,743.9498,14511263,Technology
2023-06-28,GOOGL,86.7323,10777558,Technology
2023-06-28,META,406.9987,6846429,Technology
2023-06-28,MSFT,330.8127,12594619,Technology
2023-06-28,NFLX,562.2326,18948802,Technology
2023-06-28,NVDA,225.9159,4125046,Technology
2023-06-28,ORCL,83.8736,11037307,Technology
2023-06-28,TSLA,209.4034,8510507,Technology
2023-06-29,AAPL,173.2856,10306062,Technology
2023-06-29,AMZN,124.8709,5211959,Technology
2023-06-29,AVGO,744.6108,16442844,Technology
2023-06-29,GOOGL,87.9159,2770551,Technology
2023-06-29,META,405.7283,9525335,Technology
2023-06-29,MSFT,327.0222,2442127,Technology
2023-06-29,NFLX,553.1482,3323027,Technology
2023-06-29,NVDA,227.4057,15436933,Technology
2023-06-29,ORCL,82.3762,8987205,Technology
2023-06-29,TSLA,204.5297,16584670,Technology
2023-06-30,AAPL,173.1202,4114390,Technology
2023-06-30,AMZN,123.6566,10857031,Technology
2023-06-30,AVGO,740.725,17594211,Technology
2023-06-30,GOOGL,88.434,5721933,Technology
2023-06-30,META,412.8665,7757135,Technology
2023-06-30,MSFT,327.1742,3881888,Technology
2023-06-30,NFLX,546.1425,10123254,Technology
2023-06-30,NVDA,233.0978,18993252,Technology
2023-06-30,ORCL,82.7429,18649648,Technology
2023-06-30,TSLA,197.074,12943985,Technology
2023-07-03,AAPL,174.6204,14898859,Technology
2023-07-03,AMZN,125.9309,5930956,Technology
2023-07-03,AVGO,734.9938,9467774,Technology
2023-07-03,GOOGL,89.5157,10454136,Technology
2023-07-03,META,415.136,2938351,Technology
2023-07-03,MSFT,317.9517,4089248,Technology
2023-07-03,NFLX,541.2507,3660045,Technology
2023-07-03,NVDA,224.6772,12828803,Technology
2023-07-03,ORCL,82.581,12541899,Technology
2023-07-03,TSLA,201.6693,7777809,Technology
2023-07-04,AAPL,172.2189,11159696,Technology
2023-07-04,AMZN,128.8599,13580087,Technology
2023-07-04,AVGO,725.7156,4834688,Technology
2023-07-04,GOOGL,88.8505,10183582,Technology
2023-07-04,META,415.9107,15405584,Technology
2023-07-04,MSFT,323.43,18932170,Technology
2023-07-04,NFLX,550.2981,18808001,Technology
2023-07-04,NVDA,233.7661,9355157,Technology
2023-07-04,ORCL,82.3399,14567898,Technology
2023-07-04,TSLA,206.3314,6761315,Technology
2023-07-05,AAPL,171.6427,19644403,Technology
2023-07-05,AMZN,131.8738,3859168,Technology
2023-07-05,AVGO,738.8046,19375403,Technology
2023-07-05,GOOGL,92.4656,7833279,Technology
2023-07-05,META,418.1283,18352675,Technology
2023-07-05,MSFT,325.8794,10195987,Technology
2023-07-05,NFLX,544.0556,7291070,Technology
2023-07-05,NVDA,238.8106,2725078,Technology
2023-07-05,ORCL,80.2288,7281010,Technology
2023-07-05,TSLA,208.8811,9918367,Technology
2023-07-06,AAPL,176.2473,6387156,Technology
2023-07-06,AMZN,130.0716,3312551,Technology
2023-07-06,AVGO,763.6459,15355400,Technology
2023-07-06,GOOGL,93.6182,14667252,Technology
2023-07-06,META,426.9573,3813710,Technology
2023-07-06,MSFT,328.8892,5723611,Technology
2023-07-06,NFLX,526.1834,11354244,Technology
2023-07-06,NVDA,243.7127,4759481,Technology
2023-07-06,ORCL,80.3609,4929431,Technology
2023-07-06,TSLA,214.1915,10395911,Technology
2023-07-07,AAPL,174.0419,18593626,Technology
2023-07-07,AMZN,128.61,10025876,Technology
2023-07-07,AVGO,766.8517,17823393,Technology
2023-07-07,GOOGL,91.0327,17027700,Technology
2023-07-07,META,434.9248,8544462,Technology
2023-07-07,MSFT,324.2196,9886986,Technology
2023-07-07,NFLX,513.3855,16932495,Technology
2023-07-07,NVDA,232.5293,7458681,Technology
2023-07-07,ORCL,80.1603,3974142,Technology
2023-07-07,TSLA,220.2413,17197855,Technology
2023-07-10,AAPL,173.3788,11148336,Technology
2023-07-10,AMZN,127.9417,18137223,Technology
2023-07-10,AVGO,759.9799,3969048,Technology
2023-07-10,GOOGL,90.7206,6739689,Technology
2023-07-10,META,453.4869,7478420,Technology
2023-07-10,MSFT,324.8949,14541738,Technology
2023-07-10,NFLX,522.1271,13348603,Technology
2023-07-10,NVDA,244.0646,10746659,Technology
2023-07-10,ORCL,81.012,4786331,Technology
2023-07-10,TSLA,218.9675,5921164,Technology
2023-07-11,AAPL,176.9948,6972453,Technology
2023-07-11,AMZN,129.8392,18792087,Technology
2023-07-11,AVGO,767.7857,7509166,Technology
2023-07-11,GOOGL,89.9438,13766155,Technology
2023-07-11,META,454.7726,11931828,Technology
2023-07-11,MSFT,323.5598,16583346,Technology
2023-07-11,NFLX,523.934,10862759,Technology
2023-07-11,NVDA,245.021,12613236,Technology
2023-07-11,ORCL,81.3663,10752454,Technology
2023-07-11,TSLA,231.1072,6976022,Technology
2023-07-12,AAPL,173.6884,16220111,Technology
2023-07-12,AMZN,132.4315,13962905,Technology
2023-07-12,AVGO,780.4143,13255624,Technology
2023-07-12,GOOGL,89.7459,8575342,Technology
2023-07-12,META,455.7059,17515536,Technology
2023-07-12,MSFT,326.9481,4071534,Technology
2023-07-12,NFLX,515.8227,9118937,Technology
2023-07-12,NVDA,242.3316,2875718,Technology
2023-07-12,ORCL,80.8275,2102464,Technology
2023-07-12,TSLA,236.0913,12985913,Technology
2023-07-13,AAPL,168.9015,11139278,Technology
2023-07-13,AMZN,132.1243,18283115,Technology
2023-07-13,AVGO,789.0081,7779309,Technology
2023-07-13,GOOGL,88.3178,11299932,Technology
2023-07-13,META,448.8658,8504929,Technology
2023-07-13,MSFT,330.696,14188507,Technology
2023-07-13,NFLX,501.0457,2834451,Technology
2023-07-13,NVDA,251.3269,5880466,Technology
2023-07-13,ORCL,81.1268,18297379,Technology
2023-07-13,TSLA,235.3214,5236470,Technology
2023-07-14,AAPL,171.8046,16769890,Technology
2023-07-14,AMZN,135.6442,12343524,Technology
2023-07-14,AVGO,783.9995,16098840,Technology
2023-07-14,GOOGL,86.282,8773918,Technology
2023-07-14,META,461.2158,16018549,Technology
2023-07-14,MSFT,325.8168,4958373,Technology
2023-07-14,NFLX,507.6473,14486353,Technology
2023-07-14,NVDA,244.3785,16744251,Technology
2023-07-14,ORCL,79.4008,15904328,Technology
2023-07-14,TSLA,237.3615,15787582,Technology
2023-07-17,AAPL,171.4841,12564879,Technology
2023-07-17,AMZN,130.2555,10832230,Technology
2023-07-17,AVGO,771.4575,2616009,Technology
2023-07-17,GOOGL,87.6146,8352164,Technology
2023-07-17,META,453.0228,13704470,Technology
2023-07-17,MSFT,329.1309,5140158,Technology
2023-07-17,NFLX,511.5208,16045521,Technology
2023-07-17,NVDA,241.8344,8275680,Technology
2023-07-17,ORCL,79.999,8121267,Technology
2023-07-17,TSLA,235.476,4290004,Technology
2023-07-18,AAPL,173.5574,19980241,Technology
2023-07-18,AMZN,129.8008,9849038,Technology
2023-07-18,AVGO,794.3511,17696507,Technology
2023-07-18,GOOGL,86.7734,17618949,Technology
2023-07-18,META,451.6397,5780599,Technology
2023-07-18,MSFT,328.9723,4882442,Technology
2023-07-18,NFLX,515.0593,2323438,Technology
2023-07-18,NVDA,242.2191,17667677,Technology
2023-07-18,ORCL,80.181,14294596,Technology
2023-07-18,TSLA,247.2573,13346087,Technology
2023-07-19,AAPL,172.2775,11694450,Technology
2023-07-19,AMZN,131.9951,16136870,Technology
2023-07-19,AVGO,798.0665,8786661,Technology
2023-07-19,GOOGL,85.3157,12875797,Technology
2023-07-19,META,438.3767,4348737,Technology
2023-07-19,MSFT,319.1033,6173399,Technology
2023-07-19,NFLX,521.227,19824648,Technology
2023-07-19,NVDA,236.3721,12183751,Technology
2023-07-19,ORCL,80.5888,10003995,Technology
2023-07-19,TSLA,252.5058,2892434,Technology
2023-07-20,AAPL,172.4612,8212230,Technology
2023-07-20,AMZN,128.8007,11722316,Technology
2023-07-20,AVGO,796.3896,12773134,Technology
2023-07-20,GOOGL,85.4667,11033065,Technology
2023-07-20,META,450.071,15366573,Technology
2023-07-20,MSFT,315.4202,9290853,Technology
2023-07-20,NFLX,523.148,11364618,Technology
2023-07-20,NVDA,239.9199,18205171,Technology
2023-07-20,ORCL,80.0297,14614040,Technology
2023-07-20,TSLA,259.5647,4060038,Technology
2023-07-21,AAPL,169.6921,10196203,Technology
2023-07-21,AMZN,134.2877,16723579,Technology
2023-07-21,AVGO,789.3641,2268892,Technology
2023-07-21,GOOGL,85.9922,3387588,Technology
2023-07-21,META,458.4513,18419182,Technology
2023-07-21,MSFT,317.9258,9778420,Technology
2023-07-21,NFLX,526.1792,17921712,Technology
2023-07-21,NVDA,241.2849,14960602,Technology
2023-07-21,ORCL,80.4234,4505695,Technology
2023-07-21,TSLA,269.2114,17490264,Technology
2023-07-24,AAPL,168.8322,7791992,Technology
2023-07-24,AMZN,134.4592,10677194,Technology
2023-07-24,AVGO,788.5505,18149396,Technology
2023-07-24,GOOGL,86.6171,13582586,Technology
2023-07-24,META,466.5098,13778392,Technology
2023-07-24,MSFT,323.5022,2525460,Technology
2023-07-24,NFLX,535.5162,3590835,Technology
2023-07-24,NVDA,235.5664,12902774,Technology
2023-07-24,ORCL,80.2042,15326415,Technology
2023-07-24,TSLA,271.741,12438032,Technology
2023-07-25,AAPL,170.2993,12292357,Technology
2023-07-25,AMZN,129.6379,8460529,Technology
2023-07-25,AVGO,820.3743,4023390,Technology
2023-07-25,GOOGL,86.8475,8520012,Technology
2023-07-25,META,471.6874,18659011,Technology
2023-07-25,MSFT,321.562,12659656,Technology
2023-07-25,NFLX,537.402,4771852,Technology
2023-07-25,NVDA,236.2158,10296850,Technology
2023-07-25,ORCL,81.3894,9885751,Technology
2023-07-25,TSLA,282.2491,3094631,Technology
2023-07-26,AAPL,173.8093,6204124,Technology
2023-07-26,AMZN,127.5766,14273043,Technology
2023-07-26,AVGO,842.1384,10562408,Technology
2023-07-26,GOOGL,87.6916,14911448,Technology
2023-07-26,META,484.8335,3347832,Technology
2023-07-26,MSFT,319.9016,8999044,Technology
2023-07-26,NFLX,536.0784,10201317,Technology
2023-07-26,NVDA,230.2613,10098729,Technology
2023-07-26,ORCL,80.9925,8600161,Technology
2023-07-26,TSLA,285.2567,14861892,Technology
2023-07-27,AAPL,174.0211,15404692,Technology
2023-07-27,AMZN,125.1388,19258829,Technology
2023-07-27,AVGO,868.9063,11661089,Technology
2023-07-27,GOOGL,88.4229,16601107,Technology
2023-07-27,META,476.8717,15056311,Technology
2023-07-27,MSFT,319.2694,15541858,Technology
2023-07-27,NFLX,529.5721,3799023,Technology
2023-07-27,NVDA,220.7982,7853893,Technology
2023-07-27,ORCL,80.9463,11453153,Technology
2023-07-27,TSLA,285.0294,14210980,Technology
2023-07-28,AAPL,173.3983,14694101,Technology
2023-07-28,AMZN,126.9482,3632005,Technology
2023-07-28,AVGO,866.4417,4419297,Technology
2023-07-28,GOOGL,89.1035,14964601,Technology
2023-07-28,META,474.5954,19813603,Technology
2023-07-28,MSFT,316.7248,16557136,Technology
2023-07-28,NFLX,544.1359,5159146,Technology
2023-07-28,NVDA,224.0402,16396609,Technology
2023-07-28,ORCL,80.7747,14488617,Technology
2023-07-28,TSLA,290.604,17434825,Technology
2023-07-31,AAPL,174.3961,13946398,Technology
2023-07-31,AMZN,121.6329,3448222,Technology
2023-07-31,AVGO,851.1099,7605755,Technology
2023-07-31,GOOGL,87.6191,5792671,Technology
2023-07-31,META,478.9926,2788599,Technology
2023-07-31,MSFT,318.6451,17695627,Technology
2023-07-31,NFLX,548.5596,8404316,Technology
2023-07-31,NVDA,221.63,6190801,Technology
2023-07-31,ORCL,80.4865,10525844,Technology
2023-07-31,TSLA,283.6989,12810419,Technology
2023-08-01,AAPL,172.2576,16773455,Technology
2023-08-01,AMZN,120.545,10273508,Technology
2023-08-01,AVGO,839.7801,10450765,Technology
2023-08-01,GOOGL,87.8236,4902432,Technology
2023-08-01,META,492.9931,5450721,Technology
2023-08-01,MSFT,319.5395,5365277,Technology
2023-08-01,NFLX,569.5552,16713158,Technology
2023-08-01,NVDA,217.5066,9117148,Technology
2023-08-01,ORCL,80.1594,7020239,Technology
2023-08-01,TSLA,292.7769,8295133,Technology
2023-08-02,AAPL,175.1522,2666353,Technology
2023-08-02,AMZN,120.8997,5179129,Technology
2023-08-02,AVGO,845.9261,13814736,Technology
2023-08-02,GOOGL,87.9948,2776597,Technology
2023-08-02,META,486.3265,17787356,Technology
2023-08-02,MSFT,317.5882,6722361,Technology
2023-08-02,NFLX,563.3814,12296747,Technology
2023-08-02,NVDA,206.0257,18020776,Technology
2023-08-02,ORCL,79.2324,3173156,Technology
2023-08-02,TSLA,299.872,11198639,Technology
2023-08-03,AAPL,174.9037,11041240,Technology
2023-08-03,AMZN,117.9948,2707961,Technology
2023-08-03,AVGO,842.2441,8580489,Technology
2023-08-03,GOOGL,87.782,12322757,Technology
2023-08-03,META,484.2487,17361889,Technology
2023-08-03,MSFT,321.8028,17527457,Technology
2023-08-03,NFLX,563.3515,10736950,Technology
2023-08-03,NVDA,203.2824,15246430,Technology
2023-08-03,ORCL,78.8975,6729960,Technology
2023-08-03,TSLA,303.7608,6265616,Technology
2023-08-04,AAPL,170.829,17735426,Technology
2023-08-04,AMZN,117.0669,14525881,Technology
2023-08-04,AVGO,826.4542,10600217,Technology
2023-08-04,GOOGL,88.7959,2705435,Technology
2023-08-04,META,505.2125,18108434,Technology
2023-08-04,MSFT,316.0813,12745474,Technology
2023-08-04,NFLX,569.8148,12104675,Technology
2023-08-04,NVDA,197.9907,14729755,Technology
2023-08-04,ORCL,79.7581,9223885,Technology
2023-08-04,TSLA,300.4977,16808472,Technology
2023-08-07,AAPL,168.3312,9925511,Technology
2023-08-07,AMZN,117.9757,18136292,Technology
2023-08-07,AVGO,813.083,15476940,Technology
2023-08-07,GOOGL,90.4189,12300847,Technology
2023-08-07,META,490.9206,10072679,Technology
2023-08-07,MSFT,315.2229,13003551,Technology
2023-08-07,NFLX,561.3333,18243521,Technology
2023-08-07,NVDA,191.2184,12295906,Technology
2023-08-07,ORCL,79.4886,18546940,Technology
2023-08-07,TSLA,307.0211,9487454,Technology
2023-08-08,AAPL,165.8542,15003988,Technology
2023-08-08,AMZN,116.7329,3527524,Technology
2023-08-08,AVGO,818.5896,5947600,Technology
2023-08-08,GOOGL,91.4349,5240675,Technology
2023-08-08,META,486.8623,3218752,Technology
2023-08-08,MSFT,312.1432,17219320,Technology
2023-08-08,NFLX,540.6488,16965047,Technology
2023-08-08,NVDA,193.2575,12098798,Technology
2023-08-08,ORCL,81.126,4178195,Technology
2023-08-08,TSLA,297.2631,4575430,Technology
2023-08-09,AAPL,165.5289,9379615,Technology
2023-08-09,AMZN,115.4097,13390242,Technology
2023-08-09,AVGO,812.0166,4336537,Technology
2023-08-09,GOOGL,91.8318,19248290,Technology
2023-08-09,META,467.0711,9542074,Technology
2023-08-09,MSFT,310.3485,13112528,Technology
2023-08-09,NFLX,521.6762,7227214,Technology
2023-08-09,NVDA,187.0249,4228069,Technology
2023-08-09,ORCL,80.042,4915915,Technology
2023-08-09,TSLA,285.5417,7877729,Technology
2023-08-10,AAPL,164.8642,10450830,Technology
2023-08-10,AMZN,115.3567,5475668,Technology
2023-08-10,AVGO,821.0673,3479401,Technology
2023-08-10,GOOGL,90.4246,2335160,Technology
2023-08-10,META,476.7321,2393748,Technology
2023-08-10,MSFT,312.9648,7354007,Technology
2023-08-10,NFLX,526.5241,7472111,Technology
2023-08-10,NVDA,184.6693,13136672,Technology
2023-08-10,ORCL,78.7749,10029838,Technology
2023-08-10,TSLA,287.1588,9346475,Technology
2023-08-11,AAPL,163.8504,19445665,Technology
2023-08-11,AMZN,114.3306,14955302,Technology
2023-08-11,AVGO,818.105,3706205,Technology
2023-08-11,GOOGL,89.4353,14951851,Technology
2023-08-11,META,472.3664,12784765,Technology
2023-08-11,MSFT,307.259,13060721,Technology
2023-08-11,NFLX,525.7603,11981552,Technology
2023-08-11,NVDA,183.8493,12383400,Technology
2023-08-11,ORCL,78.1923,19937367,Technology
2023-08-11,TSLA,280.9459,13735607,Technology
2023-08-14,AAPL,162.0793,13697059,Technology
2023-08-14,AMZN,112.4967,3133867,Technology
2023-08-14,AVGO,795.9819,3894107,Technology
2023-08-14,GOOGL,88.8898,3543473,Technology
2023-08-14,META,470.9348,2818014,Technology
2023-08-14,MSFT,309.2582,4121509,Technology
2023-08-14,NFLX,533.5396,16044378,Technology
2023-08-14,NVDA,188.9656,5409125,Technology
2023-08-14,ORCL,77.6951,3202739,Technology
2023-08-14,TSLA,262.4238,13194494,Technology
2023-08-15,AAPL,165.1284,17331775,Technology
2023-08-15,AMZN,111.3194,11729936,Technology
2023-08-15,AVGO,811.4464,6072021,Technology
2023-08-15,GOOGL,87.9954,10085660,Technology
2023-08-15,META,466.6122,12191145,Technology
2023-08-15,MSFT,310.5074,7496840,Technology
2023-08-15,NFLX,507.043,8166967,Technology
2023-08-15,NVDA,190.8789,10565042,Technology
2023-08-15,ORCL,78.2311,16219966,Technology
2023-08-15,TSLA,265.7405,4885630,Technology
2023-08-16,AAPL,167.9647,8840169,Technology
2023-08-16,AMZN,110.5342,17016505,Technology
2023-08-16,AVGO,819.42,7915263,Technology
2023-08-16,GOOGL,90.6763,5070202,Technology
2023-08-16,META,470.4841,15332873,Technology
2023-08-16,MSFT,313.1977,11194847,Technology
2023-08-16,NFLX,508.783,18429036,Technology
2023-08-16,NVDA,192.7267,18851272,Technology
2023-08-16,ORCL,78.6289,12073998,Technology
2023-08-16,TSLA,280.5557,18413707,Technology
2023-08-17,AAPL,164.3299,7699900,Technology
2023-08-17,AMZN,112.7492,10087530,Technology
2023-08-17,AVGO,837.4298,19531221,Technology
2023-08-17,GOOGL,90.584,16946544,Technology
2023-08-17,META,457.3801,9154888,Technology
2023-08-17,MSFT,319.0694,9528303,Technology
2023-08-17,NFLX,527.2859,15259846,Technology
2023-08-17,NVDA,191.5851,5235381,Technology
2023-08-17,ORCL,79.5401,6180469,Technology
2023-08-17,TSLA,285.1183,2459635,Technology
2023-08-18,AAPL,163.6619,17702894,Technology
2023-08-18,AMZN,113.3208,3008980,Technology
2023-08-18,AVGO,829.8403,12389007,Technology
2023-08-18,GOOGL,88.6674,16768157,Technology
2023-08-18,META,450.4884,19487691,Technology
2023-08-18,MSFT,321.8723,5343566,Technology
2023-08-18,NFLX,518.0486,5815293,Technology
2023-08-18,NVDA,199.0957,6415160,Technology
2023-08-18,ORCL,79.8627,14626530,Technology
2023-08-18,TSLA,275.1758,11194330,Technology
2023-08-21,AAPL,159.9587,2646183,Technology
2023-08-21,AMZN,113.3523,16180013,Technology
2023-08-21,AVGO,816.1993,17904491,Technology
2023-08-21,GOOGL,87.2974,5273914,Technology
2023-08-21,META,434.7388,4979327,Technology
2023-08-21,MSFT,325.17,13439029,Technology
2023-08-21,NFLX,516.6539,13612440,Technology
2023-08-21,NVDA,200.1708,14701118,Technology
2023-08-21,ORCL,80.2883,2201485,Technology
2023-08-21,TSLA,267.3497,16055727,Technology
2023-08-22,AAPL,162.9218,18576723,Technology
2023-08-22,AMZN,114.3293,16527866,Technology
2023-08-22,AVGO,816.9977,9596377,Technology
2023-08-22,GOOGL,86.776,15035362,Technology
2023-08-22,META,434.8847,16028699,Technology
2023-08-22,MSFT,323.2147,19998191,Technology
2023-08-22,NFLX,513.3625,3844545,Technology
2023-08-22,NVDA,203.9635,16524578,Technology
2023-08-22,ORCL,81.8824,4029546,Technology
2023-08-22,TSLA,258.6198,8192949,Technology
2023-08-23,AAPL,164.3541,19953666,Technology
2023-08-23,AMZN,114.6341,14011695,Technology
2023-08-23,AVGO,810.4315,13901632,Technology
2023-08-23,GOOGL,85.9461,8168082,Technology
2023-08-23,META,426.8576,9215281,Technology
2023-08-23,MSFT,317.7051,11988426,Technology
2023-08-23,NFLX,510.5352,8670130,Technology
2023-08-23,NVDA,200.9716,12923386,Technology
2023-08-23,ORCL,82.5359,13986401,Technology
2023-08-23,TSLA,258.2589,5867636,Technology
2023-08-24,AAPL,164.3946,3771976,Technology
2023-08-24,AMZN,111.8457,17736597,Technology
2023-08-24,AVGO,784.1987,2616055,Technology
2023-08-24,GOOGL,84.3264,6136648,Technology
2023-08-24,META,426.2678,4880054,Technology
2023-08-24,MSFT,315.5978,7662440,Technology
2023-08-24,NFLX,510.2071,16800623,Technology
2023-08-24,NVDA,200.0383,17515538,Technology
2023-08-24,ORCL,82.4389,17846923,Technology
2023-08-24,TSLA,259.1438,15072675,Technology
2023-08-25,AAPL,162.0301,13407460,Technology
2023-08-25,AMZN,112.6307,4681165,Technology
2023-08-25,AVGO,770.5355,18308261,Technology
2023-08-25,GOOGL,84.8431,8938313,Technology
2023-08-25,META,431.4933,5920538,Technology
2023-08-25,MSFT,315.9023,10118017,Technology
2023-08-25,NFLX,508.8788,11133190,Technology
2023-08-25,NVDA,200.9709,2418738,Technology
2023-08-25,ORCL,82.3878,4467112,Technology
2023-08-25,TSLA,257.7636,8859613,Technology
2023-08-28,AAPL,163.8297,14492020,Technology
2023-08-28,AMZN,108.85,2663798,Technology
2023-08-28,AVGO,767.9805,5562130,Technology
2023-08-28,GOOGL,85.537,17472650,Technology
2023-08-28,META,426.0638,16231643,Technology
2023-08-28,MSFT,319.7159,2172501,Technology
2023-08-28,NFLX,521.2524,3167118,Technology
2023-08-28,NVDA,196.9076,17473671,Technology
2023-08-28,ORCL,84.1285,16422055,Technology
2023-08-28,TSLA,260.4454,3391605,Technology
2023-08-29,AAPL,162.1369,18261633,Technology
2023-08-29,AMZN,106.8806,4548628,Technology
2023-08-29,AVGO,770.8748,5279104,Technology
2023-08-29,GOOGL,86.1109,11078471,Technology
2023-08-29,META,410.4516,10197937,Technology
2023-08-29,MSFT,321.1715,4457624,Technology
2023-08-29,NFLX,521.0359,7208292,Technology
2023-08-29,NVDA,198.7941,7712883,Technology
2023-08-29,ORCL,83.1879,5396006,Technology
2023-08-29,TSLA,260.4875,18839321,Technology
2023-08-30,AAPL,166.1065,7280619,Technology
2023-08-30,AMZN,105.758,18524343,Technology
2023-08-30,AVGO,773.2463,16305899,Technology
2023-08-30,GOOGL,85.4972,3733374,Technology
2023-08-30,META,408.0577,7461383,Technology
2023-08-30,MSFT,325.6179,11097884,Technology
2023-08-30,NFLX,501.7556,14863749,Technology
2023-08-30,NVDA,198.8558,3788005,Technology
2023-08-30,ORCL,82.0794,3782846,Technology
2023-08-30,TSLA,261.7912,12339906,Technology
2023-08-31,AAPL,167.3797,8747139,Technology
2023-08-31,AMZN,104.1301,2824430,Technology
2023-08-31,AVGO,776.1441,4913933,Technology
2023-08-31,GOOGL,85.8797,10565645,Technology
2023-08-31,META,399.0298,5966053,Technology
2023-08-31,MSFT,315.7767,10909457,Technology
2023-08-31,NFLX,492.5789,10155942,Technology
2023-08-31,NVDA,201.1717,5026807,Technology
2023-08-31,ORCL,82.2733,8981435,Technology
2023-08-31,TSLA,269.516,11868194,Technology
2023-09-01,AAPL,169.2314,12186705,Technology
2023-09-01,AMZN,103.8897,5100482,Technology
2023-09-01,AVGO,769.372,10709207,Technology
2023-09-01,GOOGL,85.6367,16109628,Technology
2023-09-01,META,396.6378,5079963,Technology
2023-09-01,MSFT,314.2373,17118052,Technology
2023-09-01,NFLX,492.3444,9251391,Technology
2023-09-01,NVDA,203.4328,3613314,Technology
2023-09-01,ORCL,81.4653,16469659,Technology
2023-09-01,TSLA,260.0651,17256711,Technology
2023-09-04,AAPL,171.6351,16265350,Technology
2023-09-04,AMZN,103.0405,2899243,Technology
2023-09-04,AVGO,784.1204,8190231,Technology
2023-09-04,GOOGL,85.4273,11059925,Technology
2023-09-04,META,387.5115,2821024,Technology
2023-09-04,MSFT,310.5115,10796591,Technology
2023-09-04,NFLX,508.7142,12761306,Technology
2023-09-04,NVDA,206.2996,7522295,Technology
2023-09-04,ORCL,80.5741,4630023,Technology
2023-09-04,TSLA,265.3449,11499615,Technology
2023-09-05,AAPL,172.1991,17675112,Technology
2023-09-05,AMZN,101.9846,10211322,Technology
2023-09-05,AVGO,768.5098,12389626,Technology
2023-09-05,GOOGL,86.5446,4345919,Technology
2023-09-05,META,387.7621,4666510,Technology
2023-09-05,MSFT,311.5441,15699019,Technology
2023-09-05,NFLX,489.3784,9573282,Technology
2023-09-05,NVDA,204.1571,13060557,Technology
2023-09-05,ORCL,81.3966,17501338,Technology
2023-09-05,TSLA,272.5372,11440065,Technology
2023-09-06,AAPL,173.1507,13154786,Technology
2023-09-06,AMZN,104.908,5072408,Technology
2023-09-06,AVGO,752.4624,10137874,Technology
2023-09-06,GOOGL,87.5774,12862543,Technology
2023-09-06,META,389.934,17904844,Technology
2023-09-06,MSFT,312.2033,7257618,Technology
2023-09-06,NFLX,480.3734,13240710,Technology
2023-09-06,NVDA,205.8251,7855232,Technology
2023-09-06,ORCL,82.2478,3223892,Technology
2023-09-06,TSLA,275.0655,9938313,Technology
2023-09-07,AAPL,173.5543,4576118,Technology
2023-09-07,AMZN,102.1829,3913961,Technology
2023-09-07,AVGO,756.4779,11825829,Technology
2023-09-07,GOOGL,88.919,15947667,Technology
2023-09-07,META,395.3108,16231183,Technology
2023-09-07,MSFT,311.5754,5027761,Technology
2023-09-07,NFLX,486.8892,13821881,Technology
2023-09-07,NVDA,207.5392,9018914,Technology
2023-09-07,ORCL,79.3563,12190833,Technology
2023-09-07,TSLA,273.5757,7275175,Technology
2023-09-08,AAPL,179.0082,10300698,Technology
2023-09-08,AMZN,100.4884,10948582,Technology
2023-09-08,AVGO,773.2758,4120744,Technology
2023-09-08,GOOGL,86.4372,13686171,Technology
2023-09-08,META,392.7771,13563436,Technology
2023-09-08,MSFT,316.7009,10231784,Technology
2023-09-08,NFLX,470.6564,16945079,Technology
2023-09-08,NVDA,207.9745,7760746,Technology
2023-09-08,ORCL,79.1357,6447220,Technology
2023-09-08,TSLA,286.5689,6392521,Technology
2023-09-11,AAPL,179.0586,2169153,Technology
2023-09-11,AMZN,100.8954,16480163,Technology
2023-09-11,AVGO,769.7486,18629941,Technology
2023-09-11,GOOGL,85.2322,2781889,Technology
2023-09-11,META,392.9619,11622708,Technology
2023-09-11,MSFT,316.5295,11895071,Technology
2023-09-11,NFLX,461.9439,15428342,Technology
2023-09-11,NVDA,204.6829,8759236,Technology
2023-09-11,ORCL,79.1905,8511005,Technology
2023-09-11,TSLA,287.1874,8515369,Technology
2023-09-12,AAPL,181.0814,16483395,Technology
2023-09-12,AMZN,99.7822,9671806,Technology
2023-09-12,AVGO,790.8076,8070582,Technology
2023-09-12,GOOGL,85.0922,11536697,Technology
2023-09-12,META,406.9637,2025199,Technology
2023-09-12,MSFT,309.6831,4037797,Technology
2023-09-12,NFLX,451.3074,14166355,Technology
2023-09-12,NVDA,206.9227,16899345,Technology
2023-09-12,ORCL,77.3882,6056156,Technology
2023-09-12,TSLA,299.5284,10204781,Technology
2023-09-13,AAPL,184.2839,4843561,Technology
2023-09-13,AMZN,101.6372,14211161,Technology
2023-09-13,AVGO,798.7462,16525792,Technology
2023-09-13,GOOGL,85.4174,16212000,Technology
2023-09-13,META,401.0062,8643982,Technology
2023-09-13,MSFT,315.0776,16819090,Technology
2023-09-13,NFLX,452.6875,3613784,Technology
2023-09-13,NVDA,209.3082,15538407,Technology
2023-09-13,ORCL,77.3782,9773678,Technology
2023-09-13,TSLA,299.576,6338836,Technology
2023-09-14,AAPL,182.1274,9951136,Technology
2023-09-14,AMZN,97.1355,7836228,Technology
2023-09-14,AVGO,792.9718,10772392,Technology
2023-09-14,GOOGL,87.7352,8862256,Technology
2023-09-14,META,409.606,3498430,Technology
2023-09-14,MSFT,319.888,8603511,Technology
2023-09-14,NFLX,437.0074,11399823,Technology
2023-09-14,NVDA,211.6102,12548523,Technology
2023-09-14,ORCL,77.7184,17672037,Technology
2023-09-14,TSLA,295.957,15190369,Technology
2023-09-15,AAPL,180.3102,13500896,Technology
2023-09-15,AMZN,99.3126,4471929,Technology
2023-09-15,AVGO,775.4861,14024228,Technology
2023-09-15,GOOGL,85.9315,15707706,Technology
2023-09-15,META,406.9947,14997432,Technology
2023-09-15,MSFT,320.5821,14941644,Technology
2023-09-15,NFLX,445.6918,12427032,Technology
2023-09-15,NVDA,204.0085,8930876,Technology
2023-09-15,ORCL,77.7762,14089807,Technology
2023-09-15,TSLA,301.165,8335722,Technology
2023-09-18,AAPL,183.1814,9637560,Technology
2023-09-18,AMZN,99.018,17055687,Technology
2023-09-18,AVGO,770.2984,8162750,Technology
2023-09-18,GOOGL,84.8364,14540736,Technology
2023-09-18,META,397.7138,9350171,Technology
2023-09-18,MSFT,319.6516,11834358,Technology
2023-09-18,NFLX,457.0588,13461986,Technology
2023-09-18,NVDA,204.5024,4071464,Technology
2023-09-18,ORCL,77.5747,18754039,Technology
2023-09-18,TSLA,296.3774,11101581,Technology
2023-09-19,AAPL,183.2791,5585905,Technology
2023-09-19,AMZN,99.8232,12675534,Technology
2023-09-19,AVGO,766.2265,8577600,Technology
2023-09-19,GOOGL,85.4238,10588542,Technology
2023-09-19,META,392.6944,3030741,Technology
2023-09-19,MSFT,321.7392,16941272,Technology
2023-09-19,NFLX,453.1211,12176117,Technology
2023-09-19,NVDA,209.336,9327376,Technology
2023-09-19,ORCL,76.6068,17604837,Technology
2023-09-19,TSLA,305.737,12893934,Technology
2023-09-20,AAPL,188.3372,8924478,Technology
2023-09-20,AMZN,97.0835,8039067,Technology
2023-09-20,AVGO,766.042,13561268,Technology
2023-09-20,GOOGL,85.8495,6185232,Technology
2023-09-20,META,388.5316,16686598,Technology
2023-09-20,MSFT,321.7753,15524218,Technology
2023-09-20,NFLX,451.4676,7299335,Technology
2023-09-20,NVDA,211.4182,10715087,Technology
2023-09-20,ORCL,77.4176,15474953,Technology
2023-09-20,TSLA,300.1433,10081424,Technology
2023-09-21,AAPL,186.5112,12294608,Technology
2023-09-21,AMZN,97.7833,9472777,Technology
2023-09-21,AVGO,772.5985,6088251,Technology
2023-09-21,GOOGL,86.5446,17781793,Technology
2023-09-21,META,390.9557,19374094,Technology
2023-09-21,MSFT,317.2219,10095182,Technology
2023-09-21,NFLX,454.11,12250667,Technology
2023-09-21,NVDA,208.7507,17950806,Technology
2023-09-21,ORCL,78.3272,16228416,Technology
2023-09-21,TSLA,291.7324,16882110,Technology
2023-09-22,AAPL,186.8161,12346614,Technology
2023-09-22,AMZN,98.4535,14533324,Technology
2023-09-22,AVGO,771.5356,10233801,Technology
2023-09-22,GOOGL,85.7545,9355640,Technology
2023-09-22,META,386.3807,5181234,Technology
2023-09-22,MSFT,332.4173,8274385,Technology
2023-09-22,NFLX,437.4689,16261373,Technology
2023-09-22,NVDA,210.7577,6844875,Technology
2023-09-22,ORCL,79.2744,17997394,Technology
2023-09-22,TSLA,296.4404,4255062,Technology
2023-09-25,AAPL,189.1045,19603000,Technology
2023-09-25,AMZN,96.7945,18662159,Technology
2023-09-25,AVGO,783.8393,7322841,Technology
2023-09-25,GOOGL,86.5403,16209604,Technology
2023-09-25,META,395.448,19617722,Technology
2023-09-25,MSFT,334.4752,19891238,Technology
2023-09-25,NFLX,449.8551,18029714,Technology
2023-09-25,NVDA,217.6966,6433689,Technology
2023-09-25,ORCL,78.32,4831132,Technology
2023-09-25,TSLA,284.0578,9337113,Technology
2023-09-26,AAPL,189.1068,13848136,Technology
2023-09-26,AMZN,96.2509,2732580,Technology
2023-09-26,AVGO,794.3881,17719521,Technology
2023-09-26,GOOGL,88.4627,12403768,Technology
2023-09-26,META,393.8912,16007347,Technology
2023-09-26,MSFT,330.3718,15961369,Technology
2023-09-26,NFLX,434.4297,3950387,Technology
2023-09-26,NVDA,216.2371,11984734,Technology
2023-09-26,ORCL,77.0831,12781619,Technology
2023-09-26,TSLA,281.2648,12525596,Technology
2023-09-27,AAPL,188.6868,14344390,Technology
2023-09-27,AMZN,98.8565,13023947,Technology
2023-09-27,AVGO,789.9737,19717610,Technology
2023-09-27,GOOGL,88.6114,13781830,Technology
2023-09-27,META,394.6662,15423856,Technology
2023-09-27,MSFT,331.1789,12582630,Technology
2023-09-27,NFLX,442.2301,6014502,Technology
2023-09-27,NVDA,217.3,9321426,Technology
2023-09-27,ORCL,76.7253,9789347,Technology
2023-09-27,TSLA,284.8785,7163933,Technology
2023-09-28,AAPL,192.1631,15404039,Technology
2023-09-28,AMZN,100.8108,15997909,Technology
2023-09-28,AVGO,803.0005,3493410,Technology
2023-09-28,GOOGL,88.7502,14379801,Technology
2023-09-28,META,391.2725,8875657,Technology
2023-09-28,MSFT,339.1733,8311355,Technology
2023-09-28,NFLX,430.2636,16049506,Technology
2023-09-28,NVDA,213.4982,3510350,Technology
2023-09-28,ORCL,78.2823,2556452,Technology
2023-09-28,TSLA,289.1836,7649198,Technology
2023-09-29,AAPL,195.7695,10941091,Technology
2023-09-29,AMZN,102.8216,2114292,Technology
2023-09-29,AVGO,813.5745,9156045,Technology
2023-09-29,GOOGL,88.2732,4786014,Technology
2023-09-29,META,382.8375,13417499,Technology
2023-09-29,MSFT,337.8194,4987669,Technology
2023-09-29,NFLX,431.8707,12150472,Technology
2023-09-29,NVDA,211.5859,19422407,Technology
2023-09-29,ORCL,78.6597,18049708,Technology
2023-09-29,TSLA,295.8589,19698459,Technology
2023-10-02,AAPL,197.0124,18274795,Technology
2023-10-02,AMZN,103.0607,5229431,Technology
2023-10-02,AVGO,802.4925,18942494,Technology
2023-10-02,GOOGL,89.4539,13728366,Technology
2023-10-02,META,370.8413,11915800,Technology
2023-10-02,MSFT,331.9601,4506229,Technology
2023-10-02,NFLX,424.001,19291304,Technology
2023-10-02,NVDA,209.3896,8719493,Technology
2023-10-02,ORCL,78.8363,4620148,Technology
2023-10-02,TSLA,299.7369,12368211,Technology
2023-10-03,AAPL,196.0071,12927169,Technology
2023-10-03,AMZN,105.2579,17964472,Technology
2023-10-03,AVGO,811.3074,17120230,Technology
2023-10-03,GOOGL,89.425,9624107,Technology
2023-10-03,META,372.9627,6838283,Technology
2023-10-03,MSFT,332.9172,3068441,Technology
2023-10-03,NFLX,434.2799,2413292,Technology
2023-10-03,NVDA,217.5636,11675641,Technology
2023-10-03,ORCL,78.2791,9078812,Technology
2023-10-03,TSLA,291.1544,18197704,Technology
2023-10-04,AAPL,200.9029,8341777,Technology
2023-10-04,AMZN,106.6808,9492000,Technology
2023-10-04,AVGO,811.5943,5993427,Technology
2023-10-04,GOOGL,92.0916,8581593,Technology
2023-10-04,META,368.4873,12469948,Technology
2023-10-04,MSFT,335.9221,8314678,Technology
2023-10-04,NFLX,438.2205,12042353,Technology
2023-10-04,NVDA,216.9676,9627544,Technology
2023-10-04,ORCL,77.5945,10361127,Technology
2023-10-04,TSLA,281.9685,17775302,Technology
2023-10-05,AAPL,198.4527,14199760,Technology
2023-10-05,AMZN,107.8251,14462449,Technology
2023-10-05,AVGO,832.9585,8370856,Technology
2023-10-05,GOOGL,91.7901,15589494,Technology
2023-10-05,META,372.7335,4801546,Technology
2023-10-05,MSFT,335.0357,7825765,Technology
2023-10-05,NFLX,444.8232,10229266,Technology
2023-10-05,NVDA,221.5858,2018019,Technology
2023-10-05,ORCL,78.3361,7462943,Technology
2023-10-05,TSLA,285.6129,6740770,Technology
2023-10-06,AAPL,195.6334,14976710,Technology
2023-10-06,AMZN,104.9167,5710883,Technology
2023-10-06,AVGO,835.6057,12816853,Technology
2023-10-06,GOOGL,93.8756,9438106,Technology
2023-10-06,META,361.7556,6171016,Technology
2023-10-06,MSFT,340.5187,14672967,Technology
2023-10-06,NFLX,454.5593,9518665,Technology
2023-10-06,NVDA,218.9417,10363736,Technology
2023-10-06,ORCL,76.3862,11635237,Technology
2023-10-06,TSLA,286.0512,11982418,Technology
2023-10-09,AAPL,192.9167,13308465,Technology
2023-10-09,AMZN,103.5733,9416563,Technology
2023-10-09,AVGO,851.3233,11450814,Technology
2023-10-09,GOOGL,94.249,8663833,Technology
2023-10-09,META,360.8675,18239026,Technology
2023-10-09,MSFT,339.8348,17444303,Technology
2023-10-09,NFLX,463.9426,5130463,Technology
2023-10-09,NVDA,221.0206,19497472,Technology
2023-10-09,ORCL,76.0351,19072926,Technology
2023-10-09,TSLA,296.8052,4275163,Technology
2023-10-10,AAPL,188.6836,18261266,Technology
2023-10-10,AMZN,101.9653,18885612,Technology
2023-10-10,AVGO,873.7308,16404679,Technology
2023-10-10,GOOGL,92.6958,11988404,Technology
2023-10-10,META,354.4549,3686439,Technology
2023-10-10,MSFT,343.3835,19738789,Technology
2023-10-10,NFLX,456.6854,5886323,Technology
2023-10-10,NVDA,217.6687,2009772,Technology
2023-10-10,ORCL,76.7434,11205919,Technology
2023-10-10,TSLA,291.6961,2613362,Technology
2023-10-11,AAPL,187.4107,9934817,Technology
2023-10-11,AMZN,101.6372,5240008,Technology
2023-10-11,AVGO,867.5453,19048942,Technology
2023-10-11,GOOGL,92.7,8198413,Technology
2023-10-11,META,356.3407,17522339,Technology
2023-10-11,MSFT,342.6969,19329895,Technology
2023-10-11,NFLX,432.3236,6105986,Technology
2023-10-11,NVDA,222.8644,12761619,Technology
2023-10-11,ORCL,75.3518,14392130,Technology
2023-10-11,TSLA,281.6423,19818802,Technology
2023-10-12,AAPL,185.72,12432328,Technology
2023-10-12,AMZN,101.3716,10997977,Technology
2023-10-12,AVGO,875.5686,11555661,Technology
2023-10-12,GOOGL,93.9222,14698902,Technology
2023-10-12,META,360.3659,5399478,Technology
2023-10-12,MSFT,341.0686,16142438,Technology
2023-10-12,NFLX,423.0668,12921159,Technology
2023-10-12,NVDA,220.7603,17110778,Technology
2023-10-12,ORCL,76.568,14514492,Technology
2023-10-12,TSLA,286.2282,4382799,Technology
2023-10-13,AAPL,185.6971,7311988,Technology
2023-10-13,AMZN,103.716,16086494,Technology
2023-10-13,AVGO,871.4272,4981439,Technology
2023-10-13,GOOGL,93.708,13867091,Technology
2023-10-13,META,349.4039,13656156,Technology
2023-10-13,MSFT,353.3394,17606856,Technology
2023-10-13,NFLX,418.1759,18341480,Technology
2023-10-13,NVDA,217.6394,13379724,Technology
2023-10-13,ORCL,77.6939,13898158,Technology
2023-10-13,TSLA,297.0551,18276687,Technology
2023-10-16,AAPL,184.6762,15454655,Technology
2023-10-16,AMZN,102.9965,8261364,Technology
2023-10-16,AVGO,876.3634,13417627,Technology
2023-10-16,GOOGL,90.9895,15460655,Technology
2023-10-16,META,350.1304,2378851,Technology
2023-10-16,MSFT,346.4977,4283987,Technology
2023-10-16,NFLX,428.2877,13703412,Technology
2023-10-16,NVDA,220.8604,12532864,Technology
2023-10-16,ORCL,77.1214,12331785,Technology
2023-10-16,TSLA,284.7972,8378619,Technology
2023-10-17,AAPL,185.3978,11709339,Technology
2023-10-17,AMZN,104.3207,4115140,Technology
2023-10-17,AVGO,856.8707,15519875,Technology
2023-10-17,GOOGL,89.0235,4912312,Technology
2023-10-17,META,352.3831,9095552,Technology
2023-10-17,MSFT,348.9461,14805107,Technology
2023-10-17,NFLX,436.0521,13830665,Technology
2023-10-17,NVDA,219.5576,15305293,Technology
2023-10-17,ORCL,76.74,10814159,Technology
2023-10-17,TSLA,277.4559,14815703,Technology
2023-10-18,AAPL,186.7337,19486812,Technology
2023-10-18,AMZN,104.3998,11543582,Technology
2023-10-18,AVGO,839.4096,4736919,Technology
2023-10-18,GOOGL,89.7363,5860246,Technology
2023-10-18,META,356.0483,12940797,Technology
2023-10-18,MSFT,346.557,16912672,Technology
2023-10-18,NFLX,430.6512,12100759,Technology
2023-10-18,NVDA,219.6377,12135468,Technology
2023-10-18,ORCL,76.8324,8163380,Technology
2023-10-18,TSLA,282.6366,4142533,Technology
2023-10-19,AAPL,181.1608,16948507,Technology
2023-10-19,AMZN,105.8289,15700308,Technology
2023-10-19,AVGO,857.0078,17449313,Technology
2023-10-19,GOOGL,88.7753,11910371,Technology
2023-10-19,META,358.5083,6414569,Technology
2023-10-19,MSFT,347.2176,10810257,Technology
2023-10-19,NFLX,445.1502,7124625,Technology
2023-10-19,NVDA,218.2972,4213585,Technology
2023-10-19,ORCL,75.5527,6528672,Technology
2023-10-19,TSLA,294.7999,12646604,Technology
2023-10-20,AAPL,180.1795,6625461,Technology
2023-10-20,AMZN,106.8359,11715010,Technology
2023-10-20,AVGO,850.7111,7011584,Technology
2023-10-20,GOOGL,89.5144,14547033,Technology
2023-10-20,META,359.7113,18364358,Technology
2023-10-20,MSFT,340.6298,12393659,Technology
2023-10-20,NFLX,447.0423,2055300,Technology
2023-10-20,NVDA,223.0472,4513704,Technology
2023-10-20,ORCL,75.4312,6827809,Technology
2023-10-20,TSLA,285.4201,13099332,Technology
2023-10-23,AAPL,181.5868,16516792,Technology
2023-10-23,AMZN,107.4763,13867888,Technology
2023-10-23,AVGO,883.1974,7336935,Technology
2023-10-23,GOOGL,89.3326,19362264,Technology
2023-10-23,META,362.8883,11482013,Technology
2023-10-23,MSFT,340.2628,10135851,Technology
2023-10-23,NFLX,442.6967,13944491,Technology
2023-10-23,NVDA,219.5002,9775323,Technology
2023-10-23,ORCL,75.3468,11243322,Technology
2023-10-23,TSLA,287.6754,15297471,Technology
2023-10-24,AAPL,179.0866,15438068,Technology
2023-10-24,AMZN,110.595,6975678,Technology
2023-10-24,AVGO,874.8264,18217219,Technology
2023-10-24,GOOGL,88.5997,2095231,Technology
2023-10-24,META,362.3927,15081763,Technology
2023-10-24,MSFT,344.9762,13405299,Technology
2023-10-24,NFLX,449.7142,19668764,Technology
2023-10-24,NVDA,218.3173,12988015,Technology
2023-10-24,ORCL,76.1019,7634929,Technology
2023-10-24,TSLA,287.6811,8389237,Technology
2023-10-25,AAPL,178.529,19332079,Technology
2023-10-25,AMZN,111.8013,14334387,Technology
2023-10-25,AVGO,904.402,10424074,Technology
2023-10-25,GOOGL,89.2568,18665512,Technology
2023-10-25,META,365.82,8801752,Technology
2023-10-25,MSFT,346.595,11281042,Technology
2023-10-25,NFLX,458.5348,9814667,Technology
2023-10-25,NVDA,222.547,14277817,Technology
2023-10-25,ORCL,77.7699,12188268,Technology
2023-10-25,TSLA,280.7696,10095566,Technology
2023-10-26,AAPL,179.6764,4533626,Technology
2023-10-26,AMZN,115.0282,19434329,Technology
2023-10-26,AVGO,899.4478,4450157,Technology
2023-10-26,GOOGL,89.6944,9836793,Technology
2023-10-26,META,357.0804,2372886,Technology
2023-10-26,MSFT,345.4059,7008062,Technology
2023-10-26,NFLX,452.6619,2538918,Technology
2023-10-26,NVDA,221.5919,8167434,Technology
2023-10-26,ORCL,76.6502,8273237,Technology
2023-10-26,TSLA,283.1255,17026484,Technology
2023-10-27,AAPL,184.6545,15035900,Technology
2023-10-27,AMZN,113.872,14062567,Technology
2023-10-27,AVGO,900.2067,6523926,Technology
2023-10-27,GOOGL,90.6023,3440715,Technology
2023-10-27,META,362.5002,13600678,Technology
2023-10-27,MSFT,349.5479,19104573,Technology
2023-10-27,NFLX,457.731,9312156,Technology
2023-10-27,NVDA,221.188,10148925,Technology
2023-10-27,ORCL,76.0694,11318091,Technology
2023-10-27,TSLA,281.2407,4422899,Technology
2023-10-30,AAPL,183.6848,19638960,Technology
2023-10-30,AMZN,114.1105,2776080,Technology
2023-10-30,AVGO,900.4666,12003632,Technology
2023-10-30,GOOGL,91.0112,2679596,Technology
2023-10-30,META,352.2232,2787320,Technology
2023-10-30,MSFT,348.0243,7891207,Technology
2023-10-30,NFLX,444.4198,15735894,Technology
2023-10-30,NVDA,229.4785,6426709,Technology
2023-10-30,ORCL,77.6851,9407706,Technology
2023-10-30,TSLA,289.0889,5302114,Technology
2023-10-31,AAPL,188.3348,8583950,Technology
2023-10-31,AMZN,113.181,9824089,Technology
2023-10-31,AVGO,888.5546,13036110,Technology
2023-10-31,GOOGL,88.0991,13051380,Technology
2023-10-31,META,352.3404,4567440,Technology
2023-10-31,MSFT,356.0018,15189032,Technology
2023-10-31,NFLX,440.3569,13896534,Technology
2023-10-31,NVDA,234.2518,10276388,Technology
2023-10-31,ORCL,77.6152,13864000,Technology
2023-10-31,TSLA,290.7869,18859186,Technology
2023-11-01,AAPL,187.4654,16232275,Technology
2023-11-01,AMZN,111.9817,8017303,Technology
2023-11-01,AVGO,918.7705,19266963,Technology
2023-11-01,GOOGL,90.6638,11378099,Technology
2023-11-01,META,355.2256,13292918,Technology
2023-11-01,MSFT,356.3039,15156774,Technology
2023-11-01,NFLX,439.3893,3682953,Technology
2023-11-01,NVDA,233.9375,12791246,Technology
2023-11-01,ORCL,78.6051,15829652,Technology
2023-11-01,TSLA,274.7618,3508210,Technology
2023-11-02,AAPL,190.8111,10186148,Technology
2023-11-02,AMZN,113.1163,2779714,Technology
2023-11-02,AVGO,933.26,4588248,Technology
2023-11-02,GOOGL,90.2572,19022885,Technology
2023-11-02,META,372.8306,19237118,Technology
2023-11-02,MSFT,349.8715,8448009,Technology
2023-11-02,NFLX,429.8535,8204913,Technology
2023-11-02,NVDA,241.9822,13635979,Technology
2023-11-02,ORCL,79.02,15858362,Technology
2023-11-02,TSLA,282.1486,8657730,Technology
2023-11-03,AAPL,191.2054,14110910,Technology
2023-11-03,AMZN,110.113,15327503,Technology
2023-11-03,AVGO,939.2604,16803942,Technology
2023-11-03,GOOGL,88.5153,16764117,Technology
2023-11-03,META,374.4867,3914101,Technology
2023-11-03,MSFT,351.7807,3139952,Technology
2023-11-03,NFLX,426.9555,13346350,Technology
2023-11-03,NVDA,242.9892,2036855,Technology
2023-11-03,ORCL,78.7061,7310275,Technology
2023-11-03,TSLA,276.4602,13689285,Technology
2023-11-06,AAPL,189.6472,16803511,Technology
2023-11-06,AMZN,111.194,16138856,Technology
2023-11-06,AVGO,942.1789,19116391,Technology
2023-11-06,GOOGL,87.6383,5630730,Technology
2023-11-06,META,374.0174,14734203,Technology
2023-11-06,MSFT,348.8256,9733575,Technology
2023-11-06,NFLX,431.9729,12112293,Technology
2023-11-06,NVDA,231.8005,14108715,Technology
2023-11-06,ORCL,78.3775,11769966,Technology
2023-11-06,TSLA,271.1494,11156009,Technology
2023-11-07,AAPL,186.643,18925254,Technology
2023-11-07,AMZN,110.7038,10731105,Technology
2023-11-07,AVGO,915.3744,6364335,Technology
2023-11-07,GOOGL,86.5783,13823916,Technology
2023-11-07,META,367.6763,5641789,Technology
2023-11-07,MSFT,348.3178,5813326,Technology
2023-11-07,NFLX,429.7187,16557358,Technology
2023-11-07,NVDA,233.599,9436934,Technology
2023-11-07,ORCL,77.5709,7780564,Technology
2023-11-07,TSLA,276.2377,12585455,Technology
2023-11-08,AAPL,188.2277,2450443,Technology
2023-11-08,AMZN,113.728,14985255,Technology
2023-11-08,AVGO,920.5609,9037993,Technology
2023-11-08,GOOGL,86.9628,2604968,Technology
2023-11-08,META,358.8491,9997871,Technology
2023-11-08,MSFT,347.5041,8079592,Technology
2023-11-08,NFLX,441.8622,17881163,Technology
2023-11-08,NVDA,240.1243,15724374,Technology
2023-11-08,ORCL,77.9517,5121480,Technology
2023-11-08,TSLA,279.2527,7352273,Technology
2023-11-09,AAPL,189.5417,17916227,Technology
2023-11-09,AMZN,116.509,12668719,Technology
2023-11-09,AVGO,900.2962,5480683,Technology
2023-11-09,GOOGL,85.9834,12791268,Technology
2023-11-09,META,360.0149,4936599,Technology
2023-11-09,MSFT,356.1015,12402805,Technology
2023-11-09,NFLX,450.8034,15796838,Technology
2023-11-09,NVDA,235.2801,11686366,Technology
2023-11-09,ORCL,76.7881,15042668,Technology
2023-11-09,TSLA,278.2644,8140109,Technology
2023-11-10,AAPL,184.1837,5984609,Technology
2023-11-10,AMZN,115.9498,14183345,Technology
2023-11-10,AVGO,903.4859,19340432,Technology
2023-11-10,GOOGL,85.0817,5050692,Technology
2023-11-10,META,358.1574,3005759,Technology
2023-11-10,MSFT,351.398,8187313,Technology
2023-11-10,NFLX,453.5515,8063344,Technology
2023-11-10,NVDA,237.2081,3395416,Technology
2023-11-10,ORCL,77.7397,5703208,Technology
2023-11-10,TSLA,264.6946,12436907,Technology
2023-11-13,AAPL,182.129,3137906,Technology
2023-11-13,AMZN,117.1617,7862329,Technology
2023-11-13,AVGO,899.1216,6971921,Technology
2023-11-13,GOOGL,85.0196,2649100,Technology
2023-11-13,META,361.6808,14456741,Technology
2023-11-13,MSFT,349.448,14285934,Technology
2023-11-13,NFLX,447.1931,18628867,Technology
2023-11-13,NVDA,230.0519,2557055,Technology
2023-11-13,ORCL,76.8209,16219010,Technology
2023-11-13,TSLA,259.2377,17193177,Technology
2023-11-14,AAPL,184.7301,7439423,Technology
2023-11-14,AMZN,117.529,3765154,Technology
2023-11-14,AVGO,905.2942,15313789,Technology
2023-11-14,GOOGL,85.0514,4834005,Technology
2023-11-14,META,359.32,16848648,Technology
2023-11-14,MSFT,351.6079,16110015,Technology
2023-11-14,NFLX,458.7466,15989935,Technology
2023-11-14,NVDA,233.961,14100426,Technology
2023-11-14,ORCL,77.12,13654592,Technology
2023-11-14,TSLA,254.1896,7734409,Technology
2023-11-15,AAPL,179.7635,9349325,Technology
2023-11-15,AMZN,115.8301,15279461,Technology
2023-11-15,AVGO,901.0572,18998139,Technology
2023-11-15,GOOGL,85.1117,19942708,Technology
2023-11-15,META,356.8974,3850675,Technology
2023-11-15,MSFT,352.4107,10272471,Technology
2023-11-15,NFLX,469.9185,9176068,Technology
2023-11-15,NVDA,227.466,8353905,Technology
2023-11-15,ORCL,76.6203,10945202,Technology
2023-11-15,TSLA,256.7599,5211484,Technology
2023-11-16,AAPL,183.7481,7478562,Technology
2023-11-16,AMZN,117.1835,5971929,Technology
2023-11-16,AVGO,910.4885,14100285,Technology
2023-11-16,GOOGL,85.3624,9112576,Technology
2023-11-16,META,354.6369,17056700,Technology
2023-11-16,MSFT,359.0141,9943147,Technology
2023-11-16,NFLX,476.8778,15916607,Technology
2023-11-16,NVDA,231.2533,8443383,Technology
2023-11-16,ORCL,76.6647,6873328,Technology
2023-11-16,TSLA,264.1577,15223263,Technology
2023-11-17,AAPL,188.6366,10867243,Technology
2023-11-17,AMZN,115.8202,10477824,Technology
2023-11-17,AVGO,923.7625,15690522,Technology
2023-11-17,GOOGL,84.2178,12549442,Technology
2023-11-17,META,362.4463,4553030,Technology
2023-11-17,MSFT,365.6788,2012166,Technology
2023-11-17,NFLX,486.3626,17295743,Technology
2023-11-17,NVDA,222.6333,5189359,Technology
2023-11-17,ORCL,77.7385,12227408,Technology
2023-11-17,TSLA,273.7227,19805696,Technology
2023-11-20,AAPL,193.2608,4441952,Technology
2023-11-20,AMZN,111.7453,4608942,Technology
2023-11-20,AVGO,931.5443,7600890,Technology
2023-11-20,GOOGL,82.1957,3235109,Technology
2023-11-20,META,363.8295,9688437,Technology
2023-11-20,MSFT,368.9475,14394653,Technology
2023-11-20,NFLX,484.0829,17383464,Technology
2023-11-20,NVDA,223.664,2151764,Technology
2023-11-20,ORCL,77.2437,12907707,Technology
2023-11-20,TSLA,275.8298,12352480,Technology
2023-11-21,AAPL,196.6087,10165587,Technology
2023-11-21,AMZN,112.1808,18701968,Technology
2023-11-21,AVGO,932.4669,3847019,Technology
2023-11-21,GOOGL,82.0003,3622985,Technology
2023-11-21,META,363.1216,4652777,Technology
2023-11-21,MSFT,368.2914,4374435,Technology
2023-11-21,NFLX,502.8551,16985539,Technology
2023-11-21,NVDA,216.2871,10328465,Technology
2023-11-21,ORCL,77.1377,6545642,Technology
2023-11-21,TSLA,284.0038,13078594,Technology
2023-11-22,AAPL,194.5427,19027533,Technology
2023-11-22,AMZN,110.4129,4455283,Technology
2023-11-22,AVGO,921.2474,13887585,Technology
2023-11-22,GOOGL,81.5313,18470161,Technology
2023-11-22,META,360.4467,17821821,Technology
2023-11-22,MSFT,366.8195,18789060,Technology
2023-11-22,NFLX,510.9164,2017607,Technology
2023-11-22,NVDA,221.2118,5987373,Technology
2023-11-22,ORCL,78.8111,19709616,Technology
2023-11-22,TSLA,288.8034,4133919,Technology
2023-11-23,AAPL,190.7079,9544281,Technology
2023-11-23,AMZN,110.9756,14956781,Technology
2023-11-23,AVGO,909.6388,7378799,Technology
2023-11-23,GOOGL,83.8073,8265714,Technology
2023-11-23,META,356.4772,8925388,Technology
2023-11-23,MSFT,364.7327,6932350,Technology
2023-11-23,NFLX,524.4109,14018894,Technology
2023-11-23,NVDA,219.3308,2356070,Technology
2023-11-23,ORCL,78.4651,2058807,Technology
2023-11-23,TSLA,292.3487,6929273,Technology
2023-11-24,AAPL,190.7377,9467921,Technology
2023-11-24,AMZN,107.5493,5639796,Technology
2023-11-24,AVGO,927.0251,10178613,Technology
2023-11-24,GOOGL,84.8213,12914541,Technology
2023-11-24,META,365.977,4023356,Technology
2023-11-24,MSFT,362.884,8693187,Technology
2023-11-24,NFLX,511.9891,18332102,Technology
2023-11-24,NVDA,217.3909,8440778,Technology
2023-11-24,ORCL,79.303,18700502,Technology
2023-11-24,TSLA,278.3315,7192618,Technology
2023-11-27,AAPL,189.2972,3782389,Technology
2023-11-27,AMZN,103.9181,4289811,Technology
2023-11-27,AVGO,944.7144,3267249,Technology
2023-11-27,GOOGL,84.617,5501453,Technology
2023-11-27,META,357.4667,5052063,Technology
2023-11-27,MSFT,360.1084,18268404,Technology
2023-11-27,NFLX,511.2076,9007153,Technology
2023-11-27,NVDA,228.1456,3619397,Technology
2023-11-27,ORCL,81.377,10185690,Technology
2023-11-27,TSLA,283.8378,18518475,Technology
2023-11-28,AAPL,186.6933,19127387,Technology
2023-11-28,AMZN,103.7396,4457026,Technology
2023-11-28,AVGO,978.0605,8144789,Technology
2023-11-28,GOOGL,86.1475,6699935,Technology
2023-11-28,META,359.9785,19205283,Technology
2023-11-28,MSFT,362.6694,7499166,Technology
2023-11-28,NFLX,516.1,19633709,Technology
2023-11-28,NVDA,225.1006,14920571,Technology
2023-11-28,ORCL,82.6837,6987649,Technology
2023-11-28,TSLA,295.7685,18641285,Technology
2023-11-29,AAPL,186.975,2588893,Technology
2023-11-29,AMZN,103.2029,17329724,Technology
2023-11-29,AVGO,973.9757,6897850,Technology
2023-11-29,GOOGL,85.4552,9328423,Technology
2023-11-29,META,362.0902,8431542,Technology
2023-11-29,MSFT,366.9361,14589944,Technology
2023-11-29,NFLX,516.3643,8969373,Technology
2023-11-29,NVDA,222.5281,6216642,Technology
2023-11-29,ORCL,82.6248,12214165,Technology
2023-11-29,TSLA,294.9876,13995805,Technology
2023-11-30,AAPL,185.1312,19109993,Technology
2023-11-30,AMZN,102.2052,8184368,Technology
2023-11-30,AVGO,989.6463,18040101,Technology
2023-11-30,GOOGL,85.875,7296532,Technology
2023-11-30,META,359.6005,18619752,Technology
2023-11-30,MSFT,367.8122,14666564,Technology
2023-11-30,NFLX,517.8091,5479992,Technology
2023-11-30,NVDA,218.0602,7053614,Technology
2023-11-30,ORCL,82.742,9698731,Technology
2023-11-30,TSLA,298.2519,17098219,Technology
2023-12-01,AAPL,187.2719,17398103,Technology
2023-12-01,AMZN,102.5201,17955361,Technology
2023-12-01,AVGO,988.9185,4031076,Technology
2023-12-01,GOOGL,86.2147,19046278,Technology
2023-12-01,META,357.4114,18557724,Technology
2023-12-01,MSFT,374.9419,2019553,Technology
2023-12-01,NFLX,521.7833,13014017,Technology
2023-12-01,NVDA,218.4118,18281136,Technology
2023-12-01,ORCL,83.0636,19670539,Technology
2023-12-01,TSLA,302.2729,15587565,Technology
2023-12-04,AAPL,190.6114,11800385,Technology
2023-12-04,AMZN,100.1137,13483985,Technology
2023-12-04,AVGO,968.8417,17772361,Technology
2023-12-04,GOOGL,87.3031,17770034,Technology
2023-12-04,META,364.8302,5205219,Technology
2023-12-04,MSFT,372.556,6071435,Technology
2023-12-04,NFLX,529.8944,2458735,Technology
2023-12-04,NVDA,217.7075,5529562,Technology
2023-12-04,ORCL,82.1435,8963924,Technology
2023-12-04,TSLA,318.4305,19277420,Technology
2023-12-05,AAPL,193.0893,19601165,Technology
2023-12-05,AMZN,98.3326,13007505,Technology
2023-12-05,AVGO,973.5698,14445864,Technology
2023-12-05,GOOGL,84.2319,16636652,Technology
2023-12-05,META,359.1621,11548651,Technology
2023-12-05,MSFT,373.1176,14239689,Technology
2023-12-05,NFLX,514.3162,19016183,Technology
2023-12-05,NVDA,214.7203,16780222,Technology
2023-12-05,ORCL,81.5281,4150005,Technology
2023-12-05,TSLA,321.4636,11716935,Technology
2023-12-06,AAPL,191.4766,5416554,Technology
2023-12-06,AMZN,100.5075,17390072,Technology
2023-12-06,AVGO,981.2472,6043401,Technology
2023-12-06,GOOGL,82.5279,19388998,Technology
2023-12-06,META,350.9094,4703960,Technology
2023-12-06,MSFT,380.7726,16707962,Technology
2023-12-06,NFLX,512.4,13669133,Technology
2023-12-06,NVDA,207.3137,12243840,Technology
2023-12-06,ORCL,81.9331,16423396,Technology
2023-12-06,TSLA,321.8417,16985080,Technology
2023-12-07,AAPL,193.6776,4198874,Technology
2023-12-07,AMZN,104.5146,3556537,Technology
2023-12-07,AVGO,956.2498,3854902,Technology
2023-12-07,GOOGL,81.6928,12137034,Technology
2023-12-07,META,345.1057,14010920,Technology
2023-12-07,MSFT,381.4082,19786788,Technology
2023-12-07,NFLX,514.9186,3441879,Technology
2023-12-07,NVDA,213.0756,10892203,Technology
2023-12-07,ORCL,82.7946,2981038,Technology
2023-12-07,TSLA,321.0514,2463991,Technology
2023-12-08,AAPL,195.5094,13929837,Technology
2023-12-08,AMZN,105.8387,19921958,Technology
2023-12-08,AVGO,977.4836,12782845,Technology
2023-12-08,GOOGL,81.9795,19302297,Technology
2023-12-08,META,341.3414,8270942,Technology
2023-12-08,MSFT,379.267,3274909,Technology
2023-12-08,NFLX,512.752,15279146,Technology
2023-12-08,NVDA,206.7232,12182726,Technology
2023-12-08,ORCL,83.2703,11872832,Technology
2023-12-08,TSLA,326.7026,12280972,Technology
2023-12-11,AAPL,193.1565,13550680,Technology
2023-12-11,AMZN,104.2491,12648455,Technology
2023-12-11,AVGO,977.6035,8525888,Technology
2023-12-11,GOOGL,79.9546,10259271,Technology
2023-12-11,META,352.7678,3870606,Technology
2023-12-11,MSFT,380.6879,8895258,Technology
2023-12-11,NFLX,510.4391,2977823,Technology
2023-12-11,NVDA,204.7535,14282904,Technology
2023-12-11,ORCL,82.6271,6831457,Technology
2023-12-11,TSLA,345.4416,15177609,Technology
2023-12-12,AAPL,192.8023,16162302,Technology
2023-12-12,AMZN,105.0361,15140319,Technology
2023-12-12,AVGO,993.8093,17060764,Technology
2023-12-12,GOOGL,78.4363,2492312,Technology
2023-12-12,META,361.389,18791873,Technology
2023-12-12,MSFT,380.6008,7640326,Technology
2023-12-12,NFLX,505.9435,13331670,Technology
2023-12-12,NVDA,203.3979,4308435,Technology
2023-12-12,ORCL,83.1212,14361036,Technology
2023-12-12,TSLA,329.3997,7308948,Technology
2023-12-13,AAPL,192.5868,6384240,Technology
2023-12-13,AMZN,103.8438,15251219,Technology
2023-12-13,AVGO,977.0514,19338399,Technology
2023-12-13,GOOGL,78.8459,4092829,Technology
2023-12-13,META,356.4007,16592949,Technology
2023-12-13,MSFT,378.5077,17857801,Technology
2023-12-13,NFLX,509.3611,5526191,Technology
2023-12-13,NVDA,202.9059,3170887,Technology
2023-12-13,ORCL,80.9144,5688069,Technology
2023-12-13,TSLA,327.4657,3973067,Technology
2023-12-14,AAPL,195.1369,3234982,Technology
2023-12-14,AMZN,103.9184,12430406,Technology
2023-12-14,AVGO,957.8487,17573010,Technology
2023-12-14,GOOGL,80.4008,19895564,Technology
2023-12-14,META,355.84,2039217,Technology
2023-12-14,MSFT,384.219,15556840,Technology
2023-12-14,NFLX,501.0456,9400429,Technology
2023-12-14,NVDA,202.7177,6103373,Technology
2023-12-14,ORCL,81.9046,2177409,Technology
2023-12-14,TSLA,323.2817,9999291,Technology
2023-12-15,AAPL,197.7497,15772832,Technology
2023-12-15,AMZN,105.5327,18052807,Technology
2023-12-15,AVGO,968.6037,7043664,Technology
2023-12-15,GOOGL,81.1328,14184433,Technology
2023-12-15,META,353.3133,18795709,Technology
2023-12-15,MSFT,390.9432,4396632,Technology
2023-12-15,NFLX,496.5117,4585666,Technology
2023-12-15,NVDA,208.6627,11415439,Technology
2023-12-15,ORCL,81.119,8076906,Technology
2023-12-15,TSLA,308.3631,9780787,Technology
2023-12-18,AAPL,198.3721,17654517,Technology
2023-12-18,AMZN,104.7207,12326614,Technology
2023-12-18,AVGO,967.0185,6530074,Technology
2023-12-18,GOOGL,81.2946,19198022,Technology
2023-12-18,META,359.2322,7764608,Technology
2023-12-18,MSFT,393.9578,11549148,Technology
2023-12-18,NFLX,496.0181,7036404,Technology
2023-12-18,NVDA,209.4327,14203616,Technology
2023-12-18,ORCL,80.5784,9736447,Technology
2023-12-18,TSLA,307.1926,19875390,Technology
2023-12-19,AAPL,200.3487,7914071,Technology
2023-12-19,AMZN,104.2113,2091396,Technology
2023-12-19,AVGO,955.1871,11140823,Technology
2023-12-19,GOOGL,82.3768,11297075,Technology
2023-12-19,META,367.3371,9030792,Technology
2023-12-19,MSFT,394.0287,2152545,Technology
2023-12-19,NFLX,490.0634,2302722,Technology
2023-12-19,NVDA,206.6545,19855124,Technology
2023-12-19,ORCL,80.0458,6148789,Technology
2023-12-19,TSLA,322.5881,15169407,Technology
2023-12-20,AAPL,204.0754,2051039,Technology
2023-12-20,AMZN,104.7556,10471747,Technology
2023-12-20,AVGO,930.1692,19695558,Technology
2023-12-20,GOOGL,84.7359,6468636,Technology
2023-12-20,META,365.2356,10611776,Technology
2023-12-20,MSFT,390.9835,15003776,Technology
2023-12-20,NFLX,480.823,7067017,Technology
2023-12-20,NVDA,204.8528,6552579,Technology
2023-12-20,ORCL,79.1423,6801243,Technology
2023-12-20,TSLA,328.2913,3423207,Technology
2023-12-21,AAPL,209.0976,17451310,Technology
2023-12-21,AMZN,104.7343,15834915,Technology
2023-12-21,AVGO,944.2833,3495680,Technology
2023-12-21,GOOGL,84.9122,3674169,Technology
2023-12-21,META,353.3464,3211645,Technology
2023-12-21,MSFT,386.7498,13305440,Technology
2023-12-21,NFLX,481.3897,4921621,Technology
2023-12-21,NVDA,199.8087,12082087,Technology
2023-12-21,ORCL,78.3224,11947084,Technology
2023-12-21,TSLA,333.5138,16279764,Technology
2023-12-22,AAPL,210.1618,6511775,Technology
2023-12-22,AMZN,106.9189,10626848,Technology
2023-12-22,AVGO,966.7293,6369395,Technology
2023-12-22,GOOGL,83.852,3368518,Technology
2023-12-22,META,338.4218,7012570,Technology
2023-12-22,MSFT,389.951,14358191,Technology
2023-12-22,NFLX,479.575,4515149,Technology
2023-12-22,NVDA,190.0367,13537393,Technology
2023-12-22,ORCL,78.6291,11966784,Technology
2023-12-22,TSLA,332.5617,11127083,Technology
2023-12-25,AAPL,211.5025,5140948,Technology
2023-12-25,AMZN,107.4307,16364315,Technology
2023-12-25,AVGO,983.7899,10909569,Technology
2023-12-25,GOOGL,81.811,18765132,Technology
2023-12-25,META,330.8535,3628046,Technology
2023-12-25,MSFT,394.3969,17479325,Technology
2023-12-25,NFLX,470.6734,9257946,Technology
2023-12-25,NVDA,193.0024,18975336,Technology
2023-12-25,ORCL,78.1893,7700920,Technology
2023-12-25,TSLA,325.3355,6969944,Technology
2023-12-26,AAPL,211.26,2267485,Technology
2023-12-26,AMZN,108.3418,6329206,Technology
2023-12-26,AVGO,964.6459,3871378,Technology
2023-12-26,GOOGL,80.7058,18097692,Technology
2023-12-26,META,334.9172,8930313,Technology
2023-12-26,MSFT,396.612,15544021,Technology
2023-12-26,NFLX,479.1957,12733616,Technology
2023-12-26,NVDA,202.664,9785867,Technology
2023-12-26,ORCL,78.5245,16852148,Technology
2023-12-26,TSLA,318.7836,15986820,Technology
2023-12-27,AAPL,210.803,16219723,Technology
2023-12-27,AMZN,106.5631,12052765,Technology
2023-12-27,AVGO,952.7073,16056594,Technology
2023-12-27,GOOGL,80.9,6843364,Technology
2023-12-27,META,334.8685,7747684,Technology
2023-12-27,MSFT,398.0397,12612330,Technology
2023-12-27,NFLX,469.7252,8201908,Technology
2023-12-27,NVDA,206.1995,19911916,Technology
2023-12-27,ORCL,80.2155,5656541,Technology
2023-12-27,TSLA,311.8862,14722576,Technology
2023-12-28,AAPL,211.1167,5136431,Technology
2023-12-28,AMZN,109.5358,19098810,Technology
2023-12-28,AVGO,948.0992,17073416,Technology
2023-12-28,GOOGL,82.6674,18378694,Technology
2023-12-28,META,326.2677,9450998,Technology
2023-12-28,MSFT,388.3153,7661066,Technology
2023-12-28,NFLX,466.5142,17704070,Technology
2023-12-28,NVDA,205.3339,10398561,Technology
2023-12-28,ORCL,78.4497,3641199,Technology
2023-12-28,TSLA,304.9559,9800797,Technology
2023-12-29,AAPL,213.8398,2943182,Technology
2023-12-29,AMZN,109.8151,4388816,Technology
2023-12-29,AVGO,929.7264,8764802,Technology
2023-12-29,GOOGL,82.0832,10981988,Technology
2023-12-29,META,330.7391,16283028,Technology
2023-12-29,MSFT,397.1496,4516943,Technology
2023-12-29,NFLX,465.5338,15049787,Technology
2023-12-29,NVDA,212.2415,8506493,Technology
2023-12-29,ORCL,76.9036,15328209,Technology
2023-12-29,TSLA,320.97,18782624,Technology
2024-01-01,AAPL,213.7671,15421974,Technology
2024-01-01,AMZN,109.0939,3633131,Technology
2024-01-01,AVGO,896.5057,8886570,Technology
2024-01-01,GOOGL,82.7364,17709364,Technology
2024-01-01,META,325.1577,13771175,Technology
2024-01-01,MSFT,396.9829,11961139,Technology
2024-01-01,NFLX,474.5308,18615621,Technology
2024-01-01,NVDA,212.9602,6041867,Technology
2024-01-01,ORCL,77.6441,10752627,Technology
2024-01-01,TSLA,322.9892,17145758,Technology
2024-01-02,AAPL,210.2323,10572427,Technology
2024-01-02,AMZN,111.7062,10636093,Technology
2024-01-02,AVGO,893.0252,12829921,Technology
2024-01-02,GOOGL,84.6888,5722015,Technology
2024-01-02,META,334.8655,6426346,Technology
2024-01-02,MSFT,399.3156,12800141,Technology
2024-01-02,NFLX,457.6447,19675684,Technology
2024-01-02,NVDA,203.4253,7002794,Technology
2024-01-02,ORCL,77.5609,3722305,Technology
2024-01-02,TSLA,316.2983,13900347,Technology
2024-01-03,AAPL,210.9664,3962972,Technology
2024-01-03,AMZN,110.751,17442598,Technology
2024-01-03,AVGO,872.0248,19173286,Technology
2024-01-03,GOOGL,85.0,13134744,Technology
2024-01-03,META,328.4425,11607871,Technology
2024-01-03,MSFT,392.4794,14428569,Technology
2024-01-03,NFLX,440.3863,3202293,Technology
2024-01-03,NVDA,199.3062,2092867,Technology
2024-01-03,ORCL,77.9475,10271119,Technology
2024-01-03,TSLA,317.9236,13420948,Technology
2024-01-04,AAPL,207.593,11069096,Technology
2024-01-04,AMZN,113.5578,15451160,Technology
2024-01-04,AVGO,859.091,12361259,Technology
2024-01-04,GOOGL,85.9539,4807920,Technology
2024-01-04,META,332.1034,11584539,Technology
2024-01-04,MSFT,387.1288,17262057,Technology
2024-01-04,NFLX,433.2964,15999317,Technology
2024-01-04,NVDA,201.7699,5502946,Technology
2024-01-04,ORCL,77.4172,4981566,Technology
2024-01-04,TSLA,316.5296,2143470,Technology
2024-01-05,AAPL,208.5222,16098085,Technology
2024-01-05,AMZN,115.7047,15893030,Technology
2024-01-05,AVGO,876.7578,8492614,Technology
2024-01-05,GOOGL,88.2558,14164618,Technology
2024-01-05,META,334.8835,12457350,Technology
2024-01-05,MSFT,385.0012,11319484,Technology
2024-01-05,NFLX,451.6871,14143383,Technology
2024-01-05,NVDA,206.9657,2456694,Technology
2024-01-05,ORCL,77.7356,3932964,Technology
2024-01-05,TSLA,321.6405,18976922,Technology
2024-01-08,AAPL,208.3446,17605656,Technology
2024-01-08,AMZN,116.082,17735582,Technology
2024-01-08,AVGO,893.194,14106969,Technology
2024-01-08,GOOGL,90.136,13941633,Technology
2024-01-08,META,329.3177,9593133,Technology
2024-01-08,MSFT,381.6357,11171406,Technology
2024-01-08,NFLX,454.6765,6730383,Technology
2024-01-08,NVDA,210.0472,15273995,Technology
2024-01-08,ORCL,78.3348,6297873,Technology
2024-01-08,TSLA,327.6574,14120257,Technology
2024-01-09,AAPL,205.2599,19352471,Technology
2024-01-09,AMZN,113.2411,8667568,Technology
2024-01-09,AVGO,905.9046,9087411,Technology
2024-01-09,GOOGL,88.4323,11746531,Technology
2024-01-09,META,320.9066,15469102,Technology
2024-01-09,MSFT,381.7703,2982244,Technology
2024-01-09,NFLX,460.2983,10169595,Technology
2024-01-09,NVDA,215.0218,3339926,Technology
2024-01-09,ORCL,77.9058,12794894,Technology
2024-01-09,TSLA,327.3055,16649639,Technology
2024-01-10,AAPL,204.9454,3094857,Technology
2024-01-10,AMZN,115.1913,10357324,Technology
2024-01-10,AVGO,897.6887,15397575,Technology
2024-01-10,GOOGL,86.9845,2760736,Technology
2024-01-10,META,316.5796,14655679,Technology
2024-01-10,MSFT,377.8073,18162426,Technology
2024-01-10,NFLX,459.5519,3605363,Technology
2024-01-10,NVDA,214.5123,6499714,Technology
2024-01-10,ORCL,79.07,8960659,Technology
2024-01-10,TSLA,332.0713,15204092,Technology
2024-01-11,AAPL,202.1757,14349754,Technology
2024-01-11,AMZN,112.6385,3272574,Technology
2024-01-11,AVGO,883.5685,17340194,Technology
2024-01-11,GOOGL,85.2095,10862126,Technology
2024-01-11,META,316.701,19890295,Technology
2024-01-11,MSFT,383.5052,4029385,Technology
2024-01-11,NFLX,472.7,8441820,Technology
2024-01-11,NVDA,216.7681,13267904,Technology
2024-01-11,ORCL,79.1853,3475948,Technology
2024-01-11,TSLA,331.0474,17765551,Technology
2024-01-12,AAPL,202.6646,10824839,Technology
2024-01-12,AMZN,109.8587,18081819,Technology
2024-01-12,AVGO,904.3601,12320208,Technology
2024-01-12,GOOGL,85.4369,19736503,Technology
2024-01-12,META,317.2341,2308783,Technology
2024-01-12,MSFT,382.0598,10992485,Technology
2024-01-12,NFLX,487.5652,18750998,Technology
2024-01-12,NVDA,220.4764,3741069,Technology
2024-01-12,ORCL,79.6267,14823650,Technology
2024-01-12,TSLA,336.5384,19114989,Technology
2024-01-15,AAPL,203.711,3454228,Technology
2024-01-15,AMZN,109.6629,9666240,Technology
2024-01-15,AVGO,870.7741,16636892,Technology
2024-01-15,GOOGL,87.5273,10834496,Technology
2024-01-15,META,303.1663,18576273,Technology
2024-01-15,MSFT,377.1921,19598545,Technology
2024-01-15,NFLX,493.585,9223621,Technology
2024-01-15,NVDA,211.9096,12665553,Technology
2024-01-15,ORCL,78.1771,8920559,Technology
2024-01-15,TSLA,345.368,2057558,Technology
2024-01-16,AAPL,203.2241,12949353,Technology
2024-01-16,AMZN,110.1238,6856208,Technology
2024-01-16,AVGO,866.452,13306130,Technology
2024-01-16,GOOGL,85.9626,19719104,Technology
2024-01-16,META,298.0484,3072393,Technology
2024-01-16,MSFT,374.0355,19763885,Technology
2024-01-16,NFLX,512.7777,10409470,Technology
2024-01-16,NVDA,213.1426,13273347,Technology
2024-01-16,ORCL,78.7362,13070952,Technology
2024-01-16,TSLA,334.2411,3210702,Technology
2024-01-17,AAPL,205.4262,13395381,Technology
2024-01-17,AMZN,112.3759,16300617,Technology
2024-01-17,AVGO,870.4033,2461530,Technology
2024-01-17,GOOGL,86.8962,5997670,Technology
2024-01-17,META,291.6899,17601905,Technology
2024-01-17,MSFT,376.5898,17494652,Technology
2024-01-17,NFLX,522.3363,5688506,Technology
2024-01-17,NVDA,211.5142,3941131,Technology
2024-01-17,ORCL,77.8912,6891019,Technology
2024-01-17,TSLA,328.9983,5206070,Technology
2024-01-18,AAPL,206.4643,11870415,Technology
2024-01-18,AMZN,111.6271,16178453,Technology
2024-01-18,AVGO,850.3953,12204739,Technology
2024-01-18,GOOGL,86.3943,12379973,Technology
2024-01-18,META,300.5033,16742188,Technology
2024-01-18,MSFT,375.7275,12230846,Technology
2024-01-18,NFLX,518.0087,19929995,Technology
2024-01-18,NVDA,214.7323,6290465,Technology
2024-01-18,ORCL,78.7047,17872513,Technology
2024-01-18,TSLA,327.1007,9526868,Technology
2024-01-19,AAPL,202.3254,11550023,Technology
2024-01-19,AMZN,115.0904,15243694,Technology
2024-01-19,AVGO,883.2694,3778475,Technology
2024-01-19,GOOGL,88.6138,10609761,Technology
2024-01-19,META,299.6955,17359619,Technology
2024-01-19,MSFT,371.0051,15729066,Technology
2024-01-19,NFLX,530.0591,3414702,Technology
2024-01-19,NVDA,214.0505,8004592,Technology
2024-01-19,ORCL,77.0553,11430836,Technology
2024-01-19,TSLA,326.5424,12510181,Technology
2024-01-22,AAPL,210.5917,10166877,Technology
2024-01-22,AMZN,117.102,2986610,Technology
2024-01-22,AVGO,888.8262,18572054,Technology
2024-01-22,GOOGL,89.4397,11733823,Technology
2024-01-22,META,302.823,19492752,Technology
2024-01-22,MSFT,376.6616,19180153,Technology
2024-01-22,NFLX,522.5012,4940890,Technology
2024-01-22,NVDA,215.5477,16294000,Technology
2024-01-22,ORCL,77.1577,7797440,Technology
2024-01-22,TSLA,334.5996,13478863,Technology
2024-01-23,AAPL,209.645,14632029,Technology
2024-01-23,AMZN,119.9578,17983602,Technology
2024-01-23,AVGO,896.5879,17289741,Technology
2024-01-23,GOOGL,88.129,14354095,Technology
2024-01-23,META,306.5613,16900792,Technology
2024-01-23,MSFT,376.9645,3215586,Technology
2024-01-23,NFLX,518.0006,9594192,Technology
2024-01-23,NVDA,223.4095,13152198,Technology
2024-01-23,ORCL,75.8927,17087941,Technology
2024-01-23,TSLA,322.5239,5241158,Technology
2024-01-24,AAPL,208.9352,17350269,Technology
2024-01-24,AMZN,118.9764,3997397,Technology
2024-01-24,AVGO,875.0297,6563256,Technology
2024-01-24,GOOGL,88.1393,5146406,Technology
2024-01-24,META,304.3803,3005581,Technology
2024-01-24,MSFT,376.2613,6719334,Technology
2024-01-24,NFLX,522.8028,16853012,Technology
2024-01-24,NVDA,220.6365,15753774,Technology
2024-01-24,ORCL,75.9156,12917970,Technology
2024-01-24,TSLA,323.7872,7401810,Technology
2024-01-25,AAPL,206.1303,14975118,Technology
2024-01-25,AMZN,117.1577,8580280,Technology
2024-01-25,AVGO,880.7782,19524432,Technology
2024-01-25,GOOGL,90.1945,10281270,Technology
2024-01-25,META,314.0425,14671331,Technology
2024-01-25,MSFT,378.1232,16207219,Technology
2024-01-25,NFLX,531.278,10419098,Technology
2024-01-25,NVDA,216.3085,3539624,Technology
2024-01-25,ORCL,74.9393,12817163,Technology
2024-01-25,TSLA,324.6482,10731079,Technology
2024-01-26,AAPL,202.2305,5870415,Technology
2024-01-26,AMZN,119.2735,5154813,Technology
2024-01-26,AVGO,869.4088,6476619,Technology
2024-01-26,GOOGL,89.918,14405789,Technology
2024-01-26,META,325.7456,8794294,Technology
2024-01-26,MSFT,378.7422,11118990,Technology
2024-01-26,NFLX,530.5248,11830030,Technology
2024-01-26,NVDA,212.046,3092365,Technology
2024-01-26,ORCL,75.9584,14580719,Technology
2024-01-26,TSLA,331.4484,16341431,Technology
2024-01-29,AAPL,200.3961,8100769,Technology
2024-01-29,AMZN,118.617,14768068,Technology
2024-01-29,AVGO,865.6944,10247682,Technology
2024-01-29,GOOGL,90.8749,12458147,Technology
2024-01-29,META,341.6281,8690316,Technology
2024-01-29,MSFT,374.9193,9477775,Technology
2024-01-29,NFLX,540.0157,5426969,Technology
2024-01-29,NVDA,216.1717,17258458,Technology
2024-01-29,ORCL,74.8194,5728356,Technology
2024-01-29,TSLA,325.4779,10657262,Technology
2024-01-30,AAPL,201.112,10162980,Technology
2024-01-30,AMZN,118.3933,5684826,Technology
2024-01-30,AVGO,867.5266,19837562,Technology
2024-01-30,GOOGL,90.9763,7857851,Technology
2024-01-30,META,344.4822,14625231,Technology
2024-01-30,MSFT,370.9527,14632591,Technology
2024-01-30,NFLX,538.947,10054808,Technology
2024-01-30,NVDA,217.2021,3170507,Technology
2024-01-30,ORCL,75.9338,7655812,Technology
2024-01-30,TSLA,330.3688,3737598,Technology
2024-01-31,AAPL,200.1353,9681752,Technology
2024-01-31,AMZN,119.9166,4044038,Technology
2024-01-31,AVGO,865.8782,5768858,Technology
2024-01-31,GOOGL,90.2046,11874141,Technology
2024-01-31,META,343.2328,17073869,Technology
2024-01-31,MSFT,376.3347,13088847,Technology
2024-01-31,NFLX,548.7213,7527768,Technology
2024-01-31,NVDA,224.8318,9954531,Technology
2024-01-31,ORCL,75.3787,7232218,Technology
2024-01-31,TSLA,343.4328,15589299,Technology
2024-02-01,AAPL,200.8763,13971941,Technology
2024-02-01,AMZN,119.7876,10612882,Technology
2024-02-01,AVGO,890.7965,15874560,Technology
2024-02-01,GOOGL,89.5533,6268504,Technology
2024-02-01,META,341.1397,17668585,Technology
2024-02-01,MSFT,379.5267,6994419,Technology
2024-02-01,NFLX,541.2318,12665990,Technology
2024-02-01,NVDA,232.9795,7426479,Technology
2024-02-01,ORCL,75.778,6156118,Technology
2024-02-01,TSLA,355.0273,7170884,Technology
2024-02-02,AAPL,199.8473,18613730,Technology
2024-02-02,AMZN,122.3246,19263867,Technology
2024-02-02,AVGO,879.1852,9223775,Technology
2024-02-02,GOOGL,87.7634,8586634,Technology
2024-02-02,META,347.294,3421879,Technology
2024-02-02,MSFT,377.5462,5657554,Technology
2024-02-02,NFLX,540.6664,12418517,Technology
2024-02-02,NVDA,231.8387,14196160,Technology
2024-02-02,ORCL,74.9662,2436967,Technology
2024-02-02,TSLA,362.8635,13923527,Technology
2024-02-05,AAPL,201.1008,3208399,Technology
2024-02-05,AMZN,121.3514,5776291,Technology
2024-02-05,AVGO,875.9517,8273704,Technology
2024-02-05,GOOGL,88.119,10977860,Technology
2024-02-05,META,348.5669,3387175,Technology
2024-02-05,MSFT,383.1972,16545081,Technology
2024-02-05,NFLX,535.1422,2860141,Technology
2024-02-05,NVDA,230.6838,12066644,Technology
2024-02-05,ORCL,74.3833,18834779,Technology
2024-02-05,TSLA,361.4325,4084745,Technology
2024-02-06,AAPL,201.8236,3738159,Technology
2024-02-06,AMZN,121.3538,8348810,Technology
2024-02-06,AVGO,887.1619,17419634,Technology
2024-02-06,GOOGL,88.6538,8701573,Technology
2024-02-06,META,337.6418,4694910,Technology
2024-02-06,MSFT,378.5588,13417296,Technology
2024-02-06,NFLX,540.7456,2774022,Technology
2024-02-06,NVDA,229.483,3724944,Technology
2024-02-06,ORCL,74.4496,10140424,Technology
2024-02-06,TSLA,353.8154,4043653,Technology
2024-02-07,AAPL,200.8459,15298327,Technology
2024-02-07,AMZN,119.9284,6812441,Technology
2024-02-07,AVGO,862.4504,8007738,Technology
2024-02-07,GOOGL,90.6872,17377869,Technology
2024-02-07,META,332.7733,5283641,Technology
2024-02-07,MSFT,377.6377,17021476,Technology
2024-02-07,NFLX,534.948,16714303,Technology
2024-02-07,NVDA,234.4194,15535340,Technology
2024-02-07,ORCL,75.8452,16401811,Technology
2024-02-07,TSLA,355.6252,14545434,Technology
2024-02-08,AAPL,202.3131,12556371,Technology
2024-02-08,AMZN,119.2791,3140645,Technology
2024-02-08,AVGO,845.9847,17052241,Technology
2024-02-08,GOOGL,90.5603,4360504,Technology
2024-02-08,META,332.4317,14574150,Technology
2024-02-08,MSFT,377.0643,14576165,Technology
2024-02-08,NFLX,528.1116,2952202,Technology
2024-02-08,NVDA,235.3459,13875032,Technology
2024-02-08,ORCL,75.2189,8857476,Technology
2024-02-08,TSLA,351.4393,10707297,Technology
2024-02-09,AAPL,199.0818,12108555,Technology
2024-02-09,AMZN,117.8477,8214078,Technology
2024-02-09,AVGO,831.5294,6096276,Technology
2024-02-09,GOOGL,91.4328,12366069,Technology
2024-02-09,META,322.0349,7391138,Technology
2024-02-09,MSFT,375.6072,15139250,Technology
2024-02-09,NFLX,531.6908,10131295,Technology
2024-02-09,NVDA,242.4998,2190917,Technology
2024-02-09,ORCL,75.7679,10837234,Technology
2024-02-09,TSLA,337.0053,16484983,Technology
2024-02-12,AAPL,198.5084,8364765,Technology
2024-02-12,AMZN,115.4536,4208769,Technology
2024-02-12,AVGO,834.8212,14994932,Technology
2024-02-12,GOOGL,91.5492,6859083,Technology
2024-02-12,META,317.4005,16065144,Technology
2024-02-12,MSFT,376.7558,3551830,Technology
2024-02-12,NFLX,524.5243,9170472,Technology
2024-02-12,NVDA,235.6103,17838887,Technology
2024-02-12,ORCL,75.4614,3610296,Technology
2024-02-12,TSLA,328.4438,6227480,Technology
2024-02-13,AAPL,199.8627,13976129,Technology
2024-02-13,AMZN,115.7073,14776855,Technology
2024-02-13,AVGO,829.7627,13510131,Technology
2024-02-13,GOOGL,92.2055,6244493,Technology
2024-02-13,META,320.367,14514446,Technology
2024-02-13,MSFT,375.5539,9820704,Technology
2024-02-13,NFLX,508.6068,11615272,Technology
2024-02-13,NVDA,241.9499,13146149,Technology
2024-02-13,ORCL,73.519,6588663,Technology
2024-02-13,TSLA,329.1175,7236744,Technology
2024-02-14,AAPL,199.9827,14979092,Technology
2024-02-14,AMZN,114.697,7260758,Technology
2024-02-14,AVGO,824.1401,5351458,Technology
2024-02-14,GOOGL,91.0044,4625187,Technology
2024-02-14,META,319.6356,17860828,Technology
2024-02-14,MSFT,369.3374,7567221,Technology
2024-02-14,NFLX,526.762,15336496,Technology
2024-02-14,NVDA,235.451,16092724,Technology
2024-02-14,ORCL,73.647,19947783,Technology
2024-02-14,TSLA,311.9545,16090902,Technology
2024-02-15,AAPL,194.4574,19431175,Technology
2024-02-15,AMZN,112.5771,13177122,Technology
2024-02-15,AVGO,838.7808,8888534,Technology
2024-02-15,GOOGL,91.5885,19264662,Technology
2024-02-15,META,323.1572,2578143,Technology
2024-02-15,MSFT,371.422,15350483,Technology
2024-02-15,NFLX,518.0477,10993849,Technology
2024-02-15,NVDA,245.9565,10173381,Technology
2024-02-15,ORCL,74.4986,10613553,Technology
2024-02-15,TSLA,311.2778,3094458,Technology
2024-02-16,AAPL,192.5178,12402533,Technology
2024-02-16,AMZN,114.0455,16558325,Technology
2024-02-16,AVGO,837.2203,8310690,Technology
2024-02-16,GOOGL,93.0879,5178930,Technology
2024-02-16,META,323.2897,2195616,Technology
2024-02-16,MSFT,371.4648,14742210,Technology
2024-02-16,NFLX,497.7184,3353214,Technology
2024-02-16,NVDA,244.484,3848413,Technology
2024-02-16,ORCL,75.3719,13610161,Technology
2024-02-16,TSLA,312.1987,7717130,Technology
2024-02-19,AAPL,191.1436,5829298,Technology
2024-02-19,AMZN,109.6442,18935765,Technology
2024-02-19,AVGO,858.5088,16506154,Technology
2024-02-19,GOOGL,95.161,10992760,Technology
2024-02-19,META,316.1041,16988241,Technology
2024-02-19,MSFT,369.2191,14626993,Technology
2024-02-19,NFLX,496.3446,17011241,Technology
2024-02-19,NVDA,247.7807,12713151,Technology
2024-02-19,ORCL,76.9329,12783893,Technology
2024-02-19,TSLA,306.2706,9044811,Technology
2024-02-20,AAPL,190.1942,3947930,Technology
2024-02-20,AMZN,113.2902,10241734,Technology
2024-02-20,AVGO,877.1618,19267550,Technology
2024-02-20,GOOGL,97.9707,11306125,Technology
2024-02-20,META,310.9515,11974806,Technology
2024-02-20,MSFT,375.5209,11414096,Technology
2024-02-20,NFLX,484.8739,18096792,Technology
2024-02-20,NVDA,256.7474,5485061,Technology
2024-02-20,ORCL,77.6071,19624906,Technology
2024-02-20,TSLA,299.148,18422637,Technology
2024-02-21,AAPL,188.7178,17216721,Technology
2024-02-21,AMZN,114.9637,3443067,Technology
2024-02-21,AVGO,863.2255,7809675,Technology
2024-02-21,GOOGL,97.9253,14970085,Technology
2024-02-21,META,300.11,16931328,Technology
2024-02-21,MSFT,386.0548,16093767,Technology
2024-02-21,NFLX,471.4334,12601875,Technology
2024-02-21,NVDA,261.0583,12317818,Technology
2024-02-21,ORCL,75.9485,8562293,Technology
2024-02-21,TSLA,301.9282,6829710,Technology
2024-02-22,AAPL,185.8048,12333800,Technology
2024-02-22,AMZN,116.3015,19219284,Technology
2024-02-22,AVGO,877.5584,18358945,Technology
2024-02-22,GOOGL,98.2327,12118492,Technology
2024-02-22,META,306.0668,14768350,Technology
2024-02-22,MSFT,385.6938,4284750,Technology
2024-02-22,NFLX,473.5575,5480937,Technology
2024-02-22,NVDA,258.3939,9578126,Technology
2024-02-22,ORCL,75.9903,18485298,Technology
2024-02-22,TSLA,301.079,16733442,Technology
2024-02-23,AAPL,189.1687,16529984,Technology
2024-02-23,AMZN,115.3725,3968568,Technology
2024-02-23,AVGO,889.9045,14604109,Technology
2024-02-23,GOOGL,97.053,12221021,Technology
2024-02-23,META,302.8038,9626064,Technology
2024-02-23,MSFT,382.9069,16060231,Technology
2024-02-23,NFLX,470.339,11349640,Technology
2024-02-23,NVDA,255.2766,15043214,Technology
2024-02-23,ORCL,75.6105,3662782,Technology
2024-02-23,TSLA,294.3739,7553191,Technology
2024-02-26,AAPL,193.312,16731683,Technology
2024-02-26,AMZN,114.9267,10933917,Technology
2024-02-26,AVGO,868.071,11688578,Technology
2024-02-26,GOOGL,95.2964,3080654,Technology
2024-02-26,META,311.4312,11387018,Technology
2024-02-26,MSFT,381.8771,15885745,Technology
2024-02-26,NFLX,475.7456,11830251,Technology
2024-02-26,NVDA,251.5399,16346460,Technology
2024-02-26,ORCL,75.5276,3426596,Technology
2024-02-26,TSLA,286.3675,4997632,Technology
2024-02-27,AAPL,187.3573,13044319,Technology
2024-02-27,AMZN,117.9522,17749876,Technology
2024-02-27,AVGO,859.798,9163482,Technology
2024-02-27,GOOGL,96.6343,16648725,Technology
2024-02-27,META,324.7713,19602673,Technology
2024-02-27,MSFT,392.3507,2528412,Technology
2024-02-27,NFLX,475.1659,15221863,Technology
2024-02-27,NVDA,253.1495,3088841,Technology
2024-02-27,ORCL,75.2692,18776181,Technology
2024-02-27,TSLA,291.4639,5711614,Technology
2024-02-28,AAPL,187.0826,18723517,Technology
2024-02-28,AMZN,115.206,7277049,Technology
2024-02-28,AVGO,857.1184,3629759,Technology
2024-02-28,GOOGL,94.6467,10097386,Technology
2024-02-28,META,327.8609,13142787,Technology
2024-02-28,MSFT,393.974,3149695,Technology
2024-02-28,NFLX,461.6069,12916893,Technology
2024-02-28,NVDA,251.1005,19275344,Technology
2024-02-28,ORCL,74.5643,17453004,Technology
2024-02-28,TSLA,279.0499,13039471,Technology
2024-02-29,AAPL,186.7135,16930294,Technology
2024-02-29,AMZN,114.8954,19452342,Technology
2024-02-29,AVGO,848.9052,12763448,Technology
2024-02-29,GOOGL,94.9738,8023817,Technology
2024-02-29,META,330.985,5940315,Technology
2024-02-29,MSFT,390.3501,14821818,Technology
2024-02-29,NFLX,462.6193,6209561,Technology
2024-02-29,NVDA,256.774,15578725,Technology
2024-02-29,ORCL,74.7957,7013242,Technology
2024-02-29,TSLA,267.1215,7934315,Technology
2024-03-01,AAPL,186.6358,14648577,Technology
2024-03-01,AMZN,113.937,8240604,Technology
2024-03-01,AVGO,859.1864,6740660,Technology
2024-03-01,GOOGL,93.8344,18773202,Technology
2024-03-01,META,335.2808,12067297,Technology
2024-03-01,MSFT,388.7441,10193559,Technology
2024-03-01,NFLX,448.9686,17745198,Technology
2024-03-01,NVDA,252.5709,15958921,Technology
2024-03-01,ORCL,75.3699,7608770,Technology
2024-03-01,TSLA,266.1429,15000116,Technology
2024-03-04,AAPL,188.3768,7561724,Technology
2024-03-04,AMZN,113.7172,9989480,Technology
2024-03-04,AVGO,849.7945,14885985,Technology
2024-03-04,GOOGL,95.2506,6638866,Technology
2024-03-04,META,345.0089,17150833,Technology
2024-03-04,MSFT,388.0009,8482230,Technology
2024-03-04,NFLX,456.0166,11708478,Technology
2024-03-04,NVDA,263.4908,4653363,Technology
2024-03-04,ORCL,75.0563,11369143,Technology
2024-03-04,TSLA,265.4049,16443431,Technology
2024-03-05,AAPL,188.3243,17657528,Technology
2024-03-05,AMZN,112.7765,3133091,Technology
2024-03-05,AVGO,836.7962,18582649,Technology
2024-03-05,GOOGL,96.0047,17612634,Technology
2024-03-05,META,348.088,7637413,Technology
2024-03-05,MSFT,381.6698,8618380,Technology
2024-03-05,NFLX,467.6736,5189898,Technology
2024-03-05,NVDA,261.7872,8638939,Technology
2024-03-05,ORCL,75.1165,2938637,Technology
2024-03-05,TSLA,274.2262,18420114,Technology
2024-03-06,AAPL,188.6744,12193779,Technology
2024-03-06,AMZN,111.5659,17692286,Technology
2024-03-06,AVGO,834.4159,3865268,Technology
2024-03-06,GOOGL,96.1293,19336098,Technology
2024-03-06,META,341.3805,13554035,Technology
2024-03-06,MSFT,381.8764,6592089,Technology
2024-03-06,NFLX,456.5184,14267571,Technology
2024-03-06,NVDA,266.92,2145473,Technology
2024-03-06,ORCL,75.5256,13783194,Technology
2024-03-06,TSLA,280.0606,15803156,Technology
2024-03-07,AAPL,187.5918,13397096,Technology
2024-03-07,AMZN,112.1206,13604096,Technology
2024-03-07,AVGO,858.3731,17974119,Technology
2024-03-07,GOOGL,96.7583,13684357,Technology
2024-03-07,META,343.2822,16460106,Technology
2024-03-07,MSFT,387.243,15010010,Technology
2024-03-07,NFLX,455.9589,6120349,Technology
2024-03-07,NVDA,259.5621,3031717,Technology
2024-03-07,ORCL,76.0209,18947158,Technology
2024-03-07,TSLA,270.4899,11335681,Technology
2024-03-08,AAPL,188.5432,2551827,Technology
2024-03-08,AMZN,116.7636,9410451,Technology
2024-03-08,AVGO,851.8888,7290420,Technology
2024-03-08,GOOGL,98.5962,5141699,Technology
2024-03-08,META,339.9056,13639649,Technology
2024-03-08,MSFT,391.3982,6111279,Technology
2024-03-08,NFLX,458.0473,15504882,Technology
2024-03-08,NVDA,255.3251,11127941,Technology
2024-03-08,ORCL,73.8258,5166990,Technology
2024-03-08,TSLA,267.3526,8517759,Technology
2024-03-11,AAPL,188.602,9556984,Technology
2024-03-11,AMZN,115.2353,7873515,Technology
2024-03-11,AVGO,847.1652,19989900,Technology
2024-03-11,GOOGL,98.893,14117471,Technology
2024-03-11,META,341.0434,3400554,Technology
2024-03-11,MSFT,390.0692,17532712,Technology
2024-03-11,NFLX,460.0411,16140938,Technology
2024-03-11,NVDA,261.1966,9597100,Technology
2024-03-11,ORCL,71.8215,18108596,Technology
2024-03-11,TSLA,268.6763,11642578,Technology
2024-03-12,AAPL,186.8684,8136127,Technology
2024-03-12,AMZN,117.6383,12680430,Technology
2024-03-12,AVGO,845.1525,9965648,Technology
2024-03-12,GOOGL,97.5632,10774887,Technology
2024-03-12,META,344.0475,12857423,Technology
2024-03-12,MSFT,390.1799,6401926,Technology
2024-03-12,NFLX,459.8712,12595008,Technology
2024-03-12,NVDA,251.6269,5517328,Technology
2024-03-12,ORCL,71.2257,6252414,Technology
2024-03-12,TSLA,272.4782,17475011,Technology
2024-03-13,AAPL,184.1062,15983041,Technology
2024-03-13,AMZN,116.4266,10014613,Technology
2024-03-13,AVGO,862.0176,14015383,Technology
2024-03-13,GOOGL,97.3376,8859277,Technology
2024-03-13,META,345.0229,7079724,Technology
2024-03-13,MSFT,385.4686,4701524,Technology
2024-03-13,NFLX,458.4617,14253415,Technology
2024-03-13,NVDA,255.5425,16134748,Technology
2024-03-13,ORCL,71.4399,14825523,Technology
2024-03-13,TSLA,274.1456,18391768,Technology
2024-03-14,AAPL,187.2112,12216684,Technology
2024-03-14,AMZN,112.8815,7473482,Technology
2024-03-14,AVGO,866.8096,6928189,Technology
2024-03-14,GOOGL,94.3172,7157424,Technology
2024-03-14,META,343.8248,11748222,Technology
2024-03-14,MSFT,386.5304,18760881,Technology
2024-03-14,NFLX,450.1679,19900418,Technology
2024-03-14,NVDA,267.449,8147934,Technology
2024-03-14,ORCL,70.9257,3212877,Technology
2024-03-14,TSLA,286.445,7967038,Technology
2024-03-15,AAPL,188.056,4833378,Technology
2024-03-15,AMZN,115.2147,5091268,Technology
2024-03-15,AVGO,840.965,19698721,Technology
2024-03-15,GOOGL,93.8147,5016359,Technology
2024-03-15,META,351.9879,15617385,Technology
2024-03-15,MSFT,390.7094,18451058,Technology
2024-03-15,NFLX,438.3934,9247868,Technology
2024-03-15,NVDA,263.1896,19674618,Technology
2024-03-15,ORCL,72.2007,5217150,Technology
2024-03-15,TSLA,289.0269,18920248,Technology
2024-03-18,AAPL,188.5999,13121087,Technology
2024-03-18,AMZN,117.8097,6680134,Technology
2024-03-18,AVGO,842.2245,6416331,Technology
2024-03-18,GOOGL,93.2679,16538908,Technology
2024-03-18,META,355.6739,7564162,Technology
2024-03-18,MSFT,385.875,15331984,Technology
2024-03-18,NFLX,442.1785,18887498,Technology
2024-03-18,NVDA,255.6417,12795721,Technology
2024-03-18,ORCL,73.1663,4234471,Technology
2024-03-18,TSLA,300.5886,2649349,Technology
2024-03-19,AAPL,187.7361,13914896,Technology
2024-03-19,AMZN,112.5606,15855495,Technology
2024-03-19,AVGO,845.5487,5887425,Technology
2024-03-19,GOOGL,92.2692,12289476,Technology
2024-03-19,META,346.628,2582602,Technology
2024-03-19,MSFT,382.2024,9492618,Technology
2024-03-19,NFLX,443.159,16037945,Technology
2024-03-19,NVDA,252.2386,19335168,Technology
2024-03-19,ORCL,71.7367,15017752,Technology
2024-03-19,TSLA,318.3821,3845373,Technology
2024-03-20,AAPL,185.9791,10741910,Technology
2024-03-20,AMZN,113.1083,2851740,Technology
2024-03-20,AVGO,865.2516,2223530,Technology
2024-03-20,GOOGL,93.9691,17280213,Technology
2024-03-20,META,343.7171,6845024,Technology
2024-03-20,MSFT,384.5182,14965182,Technology
2024-03-20,NFLX,451.5228,4637795,Technology
2024-03-20,NVDA,258.8063,13089856,Technology
2024-03-20,ORCL,72.0907,4748934,Technology
2024-03-20,TSLA,320.8498,9162873,Technology
2024-03-21,AAPL,184.1379,15588976,Technology
2024-03-21,AMZN,111.8731,4994535,Technology
2024-03-21,AVGO,865.7536,13019969,Technology
2024-03-21,GOOGL,94.7573,6107922,Technology
2024-03-21,META,352.1366,12147307,Technology
2024-03-21,MSFT,384.4423,8710547,Technology
2024-03-21,NFLX,453.8334,2040526,Technology
2024-03-21,NVDA,256.0576,10177437,Technology
2024-03-21,ORCL,72.6965,2157436,Technology
2024-03-21,TSLA,316.2801,7426395,Technology
2024-03-22,AAPL,184.9726,4048715,Technology
2024-03-22,AMZN,113.591,18634369,Technology
2024-03-22,AVGO,868.9793,17082752,Technology
2024-03-22,GOOGL,95.1567,7703808,Technology
2024-03-22,META,350.9637,16224062,Technology
2024-03-22,MSFT,386.6293,11036736,Technology
2024-03-22,NFLX,446.594,11731171,Technology
2024-03-22,NVDA,257.9014,16205444,Technology
2024-03-22,ORCL,72.4402,17397331,Technology
2024-03-22,TSLA,316.8127,6140094,Technology
2024-03-25,AAPL,183.1625,14212752,Technology
2024-03-25,AMZN,113.2603,19517709,Technology
2024-03-25,AVGO,854.2476,12225542,Technology
2024-03-25,GOOGL,94.9006,13603597,Technology
2024-03-25,META,356.6102,18983164,Technology
2024-03-25,MSFT,389.4017,16478084,Technology
2024-03-25,NFLX,460.1558,5248081,Technology
2024-03-25,NVDA,261.9618,2066547,Technology
2024-03-25,ORCL,72.5616,2372923,Technology
2024-03-25,TSLA,317.7457,6904248,Technology
2024-03-26,AAPL,184.1554,10759389,Technology
2024-03-26,AMZN,111.7729,17107970,Technology
2024-03-26,AVGO,863.4838,9421824,Technology
2024-03-26,GOOGL,96.0193,6882465,Technology
2024-03-26,META,358.3665,2152617,Technology
2024-03-26,MSFT,387.7571,19665449,Technology
2024-03-26,NFLX,468.4575,13325148,Technology
2024-03-26,NVDA,263.2341,6014451,Technology
2024-03-26,ORCL,71.5368,11081175,Technology
2024-03-26,TSLA,311.9124,4225570,Technology
2024-03-27,AAPL,183.8656,9114741,Technology
2024-03-27,AMZN,110.8284,4762726,Technology
2024-03-27,AVGO,874.3871,13290591,Technology
2024-03-27,GOOGL,93.3525,8536967,Technology
2024-03-27,META,355.0111,9166454,Technology
2024-03-27,MSFT,389.7773,10371695,Technology
2024-03-27,NFLX,466.4041,19858714,Technology
2024-03-27,NVDA,264.446,6302342,Technology
2024-03-27,ORCL,71.9841,2870200,Technology
2024-03-27,TSLA,314.4225,4361477,Technology
2024-03-28,AAPL,183.2859,12787849,Technology
2024-03-28,AMZN,108.2591,6282295,Technology
2024-03-28,AVGO,859.7123,17994874,Technology
2024-03-28,GOOGL,94.3322,12564555,Technology
2024-03-28,META,359.4067,5507906,Technology
2024-03-28,MSFT,389.4273,7081523,Technology
2024-03-28,NFLX,471.0478,14217448,Technology
2024-03-28,NVDA,272.7315,15222551,Technology
2024-03-28,ORCL,72.1612,4806369,Technology
2024-03-28,TSLA,303.3062,15329463,Technology
2024-03-29,AAPL,185.5576,5802211,Technology
2024-03-29,AMZN,109.8549,4276523,Technology
2024-03-29,AVGO,882.7022,14721426,Technology
2024-03-29,GOOGL,95.7939,5309951,Technology
2024-03-29,META,359.6237,19529313,Technology
2024-03-29,MSFT,392.1523,11955645,Technology
2024-03-29,NFLX,470.5416,8030918,Technology
2024-03-29,NVDA,278.0976,15321464,Technology
2024-03-29,ORCL,73.3365,17017038,Technology
2024-03-29,TSLA,302.9969,3330024,Technology
2024-04-01,AAPL,185.7659,4470226,Technology
2024-04-01,AMZN,110.3156,6687329,Technology
2024-04-01,AVGO,880.0388,19674491,Technology
2024-04-01,GOOGL,95.5082,2415819,Technology
2024-04-01,META,348.7243,14647822,Technology
2024-04-01,MSFT,388.5914,2143445,Technology
2024-04-01,NFLX,469.5898,19799720,Technology
2024-04-01,NVDA,276.7084,5695694,Technology
2024-04-01,ORCL,74.6443,12329561,Technology
2024-04-01,TSLA,306.2538,14998031,Technology
2024-04-02,AAPL,185.7876,2139138,Technology
2024-04-02,AMZN,111.3243,2624403,Technology
2024-04-02,AVGO,884.063,8664113,Technology
2024-04-02,GOOGL,95.2479,18927872,Technology
2024-04-02,META,354.3588,15346124,Technology
2024-04-02,MSFT,390.7704,7470367,Technology
2024-04-02,NFLX,481.7563,9288824,Technology
2024-04-02,NVDA,284.3377,8530708,Technology
2024-04-02,ORCL,74.5362,5152610,Technology
2024-04-02,TSLA,306.9625,2265352,Technology
2024-04-03,AAPL,188.2081,15446254,Technology
2024-04-03,AMZN,113.5991,7704987,Technology
2024-04-03,AVGO,874.0141,18200951,Technology
2024-04-03,GOOGL,93.1973,14612544,Technology
2024-04-03,META,358.4028,3818051,Technology
2024-04-03,MSFT,397.1978,13208915,Technology
2024-04-03,NFLX,476.9553,4706129,Technology
2024-04-03,NVDA,301.9292,3327160,Technology
2024-04-03,ORCL,75.2116,3977771,Technology
2024-04-03,TSLA,299.1272,16944527,Technology
2024-04-04,AAPL,189.4716,14666082,Technology
2024-04-04,AMZN,112.607,11717598,Technology
2024-04-04,AVGO,885.7404,8427335,Technology
2024-04-04,GOOGL,93.9701,3854167,Technology
2024-04-04,META,359.8655,12569159,Technology
2024-04-04,MSFT,390.662,10880492,Technology
2024-04-04,NFLX,488.4203,18867207,Technology
2024-04-04,NVDA,305.3987,7230371,Technology
2024-04-04,ORCL,75.2411,15581245,Technology
2024-04-04,TSLA,295.8236,15245721,Technology
2024-04-05,AAPL,191.8927,11004722,Technology
2024-04-05,AMZN,114.1892,4926756,Technology
2024-04-05,AVGO,881.3328,19245639,Technology
2024-04-05,GOOGL,94.4137,3148263,Technology
2024-04-05,META,356.3064,8878011,Technology
2024-04-05,MSFT,392.3849,15907038,Technology
2024-04-05,NFLX,494.3538,3309559,Technology
2024-04-05,NVDA,306.2662,5499262,Technology
2024-04-05,ORCL,76.5469,3207332,Technology
2024-04-05,TSLA,293.3135,16267160,Technology
2024-04-08,AAPL,194.4322,3297358,Technology
2024-04-08,AMZN,112.8445,9282121,Technology
2024-04-08,AVGO,900.2863,19752604,Technology
2024-04-08,GOOGL,95.7384,2474568,Technology
2024-04-08,META,345.0623,7222148,Technology
2024-04-08,MSFT,396.2653,15688679,Technology
2024-04-08,NFLX,487.4929,9162747,Technology
2024-04-08,NVDA,296.6588,2790286,Technology
2024-04-08,ORCL,76.5399,10293908,Technology
2024-04-08,TSLA,296.8325,7619414,Technology
2024-04-09,AAPL,190.2689,17511758,Technology
2024-04-09,AMZN,116.9814,10989504,Technology
2024-04-09,AVGO,922.0552,6444116,Technology
2024-04-09,GOOGL,94.5215,9146225,Technology
2024-04-09,META,338.5306,4727680,Technology
2024-04-09,MSFT,406.8846,6412283,Technology
2024-04-09,NFLX,484.4305,10221062,Technology
2024-04-09,NVDA,291.1964,2534340,Technology
2024-04-09,ORCL,76.5769,16379084,Technology
2024-04-09,TSLA,306.4316,7827081,Technology
2024-04-10,AAPL,190.8735,18580923,Technology
2024-04-10,AMZN,118.3731,7763922,Technology
2024-04-10,AVGO,914.9469,19658198,Technology
2024-04-10,GOOGL,94.6102,6724140,Technology
2024-04-10,META,325.5901,3679235,Technology
2024-04-10,MSFT,412.5177,6193959,Technology
2024-04-10,NFLX,482.6681,12631388,Technology
2024-04-10,NVDA,292.7054,17936880,Technology
2024-04-10,ORCL,76.187,11746441,Technology
2024-04-10,TSLA,304.8603,6932895,Technology
2024-04-11,AAPL,191.1151,17517980,Technology
2024-04-11,AMZN,120.1837,2077297,Technology
2024-04-11,AVGO,913.5279,16115934,Technology
2024-04-11,GOOGL,94.0542,4794938,Technology
2024-04-11,META,328.6286,14932328,Technology
2024-04-11,MSFT,412.9447,8235626,Technology
2024-04-11,NFLX,481.5831,15906276,Technology
2024-04-11,NVDA,296.711,14939060,Technology
2024-04-11,ORCL,75.3791,9270172,Technology
2024-04-11,TSLA,304.823,5648000,Technology
2024-04-12,AAPL,188.1159,14770981,Technology
2024-04-12,AMZN,119.8296,7963051,Technology
2024-04-12,AVGO,897.3463,7642726,Technology
2024-04-12,GOOGL,92.4337,7568671,Technology
2024-04-12,META,337.1845,13775962,Technology
2024-04-12,MSFT,419.0174,19117824,Technology
2024-04-12,NFLX,480.8051,12961302,Technology
2024-04-12,NVDA,292.5085,5213745,Technology
2024-04-12,ORCL,73.1085,18979136,Technology
2024-04-12,TSLA,303.9175,10485206,Technology
2024-04-15,AAPL,186.6441,9518491,Technology
2024-04-15,AMZN,114.3407,14698124,Technology
2024-04-15,AVGO,896.9862,16530564,Technology
2024-04-15,GOOGL,90.0805,6453137,Technology
2024-04-15,META,329.5455,15838862,Technology
2024-04-15,MSFT,409.7916,2026316,Technology
2024-04-15,NFLX,490.2074,7198473,Technology
2024-04-15,NVDA,299.657,2386856,Technology
2024-04-15,ORCL,72.7713,8370838,Technology
2024-04-15,TSLA,315.0647,7242295,Technology
2024-04-16,AAPL,187.1488,7845827,Technology
2024-04-16,AMZN,112.7998,18992171,Technology
2024-04-16,AVGO,879.213,14916161,Technology
2024-04-16,GOOGL,89.7079,4362987,Technology
2024-04-16,META,338.1769,11293414,Technology
2024-04-16,MSFT,404.2985,15089870,Technology
2024-04-16,NFLX,488.9766,4850065,Technology
2024-04-16,NVDA,307.8805,2377887,Technology
2024-04-16,ORCL,71.6902,15488179,Technology
2024-04-16,TSLA,332.3062,12097932,Technology
2024-04-17,AAPL,187.608,16423798,Technology
2024-04-17,AMZN,113.1038,19652416,Technology
2024-04-17,AVGO,865.9509,13609387,Technology
2024-04-17,GOOGL,91.5844,17093320,Technology
2024-04-17,META,352.2886,15116971,Technology
2024-04-17,MSFT,395.9657,3871082,Technology
2024-04-17,NFLX,488.8101,18059178,Technology
2024-04-17,NVDA,295.7041,14194142,Technology
2024-04-17,ORCL,70.8616,15529362,Technology
2024-04-17,TSLA,344.3774,10700291,Technology
2024-04-18,AAPL,184.0548,18555855,Technology
2024-04-18,AMZN,112.1788,12174167,Technology
2024-04-18,AVGO,828.4578,10375155,Technology
2024-04-18,GOOGL,93.6116,17486638,Technology
2024-04-18,META,343.4076,8145475,Technology
2024-04-18,MSFT,392.4332,10856519,Technology
2024-04-18,NFLX,496.7694,2610398,Technology
2024-04-18,NVDA,287.6485,3997442,Technology
2024-04-18,ORCL,70.015,11056745,Technology
2024-04-18,TSLA,353.3692,6403052,Technology
2024-04-19,AAPL,180.8663,3586337,Technology
2024-04-19,AMZN,111.7429,18323854,Technology
2024-04-19,AVGO,816.0205,12336664,Technology
2024-04-19,GOOGL,94.0144,7853623,Technology
2024-04-19,META,331.2354,16136333,Technology
2024-04-19,MSFT,391.9286,3078111,Technology
2024-04-19,NFLX,498.9529,12892997,Technology
2024-04-19,NVDA,295.5568,18850053,Technology
2024-04-19,ORCL,69.9026,10995080,Technology
2024-04-19,TSLA,347.4977,2309825,Technology
2024-04-22,AAPL,182.0235,12599683,Technology
2024-04-22,AMZN,109.0737,15169529,Technology
2024-04-22,AVGO,833.5173,10948393,Technology
2024-04-22,GOOGL,90.2602,11730514,Technology
2024-04-22,META,328.1615,17407145,Technology
2024-04-22,MSFT,400.1585,3674479,Technology
2024-04-22,NFLX,497.5636,11761081,Technology
2024-04-22,NVDA,294.1588,16570779,Technology
2024-04-22,ORCL,70.1095,12796367,Technology
2024-04-22,TSLA,338.9135,8709278,Technology
2024-04-23,AAPL,180.5462,11431325,Technology
2024-04-23,AMZN,110.1259,18203140,Technology
2024-04-23,AVGO,839.9691,9851316,Technology
2024-04-23,GOOGL,90.8406,6903459,Technology
2024-04-23,META,333.2393,9756226,Technology
2024-04-23,MSFT,400.2018,18582939,Technology
2024-04-23,NFLX,484.7729,19550168,Technology
2024-04-23,NVDA,298.906,13896356,Technology
2024-04-23,ORCL,69.5844,8615022,Technology
2024-04-23,TSLA,339.1731,11838465,Technology
2024-04-24,AAPL,178.9177,8111239,Technology
2024-04-24,AMZN,111.6866,7545479,Technology
2024-04-24,AVGO,848.2327,12079257,Technology
2024-04-24,GOOGL,87.4858,14557211,Technology
2024-04-24,META,341.7682,8977416,Technology
2024-04-24,MSFT,405.4359,14615244,Technology
2024-04-24,NFLX,474.1514,11132502,Technology
2024-04-24,NVDA,315.997,19958508,Technology
2024-04-24,ORCL,69.2575,9423434,Technology
2024-04-24,TSLA,343.9693,19553430,Technology
2024-04-25,AAPL,180.3311,7995235,Technology
2024-04-25,AMZN,113.577,9229338,Technology
2024-04-25,AVGO,846.2009,12061928,Technology
2024-04-25,GOOGL,88.6942,5186659,Technology
2024-04-25,META,334.7501,5758771,Technology
2024-04-25,MSFT,401.7989,8704855,Technology
2024-04-25,NFLX,466.8619,7253617,Technology
2024-04-25,NVDA,309.3462,17869948,Technology
2024-04-25,ORCL,70.3511,8766995,Technology
2024-04-25,TSLA,347.9263,9152275,Technology
2024-04-26,AAPL,181.915,4052479,Technology
2024-04-26,AMZN,114.7565,3664660,Technology
2024-04-26,AVGO,858.286,17616388,Technology
2024-04-26,GOOGL,87.1888,13445320,Technology
2024-04-26,META,332.9026,4743225,Technology
2024-04-26,MSFT,404.1721,3720386,Technology
2024-04-26,NFLX,479.0475,8078977,Technology
2024-04-26,NVDA,311.4005,4599780,Technology
2024-04-26,ORCL,69.8509,5576651,Technology
2024-04-26,TSLA,348.968,12136758,Technology
2024-04-29,AAPL,184.6652,11179137,Technology
2024-04-29,AMZN,113.0186,2990605,Technology
2024-04-29,AVGO,863.162,4661842,Technology
2024-04-29,GOOGL,86.1565,12151720,Technology
2024-04-29,META,331.3891,13300213,Technology
2024-04-29,MSFT,404.0218,4403249,Technology
2024-04-29,NFLX,492.342,15237644,Technology
2024-04-29,NVDA,309.9066,18634798,Technology
2024-04-29,ORCL,70.3844,2288747,Technology
2024-04-29,TSLA,357.4037,13570734,Technology
2024-04-30,AAPL,186.7571,15092823,Technology
2024-04-30,AMZN,111.4592,5998589,Technology
2024-04-30,AVGO,861.4456,14939638,Technology
2024-04-30,GOOGL,84.3606,7573903,Technology
2024-04-30,META,320.0932,4567205,Technology
2024-04-30,MSFT,405.1054,12220773,Technology
2024-04-30,NFLX,480.1854,13650873,Technology
2024-04-30,NVDA,311.3927,8807519,Technology
2024-04-30,ORCL,69.2912,4649063,Technology
2024-04-30,TSLA,349.4526,19564713,Technology
2024-05-01,AAPL,185.5089,16741074,Technology
2024-05-01,AMZN,109.5586,18841971,Technology
2024-05-01,AVGO,857.219,12255565,Technology
2024-05-01,GOOGL,84.1246,8249029,Technology
2024-05-01,META,320.3443,17668234,Technology
2024-05-01,MSFT,403.4283,9829691,Technology
2024-05-01,NFLX,479.5403,7104186,Technology
2024-05-01,NVDA,307.3493,8736595,Technology
2024-05-01,ORCL,69.7724,17573549,Technology
2024-05-01,TSLA,363.3839,3717002,Technology
2024-05-02,AAPL,186.3686,4635995,Technology
2024-05-02,AMZN,109.533,11691421,Technology
2024-05-02,AVGO,878.5299,14845019,Technology
2024-05-02,GOOGL,81.9439,9953485,Technology
2024-05-02,META,305.0836,16066019,Technology
2024-05-02,MSFT,407.3884,6697836,Technology
2024-05-02,NFLX,469.4773,10241938,Technology
2024-05-02,NVDA,292.5404,6401893,Technology
2024-05-02,ORCL,70.1372,13683283,Technology
2024-05-02,TSLA,372.323,10816606,Technology
2024-05-03,AAPL,184.7131,5550892,Technology
2024-05-03,AMZN,109.9683,10018245,Technology
2024-05-03,AVGO,871.5604,10834576,Technology
2024-05-03,GOOGL,81.4246,8584099,Technology
2024-05-03,META,300.7018,3569018,Technology
2024-05-03,MSFT,406.7242,7670160,Technology
2024-05-03,NFLX,472.9208,16584669,Technology
2024-05-03,NVDA,282.4254,2831513,Technology
2024-05-03,ORCL,68.7964,7435498,Technology
2024-05-03,TSLA,388.7109,6499443,Technology
2024-05-06,AAPL,181.3182,13799162,Technology
2024-05-06,AMZN,109.6341,11212175,Technology
2024-05-06,AVGO,862.4901,19751718,Technology
2024-05-06,GOOGL,81.3891,2001662,Technology
2024-05-06,META,304.8928,18813007,Technology
2024-05-06,MSFT,409.5055,15236351,Technology
2024-05-06,NFLX,484.4122,9945300,Technology
2024-05-06,NVDA,279.6509,11638430,Technology
2024-05-06,ORCL,68.8154,6087286,Technology
2024-05-06,TSLA,397.3165,10523263,Technology
2024-05-07,AAPL,178.8444,5188630,Technology
2024-05-07,AMZN,108.9758,5500100,Technology
2024-05-07,AVGO,831.2283,5873674,Technology
2024-05-07,GOOGL,82.4541,16676836,Technology
2024-05-07,META,307.7712,4906504,Technology
2024-05-07,MSFT,401.8591,7725038,Technology
2024-05-07,NFLX,477.7094,8424881,Technology
2024-05-07,NVDA,277.2211,16212580,Technology
2024-05-07,ORCL,68.9791,9902468,Technology
2024-05-07,TSLA,408.1046,15014583,Technology
2024-05-08,AAPL,179.3609,15580024,Technology
2024-05-08,AMZN,107.9764,18981238,Technology
2024-05-08,AVGO,815.8082,14144017,Technology
2024-05-08,GOOGL,83.1385,10445563,Technology
2024-05-08,META,306.8029,3606126,Technology
2024-05-08,MSFT,401.7769,5648827,Technology
2024-05-08,NFLX,485.8717,9229759,Technology
2024-05-08,NVDA,276.4966,16321014,Technology
2024-05-08,ORCL,68.0685,10373684,Technology
2024-05-08,TSLA,401.4471,15813352,Technology
2024-05-09,AAPL,176.5582,15677788,Technology
2024-05-09,AMZN,110.2985,18352045,Technology
2024-05-09,AVGO,820.9855,7949598,Technology
2024-05-09,GOOGL,82.2327,2149707,Technology
2024-05-09,META,312.32,5225352,Technology
2024-05-09,MSFT,404.0162,16038865,Technology
2024-05-09,NFLX,502.9231,9028931,Technology
2024-05-09,NVDA,278.4954,17711326,Technology
2024-05-09,ORCL,68.1581,17882901,Technology
2024-05-09,TSLA,398.5996,6536429,Technology
2024-05-10,AAPL,171.3283,12160852,Technology
2024-05-10,AMZN,109.6608,17368473,Technology
2024-05-10,AVGO,797.0608,19032820,Technology
2024-05-10,GOOGL,84.8998,10587207,Technology
2024-05-10,META,313.028,10518697,Technology
2024-05-10,MSFT,401.5878,4958749,Technology
2024-05-10,NFLX,508.3845,13821081,Technology
2024-05-10,NVDA,288.3062,17945017,Technology
2024-05-10,ORCL,67.3461,2924232,Technology
2024-05-10,TSLA,395.3113,4711015,Technology
2024-05-13,AAPL,173.1415,13435369,Technology
2024-05-13,AMZN,110.513,8653339,Technology
2024-05-13,AVGO,786.3464,4596195,Technology
2024-05-13,GOOGL,83.4782,2164386,Technology
2024-05-13,META,308.5557,6608473,Technology
2024-05-13,MSFT,400.2488,10388992,Technology
2024-05-13,NFLX,523.4641,2471922,Technology
2024-05-13,NVDA,275.1429,5766276,Technology
2024-05-13,ORCL,67.5511,19059057,Technology
2024-05-13,TSLA,403.7433,7785973,Technology
2024-05-14,AAPL,169.8011,13289913,Technology
2024-05-14,AMZN,109.4847,8324390,Technology
2024-05-14,AVGO,768.2591,7660254,Technology
2024-05-14,GOOGL,82.5629,6161877,Technology
2024-05-14,META,314.7044,4528050,Technology
2024-05-14,MSFT,395.0822,19363425,Technology
2024-05-14,NFLX,518.1295,16044462,Technology
2024-05-14,NVDA,281.3168,13943039,Technology
2024-05-14,ORCL,69.0284,7317525,Technology
2024-05-14,TSLA,394.4095,2100291,Technology
2024-05-15,AAPL,166.5453,4717233,Technology
2024-05-15,AMZN,110.6203,19595425,Technology
2024-05-15,AVGO,764.0256,2121956,Technology
2024-05-15,GOOGL,83.0283,2129923,Technology
2024-05-15,META,308.7183,4231392,Technology
2024-05-15,MSFT,398.8068,5737452,Technology
2024-05-15,NFLX,513.4747,19343425,Technology
2024-05-15,NVDA,284.9589,3167714,Technology
2024-05-15,ORCL,67.9123,2956148,Technology
2024-05-15,TSLA,390.5093,14427152,Technology
2024-05-16,AAPL,168.9279,7450767,Technology
2024-05-16,AMZN,111.2315,15101360,Technology
2024-05-16,AVGO,749.4739,8450291,Technology
2024-05-16,GOOGL,82.1579,12089978,Technology
2024-05-16,META,307.2812,17462058,Technology
2024-05-16,MSFT,397.5488,4158444,Technology
2024-05-16,NFLX,525.7574,19520432,Technology
2024-05-16,NVDA,274.7437,13611288,Technology
2024-05-16,ORCL,67.1395,13761776,Technology
2024-05-16,TSLA,391.1763,11820597,Technology
2024-05-17,AAPL,170.0839,6944126,Technology
2024-05-17,AMZN,110.7009,9995966,Technology
2024-05-17,AVGO,737.7859,4154300,Technology
2024-05-17,GOOGL,83.092,9105537,Technology
2024-05-17,META,306.6634,9216905,Technology
2024-05-17,MSFT,401.534,4837076,Technology
2024-05-17,NFLX,531.2404,10908168,Technology
2024-05-17,NVDA,274.418,11164853,Technology
2024-05-17,ORCL,67.3263,9800881,Technology
2024-05-17,TSLA,373.9002,7634291,Technology
2024-05-20,AAPL,172.8362,7587341,Technology
2024-05-20,AMZN,114.1374,7195412,Technology
2024-05-20,AVGO,754.2379,11535895,Technology
2024-05-20,GOOGL,84.1772,9015018,Technology
2024-05-20,META,314.839,4321716,Technology
2024-05-20,MSFT,397.9149,14543803,Technology
2024-05-20,NFLX,522.3308,4698507,Technology
2024-05-20,NVDA,267.8928,7792816,Technology
2024-05-20,ORCL,66.723,11226107,Technology
2024-05-20,TSLA,369.2546,14759627,Technology
2024-05-21,AAPL,173.9265,10134449,Technology
2024-05-21,AMZN,114.0202,16502110,Technology
2024-05-21,AVGO,752.2165,15146846,Technology
2024-05-21,GOOGL,85.9717,8810445,Technology
2024-05-21,META,304.4722,8601180,Technology
2024-05-21,MSFT,389.2045,2725936,Technology
2024-05-21,NFLX,520.7831,13225542,Technology
2024-05-21,NVDA,268.1656,8729816,Technology
2024-05-21,ORCL,66.3025,10587945,Technology
2024-05-21,TSLA,362.7235,11259760,Technology
2024-05-22,AAPL,178.3284,3381158,Technology
2024-05-22,AMZN,116.0661,18135718,Technology
2024-05-22,AVGO,751.5592,12827458,Technology
2024-05-22,GOOGL,85.8917,6312112,Technology
2024-05-22,META,312.5506,8726295,Technology
2024-05-22,MSFT,391.7172,3641832,Technology
2024-05-22,NFLX,530.6867,14933715,Technology
2024-05-22,NVDA,265.1837,10906256,Technology
2024-05-22,ORCL,67.7829,10630253,Technology
2024-05-22,TSLA,380.7916,3465817,Technology
2024-05-23,AAPL,180.0756,17556500,Technology
2024-05-23,AMZN,115.7289,4512218,Technology
2024-05-23,AVGO,742.8561,15658778,Technology
2024-05-23,GOOGL,87.2668,15761689,Technology
2024-05-23,META,300.5144,14279616,Technology
2024-05-23,MSFT,388.0199,6467938,Technology
2024-05-23,NFLX,525.2514,4770475,Technology
2024-05-23,NVDA,256.7002,6830038,Technology
2024-05-23,ORCL,67.1359,8344683,Technology
2024-05-23,TSLA,357.7185,3890789,Technology
2024-05-24,AAPL,182.3147,11127220,Technology
2024-05-24,AMZN,115.0626,5740108,Technology
2024-05-24,AVGO,746.4189,13689326,Technology
2024-05-24,GOOGL,89.3036,14323525,Technology
2024-05-24,META,296.1336,17759656,Technology
2024-05-24,MSFT,384.4805,14189300,Technology
2024-05-24,NFLX,529.7533,12382476,Technology
2024-05-24,NVDA,246.5623,12511687,Technology
2024-05-24,ORCL,67.7821,4987017,Technology
2024-05-24,TSLA,355.1048,15623960,Technology
2024-05-27,AAPL,179.6323,10328809,Technology
2024-05-27,AMZN,114.6764,10543036,Technology
2024-05-27,AVGO,753.5751,10909550,Technology
2024-05-27,GOOGL,88.0311,7124183,Technology
2024-05-27,META,296.0436,14286000,Technology
2024-05-27,MSFT,389.3963,6683002,Technology
2024-05-27,NFLX,522.8368,10890328,Technology
2024-05-27,NVDA,253.8878,2658880,Technology
2024-05-27,ORCL,69.5182,19857792,Technology
2024-05-27,TSLA,347.0284,4917676,Technology
2024-05-28,AAPL,175.5327,18125781,Technology
2024-05-28,AMZN,118.5774,3190084,Technology
2024-05-28,AVGO,757.7227,19030648,Technology
2024-05-28,GOOGL,87.9552,9432269,Technology
2024-05-28,META,290.247,15338766,Technology
2024-05-28,MSFT,390.8609,9279060,Technology
2024-05-28,NFLX,523.1259,11578532,Technology
2024-05-28,NVDA,254.8069,17537028,Technology
2024-05-28,ORCL,70.3317,6852954,Technology
2024-05-28,TSLA,347.0716,9876822,Technology
2024-05-29,AAPL,174.1721,10095206,Technology
2024-05-29,AMZN,114.2454,19281715,Technology
2024-05-29,AVGO,761.6372,12332052,Technology
2024-05-29,GOOGL,85.5885,17362676,Technology
2024-05-29,META,284.8726,6406702,Technology
2024-05-29,MSFT,390.9816,10139621,Technology
2024-05-29,NFLX,506.7905,14268129,Technology
2024-05-29,NVDA,258.7181,9126199,Technology
2024-05-29,ORCL,71.4015,2444303,Technology
2024-05-29,TSLA,341.9447,19494492,Technology
2024-05-30,AAPL,175.568,7787481,Technology
2024-05-30,AMZN,114.3232,9370291,Technology
2024-05-30,AVGO,773.4318,9336335,Technology
2024-05-30,GOOGL,86.0559,13464068,Technology
2024-05-30,META,285.2397,17355076,Technology
2024-05-30,MSFT,391.1305,10316778,Technology
2024-05-30,NFLX,520.1972,14282097,Technology
2024-05-30,NVDA,254.8145,12284666,Technology
2024-05-30,ORCL,71.6189,2434517,Technology
2024-05-30,TSLA,350.76,5072997,Technology
2024-05-31,AAPL,172.3433,10561322,Technology
2024-05-31,AMZN,113.5331,18459388,Technology
2024-05-31,AVGO,769.9227,14535470,Technology
2024-05-31,GOOGL,87.0586,13119129,Technology
2024-05-31,META,284.694,7231890,Technology
2024-05-31,MSFT,387.4708,16470141,Technology
2024-05-31,NFLX,520.5647,16263294,Technology
2024-05-31,NVDA,266.046,18838980,Technology
2024-05-31,ORCL,72.656,9261416,Technology
2024-05-31,TSLA,353.1038,16456765,Technology
2024-06-03,AAPL,172.9412,3863033,Technology
2024-06-03,AMZN,111.4659,14784446,Technology
2024-06-03,AVGO,777.5516,3725539,Technology
2024-06-03,GOOGL,86.8363,5380209,Technology
2024-06-03,META,287.7431,3313616,Technology
2024-06-03,MSFT,388.1633,16946701,Technology
2024-06-03,NFLX,511.0729,17894368,Technology
2024-06-03,NVDA,261.054,4417945,Technology
2024-06-03,ORCL,72.9612,13191908,Technology
2024-06-03,TSLA,338.5797,11847530,Technology
2024-06-04,AAPL,173.7391,18184283,Technology
2024-06-04,AMZN,112.7457,15594387,Technology
2024-06-04,AVGO,786.624,8392825,Technology
2024-06-04,GOOGL,88.6679,2349117,Technology
2024-06-04,META,292.4417,8988013,Technology
2024-06-04,MSFT,388.9598,19686210,Technology
2024-06-04,NFLX,521.8012,13944262,Technology
2024-06-04,NVDA,266.4276,3512506,Technology
2024-06-04,ORCL,72.0482,7128689,Technology
2024-06-04,TSLA,339.8125,9189301,Technology
2024-06-05,AAPL,171.7018,11081882,Technology
2024-06-05,AMZN,113.5928,8871851,Technology
2024-06-05,AVGO,780.1144,10994272,Technology
2024-06-05,GOOGL,90.2654,5346876,Technology
2024-06-05,META,290.1216,10385796,Technology
2024-06-05,MSFT,395.572,8700315,Technology
2024-06-05,NFLX,532.746,9022779,Technology
2024-06-05,NVDA,261.5132,12511320,Technology
2024-06-05,ORCL,73.0527,4219360,Technology
2024-06-05,TSLA,337.2841,7296025,Technology
2024-06-06,AAPL,174.9643,5106060,Technology
2024-06-06,AMZN,114.5774,11969604,Technology
2024-06-06,AVGO,755.7287,5322194,Technology
2024-06-06,GOOGL,90.8111,3840922,Technology
2024-06-06,META,290.7676,13564720,Technology
2024-06-06,MSFT,402.7831,13345355,Technology
2024-06-06,NFLX,521.1797,15098394,Technology
2024-06-06,NVDA,263.552,10374555,Technology
2024-06-06,ORCL,73.3999,9891161,Technology
2024-06-06,TSLA,346.0161,18595463,Technology
2024-06-07,AAPL,175.0978,9909592,Technology
2024-06-07,AMZN,118.1398,17022533,Technology
2024-06-07,AVGO,749.0099,19741448,Technology
2024-06-07,GOOGL,90.5831,15087927,Technology
2024-06-07,META,295.8411,3544805,Technology
2024-06-07,MSFT,398.7329,6658771,Technology
2024-06-07,NFLX,516.3939,2689684,Technology
2024-06-07,NVDA,259.3383,10415917,Technology
2024-06-07,ORCL,71.9232,2650806,Technology
2024-06-07,TSLA,341.4444,13071808,Technology
2024-06-10,AAPL,177.8245,11409464,Technology
2024-06-10,AMZN,119.1725,7470458,Technology
2024-06-10,AVGO,754.3347,13394131,Technology
2024-06-10,GOOGL,92.7526,6190588,Technology
2024-06-10,META,292.2245,15172006,Technology
2024-06-10,MSFT,393.5284,16629447,Technology
2024-06-10,NFLX,525.6414,14114202,Technology
2024-06-10,NVDA,255.3989,9361149,Technology
2024-06-10,ORCL,72.0525,16027541,Technology
2024-06-10,TSLA,332.25,8689372,Technology
2024-06-11,AAPL,179.2269,7092084,Technology
2024-06-11,AMZN,117.1145,2483120,Technology
2024-06-11,AVGO,743.9074,11429610,Technology
2024-06-11,GOOGL,93.7334,8154431,Technology
2024-06-11,META,303.2033,15827899,Technology
2024-06-11,MSFT,395.5754,18244929,Technology
2024-06-11,NFLX,535.9651,5166329,Technology
2024-06-11,NVDA,257.2509,8882676,Technology
2024-06-11,ORCL,71.9175,3211205,Technology
2024-06-11,TSLA,329.6577,11418522,Technology
2024-06-12,AAPL,181.3617,9357849,Technology
2024-06-12,AMZN,116.3528,2044040,Technology
2024-06-12,AVGO,761.0385,2367213,Technology
2024-06-12,GOOGL,95.0973,7608380,Technology
2024-06-12,META,296.8211,5590477,Technology
2024-06-12,MSFT,396.0296,9981763,Technology
2024-06-12,NFLX,554.2878,15436510,Technology
2024-06-12,NVDA,252.8015,5232183,Technology
2024-06-12,ORCL,70.8263,19426330,Technology
2024-06-12,TSLA,326.0696,5680313,Technology
2024-06-13,AAPL,179.6547,16206084,Technology
2024-06-13,AMZN,116.0059,17016375,Technology
2024-06-13,AVGO,734.2613,3064631,Technology
2024-06-13,GOOGL,96.6662,10346320,Technology
2024-06-13,META,294.5564,19935888,Technology
2024-06-13,MSFT,403.9373,16928411,Technology
2024-06-13,NFLX,559.3549,5286008,Technology
2024-06-13,NVDA,253.8179,8463672,Technology
2024-06-13,ORCL,71.5962,13891092,Technology
2024-06-13,TSLA,316.4325,11348836,Technology
2024-06-14,AAPL,182.6386,13651496,Technology
2024-06-14,AMZN,120.9663,10505741,Technology
2024-06-14,AVGO,713.9887,8716645,Technology
2024-06-14,GOOGL,91.84,16245644,Technology
2024-06-14,META,298.9337,10753310,Technology
2024-06-14,MSFT,412.3869,7967898,Technology
2024-06-14,NFLX,553.3255,11424527,Technology
2024-06-14,NVDA,262.0196,3483533,Technology
2024-06-14,ORCL,71.2681,9917506,Technology
2024-06-14,TSLA,308.3036,6522308,Technology
2024-06-17,AAPL,183.7821,14210828,Technology
2024-06-17,AMZN,118.5458,9508821,Technology
2024-06-17,AVGO,728.717,11524177,Technology
2024-06-17,GOOGL,90.5902,19129592,Technology
2024-06-17,META,297.101,7010751,Technology
2024-06-17,MSFT,418.3402,5023805,Technology
2024-06-17,NFLX,543.9904,4526374,Technology
2024-06-17,NVDA,266.0283,13585779,Technology
2024-06-17,ORCL,71.1666,4559802,Technology
2024-06-17,TSLA,290.8031,18687432,Technology
2024-06-18,AAPL,184.3445,7114645,Technology
2024-06-18,AMZN,115.0895,10853957,Technology
2024-06-18,AVGO,755.2098,2083898,Technology
2024-06-18,GOOGL,92.9136,3008690,Technology
2024-06-18,META,291.0418,2689082,Technology
2024-06-18,MSFT,420.1521,12329915,Technology
2024-06-18,NFLX,546.7134,16876431,Technology
2024-06-18,NVDA,260.3774,16145719,Technology
2024-06-18,ORCL,70.5176,18469906,Technology
2024-06-18,TSLA,294.8324,14962344,Technology
2024-06-19,AAPL,183.826,18314168,Technology
2024-06-19,AMZN,114.5775,4148383,Technology
2024-06-19,AVGO,753.406,18292610,Technology
2024-06-19,GOOGL,93.0322,10462641,Technology
2024-06-19,META,294.5928,13523894,Technology
2024-06-19,MSFT,422.7459,2530681,Technology
2024-06-19,NFLX,542.2166,6439246,Technology
2024-06-19,NVDA,262.9208,3284276,Technology
2024-06-19,ORCL,71.2258,9099189,Technology
2024-06-19,TSLA,297.3054,11438812,Technology
2024-06-20,AAPL,180.2156,17719033,Technology
2024-06-20,AMZN,113.2737,6989906,Technology
2024-06-20,AVGO,755.6362,12140564,Technology
2024-06-20,GOOGL,92.5346,5459461,Technology
2024-06-20,META,299.8992,7763359,Technology
2024-06-20,MSFT,417.9972,14297832,Technology
2024-06-20,NFLX,538.5126,19129517,Technology
2024-06-20,NVDA,261.9595,2689064,Technology
2024-06-20,ORCL,71.705,2754049,Technology
2024-06-20,TSLA,294.1876,16929344,Technology
2024-06-21,AAPL,178.6463,4545710,Technology
2024-06-21,AMZN,114.0342,15420180,Technology
2024-06-21,AVGO,775.1242,5392677,Technology
2024-06-21,GOOGL,93.9591,16908536,Technology
2024-06-21,META,307.5501,8845126,Technology
2024-06-21,MSFT,419.9677,5368720,Technology
2024-06-21,NFLX,532.3878,17241376,Technology
2024-06-21,NVDA,263.3406,7926343,Technology
2024-06-21,ORCL,71.0235,5500882,Technology
2024-06-21,TSLA,301.8931,4706283,Technology
2024-06-24,AAPL,181.608,8296774,Technology
2024-06-24,AMZN,114.0542,12459183,Technology
2024-06-24,AVGO,751.5344,13175703,Technology
2024-06-24,GOOGL,91.8115,4195308,Technology
2024-06-24,META,309.1761,18856273,Technology
2024-06-24,MSFT,423.5358,7037381,Technology
2024-06-24,NFLX,518.3432,16211631,Technology
2024-06-24,NVDA,267.1998,7448880,Technology
2024-06-24,ORCL,73.0338,12247307,Technology
2024-06-24,TSLA,302.4666,3206864,Technology
2024-06-25,AAPL,185.5641,9055243,Technology
2024-06-25,AMZN,110.5221,13303928,Technology
2024-06-25,AVGO,755.3806,8214463,Technology
2024-06-25,GOOGL,91.9622,15882055,Technology
2024-06-25,META,305.2376,10521373,Technology
2024-06-25,MSFT,424.8348,13145177,Technology
2024-06-25,NFLX,521.8519,18930894,Technology
2024-06-25,NVDA,270.984,6940362,Technology
2024-06-25,ORCL,71.6245,4729636,Technology
2024-06-25,TSLA,309.0266,5378139,Technology
2024-06-26,AAPL,184.8553,12710742,Technology
2024-06-26,AMZN,109.0511,10568732,Technology
2024-06-26,AVGO,763.4372,17697747,Technology
2024-06-26,GOOGL,90.9574,9973296,Technology
2024-06-26,META,310.0158,2973395,Technology
2024-06-26,MSFT,424.0664,6424126,Technology
2024-06-26,NFLX,516.3358,11831277,Technology
2024-06-26,NVDA,262.9139,14701567,Technology
2024-06-26,ORCL,72.4343,11847007,Technology
2024-06-26,TSLA,308.1564,14492813,Technology
2024-06-27,AAPL,187.0177,8780227,Technology
2024-06-27,AMZN,108.7736,11225465,Technology
2024-06-27,AVGO,777.8806,12331730,Technology
2024-06-27,GOOGL,90.9615,10295023,Technology
2024-06-27,META,319.9196,14306085,Technology
2024-06-27,MSFT,422.6898,11912395,Technology
2024-06-27,NFLX,526.5168,3855847,Technology
2024-06-27,NVDA,283.8826,15542900,Technology
2024-06-27,ORCL,72.3862,2010205,Technology
2024-06-27,TSLA,301.5341,3099940,Technology
2024-06-28,AAPL,186.2647,16249915,Technology
2024-06-28,AMZN,107.9406,12354746,Technology
2024-06-28,AVGO,769.441,18045861,Technology
2024-06-28,GOOGL,90.6382,15877927,Technology
2024-06-28,META,308.9286,6857265,Technology
2024-06-28,MSFT,428.3381,3097623,Technology
2024-06-28,NFLX,519.6651,9288219,Technology
2024-06-28,NVDA,283.8274,15316778,Technology
2024-06-28,ORCL,74.3334,3192108,Technology
2024-06-28,TSLA,300.037,10436493,Technology
2024-07-01,AAPL,187.8688,16921261,Technology
2024-07-01,AMZN,108.6003,3053187,Technology
2024-07-01,AVGO,762.9282,5194856,Technology
2024-07-01,GOOGL,86.847,10510859,Technology
2024-07-01,META,307.3919,3246662,Technology
2024-07-01,MSFT,427.9895,5590240,Technology
2024-07-01,NFLX,519.0199,18487948,Technology
2024-07-01,NVDA,284.7512,7390534,Technology
2024-07-01,ORCL,74.791,10687962,Technology
2024-07-01,TSLA,303.9908,12064809,Technology
2024-07-02,AAPL,184.3596,15297944,Technology
2024-07-02,AMZN,107.7344,7754260,Technology
2024-07-02,AVGO,739.0888,4679295,Technology
2024-07-02,GOOGL,86.388,14265961,Technology
2024-07-02,META,305.6313,9291232,Technology
2024-07-02,MSFT,431.1739,17923745,Technology
2024-07-02,NFLX,533.4891,5358832,Technology
2024-07-02,NVDA,284.5499,16801559,Technology
2024-07-02,ORCL,74.2594,3189603,Technology
2024-07-02,TSLA,309.9571,6068531,Technology
2024-07-03,AAPL,183.2154,13628446,Technology
2024-07-03,AMZN,108.4908,4939559,Technology
2024-07-03,AVGO,740.6545,2697937,Technology
2024-07-03,GOOGL,85.9828,13324956,Technology
2024-07-03,META,302.9667,17683204,Technology
2024-07-03,MSFT,423.581,16439025,Technology
2024-07-03,NFLX,534.9189,18778900,Technology
2024-07-03,NVDA,286.0933,9303652,Technology
2024-07-03,ORCL,71.8117,18646792,Technology
2024-07-03,TSLA,297.7901,6942451,Technology
2024-07-04,AAPL,180.4348,9621314,Technology
2024-07-04,AMZN,107.8452,6908066,Technology
2024-07-04,AVGO,738.3182,11676617,Technology
2024-07-04,GOOGL,87.0665,2759346,Technology
2024-07-04,META,311.712,11446002,Technology
2024-07-04,MSFT,422.5376,16307232,Technology
2024-07-04,NFLX,519.8645,5202174,Technology
2024-07-04,NVDA,280.0589,12439168,Technology
2024-07-04,ORCL,72.3067,10882680,Technology
2024-07-04,TSLA,285.5211,16773579,Technology
2024-07-05,AAPL,178.9848,5244732,Technology
2024-07-05,AMZN,104.3513,8407717,Technology
2024-07-05,AVGO,765.7602,16529687,Technology
2024-07-05,GOOGL,88.5605,6559629,Technology
2024-07-05,META,309.5695,16949883,Technology
2024-07-05,MSFT,432.314,8464017,Technology
2024-07-05,NFLX,528.9175,19435303,Technology
2024-07-05,NVDA,276.3801,11227645,Technology
2024-07-05,ORCL,73.1648,18189295,Technology
2024-07-05,TSLA,291.9994,7503505,Technology
2024-07-08,AAPL,180.8981,5855467,Technology
2024-07-08,AMZN,106.2882,7217411,Technology
2024-07-08,AVGO,758.5136,7609976,Technology
2024-07-08,GOOGL,87.974,13493360,Technology
2024-07-08,META,305.6569,3663942,Technology
2024-07-08,MSFT,431.8776,11801320,Technology
2024-07-08,NFLX,526.0346,5093429,Technology
2024-07-08,NVDA,270.9101,15700889,Technology
2024-07-08,ORCL,73.6485,13102370,Technology
2024-07-08,TSLA,284.9557,13241016,Technology
2024-07-09,AAPL,183.764,6077774,Technology
2024-07-09,AMZN,102.1634,11249596,Technology
2024-07-09,AVGO,755.9604,5247501,Technology
2024-07-09,GOOGL,88.8783,17545837,Technology
2024-07-09,META,310.0642,15557168,Technology
2024-07-09,MSFT,419.753,11043078,Technology
2024-07-09,NFLX,532.6721,14502758,Technology
2024-07-09,NVDA,274.6752,6084673,Technology
2024-07-09,ORCL,75.3722,19202031,Technology
2024-07-09,TSLA,280.5565,11738305,Technology
2024-07-10,AAPL,182.9062,4476176,Technology
2024-07-10,AMZN,101.4503,15795963,Technology
2024-07-10,AVGO,767.1309,11332799,Technology
2024-07-10,GOOGL,91.5529,5920188,Technology
2024-07-10,META,307.0185,4961599,Technology
2024-07-10,MSFT,421.1211,8990862,Technology
2024-07-10,NFLX,530.7352,8179850,Technology
2024-07-10,NVDA,279.8001,15484467,Technology
2024-07-10,ORCL,75.1603,6645500,Technology
2024-07-10,TSLA,283.7122,13868616,Technology
2024-07-11,AAPL,187.3772,3820533,Technology
2024-07-11,AMZN,101.8038,15547313,Technology
2024-07-11,AVGO,779.1404,12863060,Technology
2024-07-11,GOOGL,93.0599,7841242,Technology
2024-07-11,META,303.5439,10558989,Technology
2024-07-11,MSFT,423.3794,5942363,Technology
2024-07-11,NFLX,519.7238,3839973,Technology
2024-07-11,NVDA,272.7054,16147543,Technology
2024-07-11,ORCL,73.4102,16658847,Technology
2024-07-11,TSLA,287.4026,15151845,Technology
2024-07-12,AAPL,189.8388,15875744,Technology
2024-07-12,AMZN,102.5489,11786822,Technology
2024-07-12,AVGO,770.91,19952154,Technology
2024-07-12,GOOGL,94.38,5012486,Technology
2024-07-12,META,308.499,14398948,Technology
2024-07-12,MSFT,427.9532,18123766,Technology
2024-07-12,NFLX,511.0969,17488103,Technology
2024-07-12,NVDA,274.0791,15637183,Technology
2024-07-12,ORCL,72.7602,7950797,Technology
2024-07-12,TSLA,289.4218,7039739,Technology
2024-07-15,AAPL,192.7532,2679454,Technology
2024-07-15,AMZN,104.861,14329408,Technology
2024-07-15,AVGO,796.7332,18714916,Technology
2024-07-15,GOOGL,94.2963,16204588,Technology
2024-07-15,META,313.3944,8384462,Technology
2024-07-15,MSFT,428.5119,19847563,Technology
2024-07-15,NFLX,515.4528,14791075,Technology
2024-07-15,NVDA,273.1456,16254467,Technology
2024-07-15,ORCL,72.2308,14019533,Technology
2024-07-15,TSLA,289.2356,16343920,Technology
2024-07-16,AAPL,188.0432,8061758,Technology
2024-07-16,AMZN,102.5048,7419301,Technology
2024-07-16,AVGO,782.6167,11863647,Technology
2024-07-16,GOOGL,95.0338,2160737,Technology
2024-07-16,META,321.2599,14472225,Technology
2024-07-16,MSFT,426.8214,11529781,Technology
2024-07-16,NFLX,514.1327,8646165,Technology
2024-07-16,NVDA,266.7785,7635347,Technology
2024-07-16,ORCL,71.3329,17036455,Technology
2024-07-16,TSLA,292.671,12571707,Technology
2024-07-17,AAPL,188.2893,8780957,Technology
2024-07-17,AMZN,101.4958,3725001,Technology
2024-07-17,AVGO,772.5152,4094869,Technology
2024-07-17,GOOGL,97.4745,10554872,Technology
2024-07-17,META,320.6787,16095302,Technology
2024-07-17,MSFT,429.3554,19531637,Technology
2024-07-17,NFLX,527.602,11340829,Technology
2024-07-17,NVDA,270.8231,14562942,Technology
2024-07-17,ORCL,70.2512,16511401,Technology
2024-07-17,TSLA,293.4185,15895616,Technology
2024-07-18,AAPL,187.003,4920449,Technology
2024-07-18,AMZN,99.1155,12440839,Technology
2024-07-18,AVGO,781.526,11980313,Technology
2024-07-18,GOOGL,98.1756,12731821,Technology
2024-07-18,META,321.3112,12748315,Technology
2024-07-18,MSFT,407.5937,3802418,Technology
2024-07-18,NFLX,530.115,19212661,Technology
2024-07-18,NVDA,280.4875,5772525,Technology
2024-07-18,ORCL,69.5824,16009330,Technology
2024-07-18,TSLA,286.973,12659059,Technology
2024-07-19,AAPL,189.305,16562786,Technology
2024-07-19,AMZN,99.2758,11327073,Technology
2024-07-19,AVGO,775.5897,6310124,Technology
2024-07-19,GOOGL,97.7694,4838572,Technology
2024-07-19,META,329.3949,13097222,Technology
2024-07-19,MSFT,405.4931,16693132,Technology
2024-07-19,NFLX,542.0305,2281383,Technology
2024-07-19,NVDA,273.2083,8744603,Technology
2024-07-19,ORCL,69.6417,9809720,Technology
2024-07-19,TSLA,284.8418,17684058,Technology
2024-07-22,AAPL,185.4396,4979704,Technology
2024-07-22,AMZN,99.0719,8714255,Technology
2024-07-22,AVGO,786.0017,16716539,Technology
2024-07-22,GOOGL,98.2627,3645227,Technology
2024-07-22,META,333.8419,7827186,Technology
2024-07-22,MSFT,402.236,18510670,Technology
2024-07-22,NFLX,538.4679,7767945,Technology
2024-07-22,NVDA,275.8031,12395152,Technology
2024-07-22,ORCL,71.19,6899393,Technology
2024-07-22,TSLA,297.6612,14032944,Technology
2024-07-23,AAPL,183.0731,14174532,Technology
2024-07-23,AMZN,97.5822,18394183,Technology
2024-07-23,AVGO,791.1914,8449785,Technology
2024-07-23,GOOGL,95.7938,19945515,Technology
2024-07-23,META,348.8709,15371054,Technology
2024-07-23,MSFT,418.9043,5949408,Technology
2024-07-23,NFLX,524.2005,16847515,Technology
2024-07-23,NVDA,286.0863,2174260,Technology
2024-07-23,ORCL,71.8757,19509700,Technology
2024-07-23,TSLA,293.2986,16100568,Technology
2024-07-24,AAPL,184.1801,6275543,Technology
2024-07-24,AMZN,97.7646,3843521,Technology
2024-07-24,AVGO,803.4773,18498989,Technology
2024-07-24,GOOGL,93.5743,13252381,Technology
2024-07-24,META,347.6171,15260947,Technology
2024-07-24,MSFT,425.3988,17237091,Technology
2024-07-24,NFLX,525.6088,6035720,Technology
2024-07-24,NVDA,297.2013,16587224,Technology
2024-07-24,ORCL,71.6214,19843632,Technology
2024-07-24,TSLA,294.1265,19803570,Technology
2024-07-25,AAPL,182.2981,15473657,Technology
2024-07-25,AMZN,98.4669,5391502,Technology
2024-07-25,AVGO,824.479,18374025,Technology
2024-07-25,GOOGL,95.4853,14623906,Technology
2024-07-25,META,346.1729,10255863,Technology
2024-07-25,MSFT,427.1304,17106000,Technology
2024-07-25,NFLX,530.498,4159600,Technology
2024-07-25,NVDA,300.4496,9544651,Technology
2024-07-25,ORCL,72.7269,16430128,Technology
2024-07-25,TSLA,305.3517,4636849,Technology
2024-07-26,AAPL,183.1163,10080703,Technology
2024-07-26,AMZN,99.4831,18147021,Technology
2024-07-26,AVGO,813.4005,14737473,Technology
2024-07-26,GOOGL,96.2744,16246392,Technology
2024-07-26,META,349.6928,4654758,Technology
2024-07-26,MSFT,422.3745,17213976,Technology
2024-07-26,NFLX,543.4292,14157680,Technology
2024-07-26,NVDA,295.4916,14343730,Technology
2024-07-26,ORCL,73.1113,6637560,Technology
2024-07-26,TSLA,312.9179,4966730,Technology
2024-07-29,AAPL,181.061,16555229,Technology
2024-07-29,AMZN,97.1084,11461750,Technology
2024-07-29,AVGO,816.9175,11357188,Technology
2024-07-29,GOOGL,97.0474,19670162,Technology
2024-07-29,META,351.9273,19459570,Technology
2024-07-29,MSFT,425.8805,16511784,Technology
2024-07-29,NFLX,530.9628,18673735,Technology
2024-07-29,NVDA,286.4561,11676872,Technology
2024-07-29,ORCL,73.627,17200787,Technology
2024-07-29,TSLA,317.889,18127160,Technology
2024-07-30,AAPL,180.6979,10442280,Technology
2024-07-30,AMZN,95.1104,11577721,Technology
2024-07-30,AVGO,812.233,13943226,Technology
2024-07-30,GOOGL,97.8344,16194112,Technology
2024-07-30,META,349.5425,9314959,Technology
2024-07-30,MSFT,432.7267,14557278,Technology
2024-07-30,NFLX,530.3127,4037544,Technology
2024-07-30,NVDA,292.9294,7869431,Technology
2024-07-30,ORCL,72.637,5941146,Technology
2024-07-30,TSLA,313.0056,2939405,Technology
2024-07-31,AAPL,182.0321,19048343,Technology
2024-07-31,AMZN,92.5704,4051401,Technology
2024-07-31,AVGO,805.7745,12351562,Technology
2024-07-31,GOOGL,97.9804,9896940,Technology
2024-07-31,META,349.0647,10110061,Technology
2024-07-31,MSFT,434.0969,14610094,Technology
2024-07-31,NFLX,519.7225,2844017,Technology
2024-07-31,NVDA,304.3489,18598595,Technology
2024-07-31,ORCL,73.5887,4758648,Technology
2024-07-31,TSLA,304.6997,13967160,Technology
2024-08-01,AAPL,180.0323,19719916,Technology
2024-08-01,AMZN,91.7727,10288844,Technology
2024-08-01,AVGO,820.3948,11574662,Technology
2024-08-01,GOOGL,95.3573,5473375,Technology
2024-08-01,META,349.0781,16985194,Technology
2024-08-01,MSFT,433.6194,19056057,Technology
2024-08-01,NFLX,521.3018,11387766,Technology
2024-08-01,NVDA,306.3015,4766442,Technology
2024-08-01,ORCL,73.3352,3774750,Technology
2024-08-01,TSLA,304.1886,7887608,Technology
2024-08-02,AAPL,178.1399,8873703,Technology
2024-08-02,AMZN,94.3673,18621375,Technology
2024-08-02,AVGO,807.7747,5616777,Technology
2024-08-02,GOOGL,94.8889,4425179,Technology
2024-08-02,META,354.2653,19450235,Technology
2024-08-02,MSFT,427.1534,5388205,Technology
2024-08-02,NFLX,518.1335,6844408,Technology
2024-08-02,NVDA,312.315,13337107,Technology
2024-08-02,ORCL,72.5433,15365424,Technology
2024-08-02,TSLA,300.4811,12082612,Technology
2024-08-05,AAPL,178.7217,11494276,Technology
2024-08-05,AMZN,95.7745,10631328,Technology
2024-08-05,AVGO,818.164,7765695,Technology
2024-08-05,GOOGL,93.6782,18175934,Technology
2024-08-05,META,359.5763,3754028,Technology
2024-08-05,MSFT,424.5865,19784111,Technology
2024-08-05,NFLX,506.6222,2678429,Technology
2024-08-05,NVDA,310.7609,12854050,Technology
2024-08-05,ORCL,72.3411,9547247,Technology
2024-08-05,TSLA,300.5624,8791571,Technology
2024-08-06,AAPL,183.3273,16422666,Technology
2024-08-06,AMZN,95.2298,16706696,Technology
2024-08-06,AVGO,810.2969,18996451,Technology
2024-08-06,GOOGL,92.2101,7304862,Technology
2024-08-06,META,363.3867,9563169,Technology
2024-08-06,MSFT,429.5279,7562955,Technology
2024-08-06,NFLX,510.235,7536448,Technology
2024-08-06,NVDA,300.3113,19643098,Technology
2024-08-06,ORCL,72.1812,4924018,Technology
2024-08-06,TSLA,294.2403,7611712,Technology
2024-08-07,AAPL,182.4333,4491173,Technology
2024-08-07,AMZN,96.6907,18015074,Technology
2024-08-07,AVGO,813.4308,9673745,Technology
2024-08-07,GOOGL,92.3792,14546679,Technology
2024-08-07,META,382.3012,11829552,Technology
2024-08-07,MSFT,425.3411,10827855,Technology
2024-08-07,NFLX,505.1838,7854427,Technology
2024-08-07,NVDA,292.2329,5675683,Technology
2024-08-07,ORCL,72.5065,10661126,Technology
2024-08-07,TSLA,299.8258,11395742,Technology
2024-08-08,AAPL,182.5335,17734105,Technology
2024-08-08,AMZN,94.4469,8156812,Technology
2024-08-08,AVGO,808.8418,2429014,Technology
2024-08-08,GOOGL,92.7405,8257964,Technology
2024-08-08,META,385.9551,8265539,Technology
2024-08-08,MSFT,428.9477,5938560,Technology
2024-08-08,NFLX,497.738,7899790,Technology
2024-08-08,NVDA,286.3205,5390096,Technology
2024-08-08,ORCL,72.8113,7651226,Technology
2024-08-08,TSLA,284.6674,17159441,Technology
2024-08-09,AAPL,186.2927,11981733,Technology
2024-08-09,AMZN,92.9146,14778107,Technology
2024-08-09,AVGO,811.3328,3877733,Technology
2024-08-09,GOOGL,93.6039,15183243,Technology
2024-08-09,META,392.2229,19142783,Technology
2024-08-09,MSFT,431.3421,11476073,Technology
2024-08-09,NFLX,500.3238,3930000,Technology
2024-08-09,NVDA,291.4908,3955490,Technology
2024-08-09,ORCL,72.6851,18007517,Technology
2024-08-09,TSLA,281.9265,19196482,Technology
2024-08-12,AAPL,190.427,17320988,Technology
2024-08-12,AMZN,95.8043,6002441,Technology
2024-08-12,AVGO,795.1943,7506156,Technology
2024-08-12,GOOGL,93.2169,18460532,Technology
2024-08-12,META,401.9408,2258678,Technology
2024-08-12,MSFT,444.0957,5626358,Technology
2024-08-12,NFLX,499.489,17949779,Technology
2024-08-12,NVDA,285.3553,18105388,Technology
2024-08-12,ORCL,71.2265,4772826,Technology
2024-08-12,TSLA,294.5841,14804258,Technology
2024-08-13,AAPL,193.6298,7131134,Technology
2024-08-13,AMZN,96.38,17422673,Technology
2024-08-13,AVGO,789.0001,19861172,Technology
2024-08-13,GOOGL,95.8544,11981365,Technology
2024-08-13,META,400.2725,16648028,Technology
2024-08-13,MSFT,444.3732,4348811,Technology
2024-08-13,NFLX,491.2788,16715698,Technology
2024-08-13,NVDA,282.6729,3678347,Technology
2024-08-13,ORCL,71.8587,10517134,Technology
2024-08-13,TSLA,289.9883,17117769,Technology
2024-08-14,AAPL,193.9144,18295511,Technology
2024-08-14,AMZN,97.1537,4256195,Technology
2024-08-14,AVGO,792.1712,14580229,Technology
2024-08-14,GOOGL,96.6455,7322107,Technology
2024-08-14,META,416.4922,11037533,Technology
2024-08-14,MSFT,441.9255,17197113,Technology
2024-08-14,NFLX,474.6684,11441446,Technology
2024-08-14,NVDA,289.1548,2577064,Technology
2024-08-14,ORCL,73.8668,4128075,Technology
2024-08-14,TSLA,282.2615,16201371,Technology
2024-08-15,AAPL,191.8615,4652275,Technology
2024-08-15,AMZN,98.1159,4343928,Technology
2024-08-15,AVGO,770.9548,11495902,Technology
2024-08-15,GOOGL,97.0322,6740286,Technology
2024-08-15,META,418.3086,17619646,Technology
2024-08-15,MSFT,429.5498,7824598,Technology
2024-08-15,NFLX,477.4503,6286679,Technology
2024-08-15,NVDA,294.3057,14402441,Technology
2024-08-15,ORCL,74.2805,6242281,Technology
2024-08-15,TSLA,279.308,14336616,Technology
2024-08-16,AAPL,185.9638,5996684,Technology
2024-08-16,AMZN,100.4054,16112535,Technology
2024-08-16,AVGO,800.1628,7528156,Technology
2024-08-16,GOOGL,97.0291,13484469,Technology
2024-08-16,META,414.8127,10207954,Technology
2024-08-16,MSFT,437.1167,18510034,Technology
2024-08-16,NFLX,462.7206,2824259,Technology
2024-08-16,NVDA,290.3894,3250838,Technology
2024-08-16,ORCL,75.0474,19248936,Technology
2024-08-16,TSLA,272.4141,8267248,Technology
2024-08-19,AAPL,188.4774,10120303,Technology
2024-08-19,AMZN,101.6854,3399235,Technology
2024-08-19,AVGO,808.5422,12574457,Technology
2024-08-19,GOOGL,97.104,8822784,Technology
2024-08-19,META,404.0863,9386962,Technology
2024-08-19,MSFT,438.3719,15938596,Technology
2024-08-19,NFLX,470.2699,19276403,Technology
2024-08-19,NVDA,290.9153,19333902,Technology
2024-08-19,ORCL,74.3408,12591618,Technology
2024-08-19,TSLA,269.9045,2455319,Technology
2024-08-20,AAPL,188.2218,2958623,Technology
2024-08-20,AMZN,102.1756,2765304,Technology
2024-08-20,AVGO,822.0164,13536783,Technology
2024-08-20,GOOGL,97.2496,17422927,Technology
2024-08-20,META,398.4366,11417056,Technology
2024-08-20,MSFT,445.0375,19290057,Technology
2024-08-20,NFLX,468.9322,14548266,Technology
2024-08-20,NVDA,290.1648,13872258,Technology
2024-08-20,ORCL,72.9179,7156416,Technology
2024-08-20,TSLA,264.9621,14060703,Technology
2024-08-21,AAPL,188.8219,11036128,Technology
2024-08-21,AMZN,99.3284,3940712,Technology
2024-08-21,AVGO,812.7377,15306626,Technology
2024-08-21,GOOGL,97.5443,15968298,Technology
2024-08-21,META,406.117,15771460,Technology
2024-08-21,MSFT,435.8203,8724634,Technology
2024-08-21,NFLX,485.4779,13579616,Technology
2024-08-21,NVDA,294.9425,3259629,Technology
2024-08-21,ORCL,73.8868,12990309,Technology
2024-08-21,TSLA,270.5867,15112847,Technology
2024-08-22,AAPL,189.6871,8748428,Technology
2024-08-22,AMZN,99.9098,3066774,Technology
2024-08-22,AVGO,809.1528,7453026,Technology
2024-08-22,GOOGL,97.743,13849209,Technology
2024-08-22,META,409.85,9710905,Technology
2024-08-22,MSFT,441.3494,3818579,Technology
2024-08-22,NFLX,502.3483,16264176,Technology
2024-08-22,NVDA,302.5181,5092862,Technology
2024-08-22,ORCL,74.1677,7888572,Technology
2024-08-22,TSLA,272.623,19962202,Technology
2024-08-23,AAPL,198.3276,2507375,Technology
2024-08-23,AMZN,97.9851,4140599,Technology
2024-08-23,AVGO,808.6562,5388302,Technology
2024-08-23,GOOGL,100.1141,11701217,Technology
2024-08-23,META,413.1178,5184112,Technology
2024-08-23,MSFT,439.5153,7431772,Technology
2024-08-23,NFLX,516.6799,2633459,Technology
2024-08-23,NVDA,305.6022,17474732,Technology
2024-08-23,ORCL,74.6335,8783257,Technology
2024-08-23,TSLA,281.2106,18909328,Technology
2024-08-26,AAPL,203.2514,13699292,Technology
2024-08-26,AMZN,98.0126,14016555,Technology
2024-08-26,AVGO,813.1595,16857096,Technology
2024-08-26,GOOGL,98.7577,10955884,Technology
2024-08-26,META,405.0956,8868139,Technology
2024-08-26,MSFT,441.9243,19076483,Technology
2024-08-26,NFLX,510.7523,13082937,Technology
2024-08-26,NVDA,302.5173,3993391,Technology
2024-08-26,ORCL,74.9699,16331497,Technology
2024-08-26,TSLA,278.0299,15457312,Technology
2024-08-27,AAPL,201.0725,16244851,Technology
2024-08-27,AMZN,98.6686,15581904,Technology
2024-08-27,AVGO,812.5726,17726693,Technology
2024-08-27,GOOGL,99.9647,11926420,Technology
2024-08-27,META,399.79,17211648,Technology
2024-08-27,MSFT,444.6885,16253165,Technology
2024-08-27,NFLX,519.1267,19063552,Technology
2024-08-27,NVDA,304.8259,11656154,Technology
2024-08-27,ORCL,75.1702,2152817,Technology
2024-08-27,TSLA,281.0523,2192103,Technology
2024-08-28,AAPL,202.6854,16935708,Technology
2024-08-28,AMZN,99.4698,5697221,Technology
2024-08-28,AVGO,811.7986,5209222,Technology
2024-08-28,GOOGL,98.9962,13536270,Technology
2024-08-28,META,396.8215,7098470,Technology
2024-08-28,MSFT,453.0239,5135648,Technology
2024-08-28,NFLX,528.4468,10511978,Technology
2024-08-28,NVDA,302.562,19191741,Technology
2024-08-28,ORCL,74.168,3661670,Technology
2024-08-28,TSLA,273.1132,2101061,Technology
2024-08-29,AAPL,204.5721,14529295,Technology
2024-08-29,AMZN,95.7864,18221147,Technology
2024-08-29,AVGO,796.3788,8674830,Technology
2024-08-29,GOOGL,98.1763,3988354,Technology
2024-08-29,META,389.4283,13166776,Technology
2024-08-29,MSFT,451.1649,19437372,Technology
2024-08-29,NFLX,537.5964,3082561,Technology
2024-08-29,NVDA,303.1464,17582590,Technology
2024-08-29,ORCL,73.9227,19461083,Technology
2024-08-29,TSLA,276.1648,7587032,Technology
2024-08-30,AAPL,207.5654,10074826,Technology
2024-08-30,AMZN,96.4286,3634027,Technology
2024-08-30,AVGO,787.9465,3775713,Technology
2024-08-30,GOOGL,97.6694,17033480,Technology
2024-08-30,META,402.5337,19916537,Technology
2024-08-30,MSFT,446.7082,16165852,Technology
2024-08-30,NFLX,537.3548,10604248,Technology
2024-08-30,NVDA,306.4885,9779612,Technology
2024-08-30,ORCL,74.3951,19853070,Technology
2024-08-30,TSLA,281.747,6567685,Technology
2024-09-02,AAPL,211.1588,2094521,Technology
2024-09-02,AMZN,97.8666,17225507,Technology
2024-09-02,AVGO,761.9926,19099357,Technology
2024-09-02,GOOGL,97.6245,4335936,Technology
2024-09-02,META,395.7977,16506915,Technology
2024-09-02,MSFT,434.411,6018269,Technology
2024-09-02,NFLX,532.5693,6890276,Technology
2024-09-02,NVDA,310.0679,14774089,Technology
2024-09-02,ORCL,73.2049,2037570,Technology
2024-09-02,TSLA,285.5986,18588151,Technology
2024-09-03,AAPL,213.2721,17029335,Technology
2024-09-03,AMZN,101.6941,8261057,Technology
2024-09-03,AVGO,777.3462,3313342,Technology
2024-09-03,GOOGL,98.3478,10736665,Technology
2024-09-03,META,404.5521,13092686,Technology
2024-09-03,MSFT,431.655,7522818,Technology
2024-09-03,NFLX,545.5728,11482095,Technology
2024-09-03,NVDA,301.151,18904776,Technology
2024-09-03,ORCL,73.4262,19706619,Technology
2024-09-03,TSLA,284.2237,6949125,Technology
2024-09-04,AAPL,214.4856,11878476,Technology
2024-09-04,AMZN,100.2287,4890032,Technology
2024-09-04,AVGO,765.4051,5664948,Technology
2024-09-04,GOOGL,97.6747,3777564,Technology
2024-09-04,META,411.4103,9403033,Technology
2024-09-04,MSFT,430.0232,14392971,Technology
2024-09-04,NFLX,559.698,17416161,Technology
2024-09-04,NVDA,302.8144,12574855,Technology
2024-09-04,ORCL,73.8646,8601805,Technology
2024-09-04,TSLA,283.1553,10617227,Technology
2024-09-05,AAPL,214.0792,4001363,Technology
2024-09-05,AMZN,97.5172,6352805,Technology
2024-09-05,AVGO,770.4524,2280668,Technology
2024-09-05,GOOGL,95.1944,13842582,Technology
2024-09-05,META,398.4682,18690120,Technology
2024-09-05,MSFT,436.5295,19078185,Technology
2024-09-05,NFLX,556.5554,4463295,Technology
2024-09-05,NVDA,292.9341,6957937,Technology
2024-09-05,ORCL,73.2266,8430509,Technology
2024-09-05,TSLA,293.7438,6554683,Technology
2024-09-06,AAPL,210.5631,7185828,Technology
2024-09-06,AMZN,97.5455,12264236,Technology
2024-09-06,AVGO,787.7828,18597554,Technology
2024-09-06,GOOGL,94.0555,11464784,Technology
2024-09-06,META,398.8533,3794637,Technology
2024-09-06,MSFT,443.3255,19076566,Technology
2024-09-06,NFLX,561.7575,7956078,Technology
2024-09-06,NVDA,293.0161,2133979,Technology
2024-09-06,ORCL,71.7284,12295950,Technology
2024-09-06,TSLA,296.9174,13254867,Technology
2024-09-09,AAPL,210.3876,9556859,Technology
2024-09-09,AMZN,99.3543,2251717,Technology
2024-09-09,AVGO,793.3949,18637620,Technology
2024-09-09,GOOGL,93.7617,8594372,Technology
2024-09-09,META,389.5644,2587439,Technology
2024-09-09,MSFT,429.1576,19373310,Technology
2024-09-09,NFLX,568.7749,9706731,Technology
2024-09-09,NVDA,294.7139,9186264,Technology
2024-09-09,ORCL,73.5037,7942551,Technology
2024-09-09,TSLA,310.6011,17537335,Technology
2024-09-10,AAPL,211.3775,16290183,Technology
2024-09-10,AMZN,100.6883,5905965,Technology
2024-09-10,AVGO,812.4279,2085298,Technology
2024-09-10,GOOGL,92.7633,12907165,Technology
2024-09-10,META,393.0217,7218280,Technology
2024-09-10,MSFT,440.6617,2582889,Technology
2024-09-10,NFLX,551.7459,3050644,Technology
2024-09-10,NVDA,296.7914,16536184,Technology
2024-09-10,ORCL,73.987,2700960,Technology
2024-09-10,TSLA,308.0869,18696347,Technology
2024-09-11,AAPL,210.111,18292643,Technology
2024-09-11,AMZN,101.2287,18229885,Technology
2024-09-11,AVGO,814.2318,16963472,Technology
2024-09-11,GOOGL,95.6934,5757285,Technology
2024-09-11,META,388.4626,10183337,Technology
2024-09-11,MSFT,430.5538,19415570,Technology
2024-09-11,NFLX,544.3655,11115909,Technology
2024-09-11,NVDA,282.8787,17826309,Technology
2024-09-11,ORCL,71.707,13058540,Technology
2024-09-11,TSLA,319.072,10825408,Technology
2024-09-12,AAPL,210.6061,12741302,Technology
2024-09-12,AMZN,102.5762,11668276,Technology
2024-09-12,AVGO,838.4352,19719235,Technology
2024-09-12,GOOGL,97.1536,10845299,Technology
2024-09-12,META,391.0663,8859436,Technology
2024-09-12,MSFT,423.2034,5976114,Technology
2024-09-12,NFLX,559.7515,16261320,Technology
2024-09-12,NVDA,280.8945,10283682,Technology
2024-09-12,ORCL,70.4461,16785736,Technology
2024-09-12,TSLA,318.9715,10522071,Technology
2024-09-13,AAPL,214.252,6354886,Technology
2024-09-13,AMZN,103.4012,5852276,Technology
2024-09-13,AVGO,863.8413,8692107,Technology
2024-09-13,GOOGL,97.6454,16418359,Technology
2024-09-13,META,393.9707,4239930,Technology
2024-09-13,MSFT,411.5707,4531580,Technology
2024-09-13,NFLX,549.7381,7375703,Technology
2024-09-13,NVDA,272.1492,7182412,Technology
2024-09-13,ORCL,70.6433,9035554,Technology
2024-09-13,TSLA,328.4604,16533752,Technology
2024-09-16,AAPL,214.742,4584383,Technology
2024-09-16,AMZN,103.3101,11075514,Technology
2024-09-16,AVGO,862.133,17080171,Technology
2024-09-16,GOOGL,97.2978,3092603,Technology
2024-09-16,META,402.0104,19417089,Technology
2024-09-16,MSFT,406.7445,15416179,Technology
2024-09-16,NFLX,553.386,5016617,Technology
2024-09-16,NVDA,267.8606,17857893,Technology
2024-09-16,ORCL,71.1411,19882660,Technology
2024-09-16,TSLA,318.8786,2687484,Technology
2024-09-17,AAPL,211.1111,6330156,Technology
2024-09-17,AMZN,102.9113,12608850,Technology
2024-09-17,AVGO,869.8461,6431116,Technology
2024-09-17,GOOGL,94.114,9487157,Technology
2024-09-17,META,408.8719,16767523,Technology
2024-09-17,MSFT,408.0803,5021973,Technology
2024-09-17,NFLX,544.682,8071135,Technology
2024-09-17,NVDA,259.2691,14809662,Technology
2024-09-17,ORCL,72.049,13077831,Technology
2024-09-17,TSLA,335.5967,4757451,Technology
2024-09-18,AAPL,212.9831,9498216,Technology
2024-09-18,AMZN,101.3394,9913984,Technology
2024-09-18,AVGO,872.3725,14033590,Technology
2024-09-18,GOOGL,92.9591,8643235,Technology
2024-09-18,META,404.8506,14669029,Technology
2024-09-18,MSFT,423.3188,17935764,Technology
2024-09-18,NFLX,545.4164,15334433,Technology
2024-09-18,NVDA,261.8771,7354077,Technology
2024-09-18,ORCL,72.7888,11469574,Technology
2024-09-18,TSLA,338.9023,15251531,Technology
2024-09-19,AAPL,212.4538,19543780,Technology
2024-09-19,AMZN,102.43,8386802,Technology
2024-09-19,AVGO,883.5547,12269715,Technology
2024-09-19,GOOGL,92.3209,6784681,Technology
2024-09-19,META,404.899,8743588,Technology
2024-09-19,MSFT,430.8678,13503848,Technology
2024-09-19,NFLX,539.7922,8111651,Technology
2024-09-19,NVDA,254.1252,5152273,Technology
2024-09-19,ORCL,73.1547,3168965,Technology
2024-09-19,TSLA,342.1044,9552306,Technology
2024-09-20,AAPL,211.49,3218227,Technology
2024-09-20,AMZN,102.1824,8833071,Technology
2024-09-20,AVGO,873.9387,17547380,Technology
2024-09-20,GOOGL,89.8609,2731756,Technology
2024-09-20,META,404.0511,6030858,Technology
2024-09-20,MSFT,435.7392,17959763,Technology
2024-09-20,NFLX,529.5104,12589781,Technology
2024-09-20,NVDA,247.6858,6484426,Technology
2024-09-20,ORCL,72.5439,12911019,Technology
2024-09-20,TSLA,338.9123,17224456,Technology
2024-09-23,AAPL,208.1303,19789966,Technology
2024-09-23,AMZN,102.5011,4031218,Technology
2024-09-23,AVGO,867.6871,17816258,Technology
2024-09-23,GOOGL,90.9293,19002862,Technology
2024-09-23,META,400.8415,6760983,Technology
2024-09-23,MSFT,431.7576,6491735,Technology
2024-09-23,NFLX,546.418,7711891,Technology
2024-09-23,NVDA,255.0494,10240906,Technology
2024-09-23,ORCL,72.48,14598969,Technology
2024-09-23,TSLA,350.3431,3121858,Technology
2024-09-24,AAPL,207.6797,11974735,Technology
2024-09-24,AMZN,103.7629,19723029,Technology
2024-09-24,AVGO,861.3807,15259404,Technology
2024-09-24,GOOGL,91.458,19290561,Technology
2024-09-24,META,416.2648,17092715,Technology
2024-09-24,MSFT,433.4236,3220306,Technology
2024-09-24,NFLX,542.8666,14828170,Technology
2024-09-24,NVDA,249.8901,18394995,Technology
2024-09-24,ORCL,73.7412,3730163,Technology
2024-09-24,TSLA,354.7519,3754558,Technology
2024-09-25,AAPL,205.263,13442074,Technology
2024-09-25,AMZN,104.4127,4446422,Technology
2024-09-25,AVGO,858.78,9485972,Technology
2024-09-25,GOOGL,93.297,11569898,Technology
2024-09-25,META,418.6596,6347979,Technology
2024-09-25,MSFT,433.5276,2023060,Technology
2024-09-25,NFLX,538.572,4320143,Technology
2024-09-25,NVDA,252.9851,9083923,Technology
2024-09-25,ORCL,72.6951,2576607,Technology
2024-09-25,TSLA,330.4342,5495282,Technology
2024-09-26,AAPL,207.4333,19658709,Technology
2024-09-26,AMZN,105.056,15720926,Technology
2024-09-26,AVGO,879.9921,9445517,Technology
2024-09-26,GOOGL,94.6186,5410287,Technology
2024-09-26,META,410.8599,18203370,Technology
2024-09-26,MSFT,436.437,8946867,Technology
2024-09-26,NFLX,534.9227,19244092,Technology
2024-09-26,NVDA,259.7827,19022372,Technology
2024-09-26,ORCL,71.8826,17338815,Technology
2024-09-26,TSLA,324.0658,13052068,Technology
2024-09-27,AAPL,207.5353,16193360,Technology
2024-09-27,AMZN,104.4584,2730954,Technology
2024-09-27,AVGO,875.0712,16701043,Technology
2024-09-27,GOOGL,93.5928,13255850,Technology
2024-09-27,META,409.7757,4760756,Technology
2024-09-27,MSFT,435.0213,17921935,Technology
2024-09-27,NFLX,556.58,16623521,Technology
2024-09-27,NVDA,260.7383,6927972,Technology
2024-09-27,ORCL,71.2205,16584874,Technology
2024-09-27,TSLA,339.5169,17268140,Technology
2024-09-30,AAPL,208.1751,8206444,Technology
2024-09-30,AMZN,102.3248,7906077,Technology
2024-09-30,AVGO,905.1137,10787896,Technology
2024-09-30,GOOGL,93.4516,5220162,Technology
2024-09-30,META,410.5827,8739303,Technology
2024-09-30,MSFT,420.4146,10875475,Technology
2024-09-30,NFLX,542.9203,9705930,Technology
2024-09-30,NVDA,272.5216,13305497,Technology
2024-09-30,ORCL,70.1012,8457534,Technology
2024-09-30,TSLA,341.3103,7696645,Technology
2024-10-01,AAPL,207.851,15887024,Technology
2024-10-01,AMZN,103.4272,12807011,Technology
2024-10-01,AVGO,889.087,9118432,Technology
2024-10-01,GOOGL,93.4769,3899255,Technology
2024-10-01,META,416.5651,12799022,Technology
2024-10-01,MSFT,415.656,3825714,Technology
2024-10-01,NFLX,540.6327,17318236,Technology
2024-10-01,NVDA,269.2654,14564791,Technology
2024-10-01,ORCL,69.4148,14701833,Technology
2024-10-01,TSLA,336.7231,12563254,Technology
2024-10-02,AAPL,203.8951,15233365,Technology
2024-10-02,AMZN,104.4231,7616124,Technology
2024-10-02,AVGO,877.7384,14528031,Technology
2024-10-02,GOOGL,92.0573,13495237,Technology
2024-10-02,META,403.2798,8031618,Technology
2024-10-02,MSFT,420.5524,10630806,Technology
2024-10-02,NFLX,545.5333,17884819,Technology
2024-10-02,NVDA,282.2207,15003369,Technology
2024-10-02,ORCL,69.39,9219692,Technology
2024-10-02,TSLA,319.1241,18997417,Technology
2024-10-03,AAPL,203.5813,11828247,Technology
2024-10-03,AMZN,106.3667,11970486,Technology
2024-10-03,AVGO,858.4702,6013542,Technology
2024-10-03,GOOGL,91.1294,13974362,Technology
2024-10-03,META,426.6712,6352960,Technology
2024-10-03,MSFT,425.973,14368887,Technology
2024-10-03,NFLX,562.8856,8705064,Technology
2024-10-03,NVDA,283.9259,19863014,Technology
2024-10-03,ORCL,69.6175,19722776,Technology
2024-10-03,TSLA,300.3642,9257115,Technology
2024-10-04,AAPL,204.4388,16643159,Technology
2024-10-04,AMZN,106.1171,7230607,Technology
2024-10-04,AVGO,865.2219,13476746,Technology
2024-10-04,GOOGL,92.3406,17890832,Technology
2024-10-04,META,420.3123,19522825,Technology
2024-10-04,MSFT,420.1274,4927817,Technology
2024-10-04,NFLX,568.0735,6132320,Technology
2024-10-04,NVDA,291.285,11950830,Technology
2024-10-04,ORCL,69.0585,7567869,Technology
2024-10-04,TSLA,298.6257,17078900,Technology
2024-10-07,AAPL,206.807,10363212,Technology
2024-10-07,AMZN,106.8769,3252964,Technology
2024-10-07,AVGO,887.9691,10793662,Technology
2024-10-07,GOOGL,92.809,9228029,Technology
2024-10-07,META,424.466,16913898,Technology
2024-10-07,MSFT,429.7853,7308355,Technology
2024-10-07,NFLX,563.9465,19252303,Technology
2024-10-07,NVDA,294.0741,3894042,Technology
2024-10-07,ORCL,68.7876,4676976,Technology
2024-10-07,TSLA,297.3918,16850855,Technology
2024-10-08,AAPL,211.4055,14517006,Technology
2024-10-08,AMZN,105.9926,17139048,Technology
2024-10-08,AVGO,908.6694,5300454,Technology
2024-10-08,GOOGL,93.6024,8075231,Technology
2024-10-08,META,435.4255,16423969,Technology
2024-10-08,MSFT,434.8265,7736904,Technology
2024-10-08,NFLX,558.3899,4360302,Technology
2024-10-08,NVDA,294.2334,15797703,Technology
2024-10-08,ORCL,69.3443,4793943,Technology
2024-10-08,TSLA,295.0962,11027462,Technology
2024-10-09,AAPL,207.8637,3135809,Technology
2024-10-09,AMZN,103.3498,5227351,Technology
2024-10-09,AVGO,892.7926,6616984,Technology
2024-10-09,GOOGL,96.3877,9974219,Technology
2024-10-09,META,431.6982,13452922,Technology
2024-10-09,MSFT,437.162,5061893,Technology
2024-10-09,NFLX,573.6677,16887371,Technology
2024-10-09,NVDA,291.2107,6549799,Technology
2024-10-09,ORCL,70.3306,4118926,Technology
2024-10-09,TSLA,294.7773,9981179,Technology
2024-10-10,AAPL,204.0632,15971427,Technology
2024-10-10,AMZN,103.7944,19977019,Technology
2024-10-10,AVGO,923.4711,14256300,Technology
2024-10-10,GOOGL,100.7768,8341833,Technology
2024-10-10,META,429.7816,19592401,Technology
2024-10-10,MSFT,436.7132,8758241,Technology
2024-10-10,NFLX,559.1111,16387617,Technology
2024-10-10,NVDA,297.674,11109162,Technology
2024-10-10,ORCL,70.8825,3938140,Technology
2024-10-10,TSLA,291.8063,6959458,Technology
2024-10-11,AAPL,201.878,2788512,Technology
2024-10-11,AMZN,103.0053,9885050,Technology
2024-10-11,AVGO,937.3849,11652681,Technology
2024-10-11,GOOGL,98.9549,7843773,Technology
2024-10-11,META,438.0446,11310987,Technology
2024-10-11,MSFT,436.1245,18166235,Technology
2024-10-11,NFLX,562.0299,2100254,Technology
2024-10-11,NVDA,295.4305,14500742,Technology
2024-10-11,ORCL,70.4377,3321958,Technology
2024-10-11,TSLA,294.6371,5113427,Technology
2024-10-14,AAPL,202.608,5590457,Technology
2024-10-14,AMZN,103.0898,13853868,Technology
2024-10-14,AVGO,931.4242,7124686,Technology
2024-10-14,GOOGL,103.1924,8690951,Technology
2024-10-14,META,454.1481,9873228,Technology
2024-10-14,MSFT,429.2527,3675884,Technology
2024-10-14,NFLX,559.5485,8118735,Technology
2024-10-14,NVDA,296.2636,15495250,Technology
2024-10-14,ORCL,70.6034,15866600,Technology
2024-10-14,TSLA,303.0162,15442911,Technology
2024-10-15,AAPL,209.0939,11276904,Technology
2024-10-15,AMZN,103.9702,9211237,Technology
2024-10-15,AVGO,925.383,4149212,Technology
2024-10-15,GOOGL,103.3747,15065618,Technology
2024-10-15,META,466.8331,11076626,Technology
2024-10-15,MSFT,423.076,10689262,Technology
2024-10-15,NFLX,566.5368,13394092,Technology
2024-10-15,NVDA,288.5817,17403916,Technology
2024-10-15,ORCL,70.1923,14935528,Technology
2024-10-15,TSLA,303.4264,6927736,Technology
2024-10-16,AAPL,210.9822,19804208,Technology
2024-10-16,AMZN,104.5123,12630030,Technology
2024-10-16,AVGO,922.7738,16811794,Technology
2024-10-16,GOOGL,101.7718,12951440,Technology
2024-10-16,META,476.2864,13365939,Technology
2024-10-16,MSFT,419.0623,2557877,Technology
2024-10-16,NFLX,568.3286,11999828,Technology
2024-10-16,NVDA,295.9514,9140137,Technology
2024-10-16,ORCL,69.1818,9836027,Technology
2024-10-16,TSLA,302.9983,8312326,Technology
2024-10-17,AAPL,208.9226,15559236,Technology
2024-10-17,AMZN,107.8023,19601359,Technology
2024-10-17,AVGO,950.1698,11985499,Technology
2024-10-17,GOOGL,100.8305,15782747,Technology
2024-10-17,META,480.1276,13291730,Technology
2024-10-17,MSFT,422.3318,18015558,Technology
2024-10-17,NFLX,570.6153,7458723,Technology
2024-10-17,NVDA,299.3945,18508465,Technology
2024-10-17,ORCL,70.0522,18966417,Technology
2024-10-17,TSLA,297.7537,14533259,Technology
2024-10-18,AAPL,208.4404,5439861,Technology
2024-10-18,AMZN,110.3354,3164787,Technology
2024-10-18,AVGO,925.8008,10963409,Technology
2024-10-18,GOOGL,100.4603,18670644,Technology
2024-10-18,META,463.0979,6684142,Technology
2024-10-18,MSFT,421.3764,4827867,Technology
2024-10-18,NFLX,575.2589,17320198,Technology
2024-10-18,NVDA,299.8532,7887986,Technology
2024-10-18,ORCL,70.908,11938164,Technology
2024-10-18,TSLA,305.9406,12191407,Technology
2024-10-21,AAPL,205.3891,17584368,Technology
2024-10-21,AMZN,112.0645,12709294,Technology
2024-10-21,AVGO,960.2314,10441225,Technology
2024-10-21,GOOGL,100.3966,10054996,Technology
2024-10-21,META,442.9427,5667726,Technology
2024-10-21,MSFT,424.5762,5419716,Technology
2024-10-21,NFLX,565.5502,12555803,Technology
2024-10-21,NVDA,300.0299,3228269,Technology
2024-10-21,ORCL,69.2152,5775893,Technology
2024-10-21,TSLA,302.332,3630110,Technology
2024-10-22,AAPL,209.4224,7974644,Technology
2024-10-22,AMZN,111.8406,19831903,Technology
2024-10-22,AVGO,996.8929,3968190,Technology
2024-10-22,GOOGL,104.2764,9147630,Technology
2024-10-22,META,436.36,3678777,Technology
2024-10-22,MSFT,427.0132,14549540,Technology
2024-10-22,NFLX,564.3373,19911807,Technology
2024-10-22,NVDA,292.6687,11871713,Technology
2024-10-22,ORCL,68.2055,10518109,Technology
2024-10-22,TSLA,303.2883,15131906,Technology
2024-10-23,AAPL,211.5303,18010757,Technology
2024-10-23,AMZN,114.4867,15053609,Technology
2024-10-23,AVGO,1001.3791,5320609,Technology
2024-10-23,GOOGL,103.651,12723730,Technology
2024-10-23,META,425.6862,12679187,Technology
2024-10-23,MSFT,425.6566,6774765,Technology
2024-10-23,NFLX,552.7435,17306156,Technology
2024-10-23,NVDA,293.6657,4524603,Technology
2024-10-23,ORCL,68.6859,5446794,Technology
2024-10-23,TSLA,307.3682,19383780,Technology
2024-10-24,AAPL,213.6461,15379538,Technology
2024-10-24,AMZN,117.1216,7013329,Technology
2024-10-24,AVGO,1031.8752,15725745,Technology
2024-10-24,GOOGL,99.2994,11316968,Technology
2024-10-24,META,430.1559,2500730,Technology
2024-10-24,MSFT,417.0531,7067415,Technology
2024-10-24,NFLX,553.7641,19828334,Technology
2024-10-24,NVDA,309.6971,16767680,Technology
2024-10-24,ORCL,68.8012,3188996,Technology
2024-10-24,TSLA,316.9093,15801006,Technology
2024-10-25,AAPL,216.0963,19527024,Technology
2024-10-25,AMZN,116.5705,6913510,Technology
2024-10-25,AVGO,1036.6024,13075774,Technology
2024-10-25,GOOGL,100.5958,7406011,Technology
2024-10-25,META,425.4176,3417905,Technology
2024-10-25,MSFT,417.3968,12291856,Technology
2024-10-25,NFLX,555.9954,13471792,Technology
2024-10-25,NVDA,312.2122,2325190,Technology
2024-10-25,ORCL,70.4005,6539275,Technology
2024-10-25,TSLA,318.3417,8741532,Technology
2024-10-28,AAPL,214.3764,10931658,Technology
2024-10-28,AMZN,114.0686,16210869,Technology
2024-10-28,AVGO,1025.4966,9885954,Technology
2024-10-28,GOOGL,100.578,5993960,Technology
2024-10-28,META,407.9729,8883287,Technology
2024-10-28,MSFT,419.3317,17117381,Technology
2024-10-28,NFLX,567.0881,9939148,Technology
2024-10-28,NVDA,308.9372,3809272,Technology
2024-10-28,ORCL,70.7387,5358124,Technology
2024-10-28,TSLA,313.0272,3462948,Technology
2024-10-29,AAPL,207.6761,11346965,Technology
2024-10-29,AMZN,112.9011,10564873,Technology
2024-10-29,AVGO,1039.7611,2738934,Technology
2024-10-29,GOOGL,100.8081,16794918,Technology
2024-10-29,META,407.8777,10166712,Technology
2024-10-29,MSFT,422.4781,9696907,Technology
2024-10-29,NFLX,581.3493,4694684,Technology
2024-10-29,NVDA,306.8823,9035291,Technology
2024-10-29,ORCL,69.5089,9154813,Technology
2024-10-29,TSLA,312.1731,17071549,Technology
2024-10-30,AAPL,207.8931,16420665,Technology
2024-10-30,AMZN,111.4215,12856977,Technology
2024-10-30,AVGO,1057.756,18805080,Technology
2024-10-30,GOOGL,100.5939,14414945,Technology
2024-10-30,META,403.8852,13367032,Technology
2024-10-30,MSFT,426.9611,7301890,Technology
2024-10-30,NFLX,577.0073,2114576,Technology
2024-10-30,NVDA,315.1595,3396535,Technology
2024-10-30,ORCL,69.5411,14764551,Technology
2024-10-30,TSLA,306.4684,13561713,Technology
2024-10-31,AAPL,207.838,12844159,Technology
2024-10-31,AMZN,109.6668,7020031,Technology
2024-10-31,AVGO,1059.3854,5787764,Technology
2024-10-31,GOOGL,100.3179,12013815,Technology
2024-10-31,META,400.4166,18162366,Technology
2024-10-31,MSFT,423.2281,5594146,Technology
2024-10-31,NFLX,569.0111,15297472,Technology
2024-10-31,NVDA,316.3011,4762936,Technology
2024-10-31,ORCL,69.3563,7884347,Technology
2024-10-31,TSLA,310.6242,15604985,Technology
2024-11-01,AAPL,206.7847,16802143,Technology
2024-11-01,AMZN,110.9233,15823992,Technology
2024-11-01,AVGO,1048.9526,7722583,Technology
2024-11-01,GOOGL,102.239,18666604,Technology
2024-11-01,META,404.8988,7344605,Technology
2024-11-01,MSFT,417.099,2463242,Technology
2024-11-01,NFLX,578.5325,5018761,Technology
2024-11-01,NVDA,306.1252,8445565,Technology
2024-11-01,ORCL,69.768,19400548,Technology
2024-11-01,TSLA,307.7829,4389226,Technology
2024-11-04,AAPL,204.4533,3441240,Technology
2024-11-04,AMZN,112.0827,10950928,Technology
2024-11-04,AVGO,1012.2962,8144254,Technology
2024-11-04,GOOGL,102.5145,8401803,Technology
2024-11-04,META,399.3713,16040521,Technology
2024-11-04,MSFT,419.4569,3474849,Technology
2024-11-04,NFLX,574.0343,19256448,Technology
2024-11-04,NVDA,306.7408,14150794,Technology
2024-11-04,ORCL,69.1389,18478878,Technology
2024-11-04,TSLA,319.244,5204072,Technology
2024-11-05,AAPL,203.8556,13896545,Technology
2024-11-05,AMZN,113.0364,13310678,Technology
2024-11-05,AVGO,996.2195,19107459,Technology
2024-11-05,GOOGL,102.9027,4491347,Technology
2024-11-05,META,398.2148,16148867,Technology
2024-11-05,MSFT,423.6475,17187843,Technology
2024-11-05,NFLX,579.574,11464897,Technology
2024-11-05,NVDA,308.7339,5890996,Technology
2024-11-05,ORCL,69.4909,12198237,Technology
2024-11-05,TSLA,323.4463,4527669,Technology
2024-11-06,AAPL,202.6201,9670089,Technology
2024-11-06,AMZN,113.6654,2951343,Technology
2024-11-06,AVGO,1009.7171,5611687,Technology
2024-11-06,GOOGL,101.5703,6193894,Technology
2024-11-06,META,399.733,6949366,Technology
2024-11-06,MSFT,421.872,10803742,Technology
2024-11-06,NFLX,582.1136,11780564,Technology
2024-11-06,NVDA,304.7356,16607212,Technology
2024-11-06,ORCL,69.4732,16097720,Technology
2024-11-06,TSLA,321.2268,5388415,Technology
2024-11-07,AAPL,206.3451,14415766,Technology
2024-11-07,AMZN,114.3734,3228116,Technology
2024-11-07,AVGO,1003.0982,13594433,Technology
2024-11-07,GOOGL,103.0981,16599336,Technology
2024-11-07,META,388.7795,18829566,Technology
2024-11-07,MSFT,427.2365,13898720,Technology
2024-11-07,NFLX,576.3942,16694408,Technology
2024-11-07,NVDA,292.9282,13538219,Technology
2024-11-07,ORCL,69.3902,19177212,Technology
2024-11-07,TSLA,326.5905,17904234,Technology
2024-11-08,AAPL,205.9524,17660669,Technology
2024-11-08,AMZN,112.1487,8887393,Technology
2024-11-08,AVGO,996.3721,7252500,Technology
2024-11-08,GOOGL,104.4434,18521872,Technology
2024-11-08,META,381.5417,12428382,Technology
2024-11-08,MSFT,433.3012,5327861,Technology
2024-11-08,NFLX,576.1918,3132480,Technology
2024-11-08,NVDA,290.284,9031131,Technology
2024-11-08,ORCL,68.5737,19790639,Technology
2024-11-08,TSLA,329.7063,14556046,Technology
2024-11-11,AAPL,206.747,8346067,Technology
2024-11-11,AMZN,107.6049,14225678,Technology
2024-11-11,AVGO,1002.6201,3145688,Technology
2024-11-11,GOOGL,105.3442,15216787,Technology
2024-11-11,META,374.2146,3861546,Technology
2024-11-11,MSFT,437.3435,17938868,Technology
2024-11-11,NFLX,569.8184,5603259,Technology
2024-11-11,NVDA,277.2017,7549836,Technology
2024-11-11,ORCL,69.0672,4667019,Technology
2024-11-11,TSLA,335.9861,6761812,Technology
2024-11-12,AAPL,209.1797,19640491,Technology
2024-11-12,AMZN,109.112,3734005,Technology
2024-11-12,AVGO,1007.3226,13844219,Technology
2024-11-12,GOOGL,104.9177,5112244,Technology
2024-11-12,META,365.0507,3927379,Technology
2024-11-12,MSFT,433.3507,6739327,Technology
2024-11-12,NFLX,582.3933,2127517,Technology
2024-11-12,NVDA,277.9815,15903374,Technology
2024-11-12,ORCL,69.5396,12870593,Technology
2024-11-12,TSLA,325.065,8279465,Technology
2024-11-13,AAPL,209.2675,19062278,Technology
2024-11-13,AMZN,111.2746,3377310,Technology
2024-11-13,AVGO,1017.4723,9899688,Technology
2024-11-13,GOOGL,102.2,16862694,Technology
2024-11-13,META,367.5135,7084334,Technology
2024-11-13,MSFT,438.0448,10371043,Technology
2024-11-13,NFLX,598.4929,7487650,Technology
2024-11-13,NVDA,278.3952,15808056,Technology
2024-11-13,ORCL,69.1424,19227127,Technology
2024-11-13,TSLA,325.8412,13552866,Technology
2024-11-14,AAPL,213.1009,8539600,Technology
2024-11-14,AMZN,111.3518,16269165,Technology
2024-11-14,AVGO,1022.194,6423970,Technology
2024-11-14,GOOGL,101.4915,18337801,Technology
2024-11-14,META,370.0355,10896410,Technology
2024-11-14,MSFT,438.9337,3109508,Technology
2024-11-14,NFLX,607.6101,2146067,Technology
2024-11-14,NVDA,283.9688,6293725,Technology
2024-11-14,ORCL,70.2631,9521663,Technology
2024-11-14,TSLA,315.0061,16971147,Technology
2024-11-15,AAPL,215.1487,16419727,Technology
2024-11-15,AMZN,108.1627,5634771,Technology
2024-11-15,AVGO,1018.1686,11514018,Technology
2024-11-15,GOOGL,99.6741,12714161,Technology
2024-11-15,META,368.2204,8505151,Technology
2024-11-15,MSFT,443.6158,15540232,Technology
2024-11-15,NFLX,613.8236,3617317,Technology
2024-11-15,NVDA,281.5781,3644955,Technology
2024-11-15,ORCL,69.5363,15875478,Technology
2024-11-15,TSLA,318.5588,2661159,Technology
2024-11-18,AAPL,212.0729,4570030,Technology
2024-11-18,AMZN,107.086,6709974,Technology
2024-11-18,AVGO,1010.1361,19355177,Technology
2024-11-18,GOOGL,98.9548,12373106,Technology
2024-11-18,META,371.9822,10838665,Technology
2024-11-18,MSFT,442.6276,8188244,Technology
2024-11-18,NFLX,614.4762,4882714,Technology
2024-11-18,NVDA,265.3576,8068099,Technology
2024-11-18,ORCL,68.659,16403755,Technology
2024-11-18,TSLA,322.6446,11683078,Technology
2024-11-19,AAPL,205.5627,12936312,Technology
2024-11-19,AMZN,105.3297,8185081,Technology
2024-11-19,AVGO,1007.4467,3020836,Technology
2024-11-19,GOOGL,101.2746,3412593,Technology
2024-11-19,META,366.0945,2395225,Technology
2024-11-19,MSFT,440.7332,11746082,Technology
2024-11-19,NFLX,623.4695,14915802,Technology
2024-11-19,NVDA,273.878,5458732,Technology
2024-11-19,ORCL,67.7174,8714430,Technology
2024-11-19,TSLA,315.8807,5791930,Technology
2024-11-20,AAPL,205.8255,3210200,Technology
2024-11-20,AMZN,106.8039,19146448,Technology
2024-11-20,AVGO,1001.302,11616927,Technology
2024-11-20,GOOGL,103.7586,8262743,Technology
2024-11-20,META,381.9346,3373628,Technology
2024-11-20,MSFT,448.4726,11964834,Technology
2024-11-20,NFLX,621.4243,4971064,Technology
2024-11-20,NVDA,272.0234,17881149,Technology
2024-11-20,ORCL,68.664,16837832,Technology
2024-11-20,TSLA,313.8183,16596349,Technology
2024-11-21,AAPL,205.1866,16013276,Technology
2024-11-21,AMZN,105.084,2568773,Technology
2024-11-21,AVGO,986.6602,13134552,Technology
2024-11-21,GOOGL,104.7146,16708550,Technology
2024-11-21,META,390.2172,14372055,Technology
2024-11-21,MSFT,447.2724,17134348,Technology
2024-11-21,NFLX,622.3651,10489893,Technology
2024-11-21,NVDA,268.5523,16344634,Technology
2024-11-21,ORCL,68.694,11019384,Technology
2024-11-21,TSLA,306.9946,16332885,Technology
2024-11-22,AAPL,203.4154,12210403,Technology
2024-11-22,AMZN,101.5331,8905337,Technology
2024-11-22,AVGO,1004.7946,8666698,Technology
2024-11-22,GOOGL,102.016,17656157,Technology
2024-11-22,META,385.7596,18349443,Technology
2024-11-22,MSFT,450.0195,11639259,Technology
2024-11-22,NFLX,617.9891,10208494,Technology
2024-11-22,NVDA,270.5016,5006850,Technology
2024-11-22,ORCL,68.8872,13855981,Technology
2024-11-22,TSLA,310.2316,11067774,Technology
2024-11-25,AAPL,205.6105,12891706,Technology
2024-11-25,AMZN,103.1965,7662065,Technology
2024-11-25,AVGO,1037.9756,4582756,Technology
2024-11-25,GOOGL,103.5934,6080918,Technology
2024-11-25,META,390.3448,16553882,Technology
2024-11-25,MSFT,444.7056,17604092,Technology
2024-11-25,NFLX,617.8038,16164613,Technology
2024-11-25,NVDA,267.5613,9482240,Technology
2024-11-25,ORCL,69.6222,15257818,Technology
2024-11-25,TSLA,321.9266,16937438,Technology
2024-11-26,AAPL,202.6979,8696240,Technology
2024-11-26,AMZN,101.8499,2591476,Technology
2024-11-26,AVGO,1048.0725,8861841,Technology
2024-11-26,GOOGL,102.4194,2205818,Technology
2024-11-26,META,390.8944,5216187,Technology
2024-11-26,MSFT,433.1332,10572721,Technology
2024-11-26,NFLX,628.4574,7775279,Technology
2024-11-26,NVDA,271.861,12116974,Technology
2024-11-26,ORCL,68.6087,18012554,Technology
2024-11-26,TSLA,322.9877,15921361,Technology
2024-11-27,AAPL,196.5662,15735520,Technology
2024-11-27,AMZN,103.2376,12019997,Technology
2024-11-27,AVGO,1055.969,12128809,Technology
2024-11-27,GOOGL,100.7462,15993535,Technology
2024-11-27,META,391.9511,12211289,Technology
2024-11-27,MSFT,435.1823,3421190,Technology
2024-11-27,NFLX,621.2197,15442878,Technology
2024-11-27,NVDA,275.4122,5411855,Technology
2024-11-27,ORCL,68.5907,19885359,Technology
2024-11-27,TSLA,319.6978,6647849,Technology
2024-11-28,AAPL,193.6532,9164612,Technology
2024-11-28,AMZN,104.2321,14709065,Technology
2024-11-28,AVGO,1067.7099,4153557,Technology
2024-11-28,GOOGL,99.8285,2741280,Technology
2024-11-28,META,390.5735,19566485,Technology
2024-11-28,MSFT,442.7355,11037826,Technology
2024-11-28,NFLX,611.3318,10709000,Technology
2024-11-28,NVDA,277.6472,18900618,Technology
2024-11-28,ORCL,67.7428,9828877,Technology
2024-11-28,TSLA,317.8148,4075367,Technology
2024-11-29,AAPL,192.2685,13692093,Technology
2024-11-29,AMZN,103.1158,10846632,Technology
2024-11-29,AVGO,1041.2689,6041325,Technology
2024-11-29,GOOGL,100.7228,11718735,Technology
2024-11-29,META,389.506,19887312,Technology
2024-11-29,MSFT,437.7312,18208191,Technology
2024-11-29,NFLX,623.4182,8820372,Technology
2024-11-29,NVDA,285.2244,4174471,Technology
2024-11-29,ORCL,67.0298,19096704,Technology
2024-11-29,TSLA,318.3151,13849979,Technology
2024-12-02,AAPL,192.3775,15242147,Technology
2024-12-02,AMZN,105.0024,10774188,Technology
2024-12-02,AVGO,1026.8823,3330632,Technology
2024-12-02,GOOGL,101.8111,5974349,Technology
2024-12-02,META,379.4441,11836689,Technology
2024-12-02,MSFT,440.6187,13164916,Technology
2024-12-02,NFLX,641.2211,7857816,Technology
2024-12-02,NVDA,286.7821,5125188,Technology
2024-12-02,ORCL,67.3185,14943929,Technology
2024-12-02,TSLA,320.1092,12562773,Technology
2024-12-03,AAPL,193.805,10982791,Technology
2024-12-03,AMZN,107.1621,3968875,Technology
2024-12-03,AVGO,1012.0765,13679527,Technology
2024-12-03,GOOGL,103.3037,2909356,Technology
2024-12-03,META,380.5428,4850988,Technology
2024-12-03,MSFT,432.6506,4165073,Technology
2024-12-03,NFLX,620.6799,13135007,Technology
2024-12-03,NVDA,292.7837,9238510,Technology
2024-12-03,ORCL,66.486,11848217,Technology
2024-12-03,TSLA,324.2516,8701089,Technology
2024-12-04,AAPL,191.269,6711980,Technology
2024-12-04,AMZN,105.9903,14336735,Technology
2024-12-04,AVGO,1044.8048,13606222,Technology
2024-12-04,GOOGL,103.1611,10021092,Technology
2024-12-04,META,379.7763,5471214,Technology
2024-12-04,MSFT,433.0234,19718623,Technology
2024-12-04,NFLX,601.7859,14056116,Technology
2024-12-04,NVDA,290.4322,10257966,Technology
2024-12-04,ORCL,65.1993,2801245,Technology
2024-12-04,TSLA,316.573,2609296,Technology
2024-12-05,AAPL,193.6162,6685215,Technology
2024-12-05,AMZN,103.6741,12299784,Technology
2024-12-05,AVGO,1024.3692,7084432,Technology
2024-12-05,GOOGL,101.6616,12712379,Technology
2024-12-05,META,363.4025,2531994,Technology
2024-12-05,MSFT,429.7751,19498967,Technology
2024-12-05,NFLX,600.8624,10164319,Technology
2024-12-05,NVDA,296.4673,3188293,Technology
2024-12-05,ORCL,64.8953,7986897,Technology
2024-12-05,TSLA,323.987,14623189,Technology
2024-12-06,AAPL,185.1501,7140383,Technology
2024-12-06,AMZN,100.2955,11120330,Technology
2024-12-06,AVGO,1011.4719,15465249,Technology
2024-12-06,GOOGL,100.6169,7216094,Technology
2024-12-06,META,371.6747,4742228,Technology
2024-12-06,MSFT,431.0321,9620748,Technology
2024-12-06,NFLX,612.3213,15132012,Technology
2024-12-06,NVDA,300.4622,8641639,Technology
2024-12-06,ORCL,63.9948,16253089,Technology
2024-12-06,TSLA,312.8587,2142169,Technology
2024-12-09,AAPL,188.1295,18496620,Technology
2024-12-09,AMZN,100.8403,9044926,Technology
2024-12-09,AVGO,1000.143,14291861,Technology
2024-12-09,GOOGL,100.6204,9097803,Technology
2024-12-09,META,372.9874,17603736,Technology
2024-12-09,MSFT,428.5313,19789038,Technology
2024-12-09,NFLX,604.4335,9064920,Technology
2024-12-09,NVDA,291.9148,3211962,Technology
2024-12-09,ORCL,64.6006,10541316,Technology
2024-12-09,TSLA,301.4857,9585339,Technology
2024-12-10,AAPL,186.8877,17350873,Technology
2024-12-10,AMZN,96.3243,13104914,Technology
2024-12-10,AVGO,989.4029,19783594,Technology
2024-12-10,GOOGL,101.0781,12285930,Technology
2024-12-10,META,376.8029,7895715,Technology
2024-12-10,MSFT,411.1593,13290071,Technology
2024-12-10,NFLX,598.236,9911657,Technology
2024-12-10,NVDA,293.2161,12779643,Technology
2024-12-10,ORCL,65.8999,18453893,Technology
2024-12-10,TSLA,296.0496,3803738,Technology
2024-12-11,AAPL,187.0644,10136768,Technology
2024-12-11,AMZN,96.508,8349747,Technology
2024-12-11,AVGO,980.3804,10189717,Technology
2024-12-11,GOOGL,101.5782,2887599,Technology
2024-12-11,META,380.2033,5955700,Technology
2024-12-11,MSFT,418.6172,17013946,Technology
2024-12-11,NFLX,596.5135,4176735,Technology
2024-12-11,NVDA,298.8095,19695844,Technology
2024-12-11,ORCL,64.6531,12957688,Technology
2024-12-11,TSLA,305.3527,18436678,Technology
2024-12-12,AAPL,189.4529,3580233,Technology
2024-12-12,AMZN,97.9748,2506645,Technology
2024-12-12,AVGO,988.7313,11656184,Technology
2024-12-12,GOOGL,101.0958,11032816,Technology
2024-12-12,META,377.911,6816629,Technology
2024-12-12,MSFT,418.2339,18455130,Technology
2024-12-12,NFLX,593.0622,14374691,Technology
2024-12-12,NVDA,305.5859,19829563,Technology
2024-12-12,ORCL,64.7467,12636085,Technology
2024-12-12,TSLA,302.4797,5350893,Technology
2024-12-13,AAPL,187.8458,14274726,Technology
2024-12-13,AMZN,97.8103,2812132,Technology
2024-12-13,AVGO,984.7533,8482432,Technology
2024-12-13,GOOGL,101.5097,15928852,Technology
2024-12-13,META,361.1469,10668347,Technology
2024-12-13,MSFT,430.3822,3206215,Technology
2024-12-13,NFLX,594.1708,5569781,Technology
2024-12-13,NVDA,310.8052,17308370,Technology
2024-12-13,ORCL,65.4309,10086884,Technology
2024-12-13,TSLA,310.5269,2391499,Technology
2024-12-16,AAPL,189.2526,8253655,Technology
2024-12-16,AMZN,98.6496,15357028,Technology
2024-12-16,AVGO,999.012,5138356,Technology
2024-12-16,GOOGL,102.1049,12067331,Technology
2024-12-16,META,367.3176,11926948,Technology
2024-12-16,MSFT,426.302,7870282,Technology
2024-12-16,NFLX,598.5274,18664309,Technology
2024-12-16,NVDA,319.2416,12797608,Technology
2024-12-16,ORCL,65.0895,2696788,Technology
2024-12-16,TSLA,313.7366,12367373,Technology
2024-12-17,AAPL,187.4379,3168903,Technology
2024-12-17,AMZN,97.3615,2484197,Technology
2024-12-17,AVGO,1017.3921,19412660,Technology
2024-12-17,GOOGL,102.7429,10781499,Technology
2024-12-17,META,365.5379,7297775,Technology
2024-12-17,MSFT,430.1214,6971614,Technology
2024-12-17,NFLX,581.9675,13797129,Technology
2024-12-17,NVDA,335.1327,19665486,Technology
2024-12-17,ORCL,66.1813,6130512,Technology
2024-12-17,TSLA,305.7628,9829432,Technology
2024-12-18,AAPL,182.2052,17324516,Technology
2024-12-18,AMZN,98.5738,3752300,Technology
2024-12-18,AVGO,1051.499,8625405,Technology
2024-12-18,GOOGL,102.1921,13087943,Technology
2024-12-18,META,365.3839,11227817,Technology
2024-12-18,MSFT,419.3575,16157911,Technology
2024-12-18,NFLX,607.9903,18669568,Technology
2024-12-18,NVDA,331.7278,19502603,Technology
2024-12-18,ORCL,66.6962,6776586,Technology
2024-12-18,TSLA,294.1685,6546345,Technology
2024-12-19,AAPL,180.898,14812563,Technology
2024-12-19,AMZN,97.6473,8212574,Technology
2024-12-19,AVGO,1051.7843,2376868,Technology
2024-12-19,GOOGL,101.4001,15242019,Technology
2024-12-19,META,357.3545,9198958,Technology
2024-12-19,MSFT,422.4481,13215042,Technology
2024-12-19,NFLX,602.6458,7864806,Technology
2024-12-19,NVDA,321.6269,14486973,Technology
2024-12-19,ORCL,66.3631,11553370,Technology
2024-12-19,TSLA,302.4973,8717866,Technology
2024-12-20,AAPL,184.2366,16286534,Technology
2024-12-20,AMZN,96.7218,13902320,Technology
2024-12-20,AVGO,1055.4613,10278777,Technology
2024-12-20,GOOGL,101.4495,15981894,Technology
2024-12-20,META,358.9092,14367034,Technology
2024-12-20,MSFT,416.9882,9459963,Technology
2024-12-20,NFLX,609.6592,12203743,Technology
2024-12-20,NVDA,316.9294,17911406,Technology
2024-12-20,ORCL,68.2756,10086498,Technology
2024-12-20,TSLA,296.6119,7403119,Technology
2024-12-23,AAPL,182.7173,11157603,Technology
2024-12-23,AMZN,97.9551,6457050,Technology
2024-12-23,AVGO,1047.0854,14792344,Technology
2024-12-23,GOOGL,102.0716,7821409,Technology
2024-12-23,META,362.9354,17971668,Technology
2024-12-23,MSFT,416.3978,4667595,Technology
2024-12-23,NFLX,622.7428,13066565,Technology
2024-12-23,NVDA,325.7997,7723405,Technology
2024-12-23,ORCL,68.7981,9145643,Technology
2024-12-23,TSLA,306.2126,19473782,Technology
2024-12-24,AAPL,184.0568,4499783,Technology
2024-12-24,AMZN,96.661,18387002,Technology
2024-12-24,AVGO,1035.9411,9240157,Technology
2024-12-24,GOOGL,102.6967,14091455,Technology
2024-12-24,META,361.6894,12505668,Technology
2024-12-24,MSFT,408.8399,18913699,Technology
2024-12-24,NFLX,621.807,19196155,Technology
2024-12-24,NVDA,330.9583,8031893,Technology
2024-12-24,ORCL,66.9263,16443041,Technology
2024-12-24,TSLA,315.6315,18215579,Technology
2024-12-25,AAPL,185.3504,16226715,Technology
2024-12-25,AMZN,94.934,3179004,Technology
2024-12-25,AVGO,1033.341,17122436,Technology
2024-12-25,GOOGL,102.4264,9623730,Technology
2024-12-25,META,368.5141,15796079,Technology
2024-12-25,MSFT,404.3429,18648707,Technology
2024-12-25,NFLX,599.0979,15190492,Technology
2024-12-25,NVDA,324.5137,12953599,Technology
2024-12-25,ORCL,67.8027,6925424,Technology
2024-12-25,TSLA,306.4017,11125293,Technology
2024-12-26,AAPL,188.7052,8640400,Technology
2024-12-26,AMZN,94.4766,2354815,Technology
2024-12-26,AVGO,1010.0379,9580531,Technology
2024-12-26,GOOGL,101.6797,12689788,Technology
2024-12-26,META,363.9088,19167717,Technology
2024-12-26,MSFT,402.3053,7149671,Technology
2024-12-26,NFLX,604.2775,12533181,Technology
2024-12-26,NVDA,318.7415,13530655,Technology
2024-12-26,ORCL,68.2192,9501591,Technology
2024-12-26,TSLA,294.8764,19171674,Technology
2024-12-27,AAPL,189.3609,16465911,Technology
2024-12-27,AMZN,95.8862,7870103,Technology
2024-12-27,AVGO,1041.2567,9519061,Technology
2024-12-27,GOOGL,102.8088,2435722,Technology
2024-12-27,META,375.3834,10780972,Technology
2024-12-27,MSFT,401.5803,11641402,Technology
2024-12-27,NFLX,589.4836,13526435,Technology
2024-12-27,NVDA,315.4909,6183658,Technology
2024-12-27,ORCL,67.2865,11031533,Technology
2024-12-27,TSLA,301.0214,9213502,Technology
2024-12-30,AAPL,186.0077,3551878,Technology
2024-12-30,AMZN,92.7698,12224889,Technology
2024-12-30,AVGO,1039.8518,8991971,Technology
2024-12-30,GOOGL,101.3011,13091977,Technology
2024-12-30,META,381.0272,15447426,Technology
2024-12-30,MSFT,398.7941,8894782,Technology
2024-12-30,NFLX,590.9935,6256185,Technology
2024-12-30,NVDA,298.0759,6186906,Technology
2024-12-30,ORCL,68.6734,13520353,Technology
2024-12-30,TSLA,309.9841,18602364,Technology
2024-12-31,AAPL,184.9676,7567232,Technology
2024-12-31,AMZN,93.572,18225377,Technology
2024-12-31,AVGO,1022.3931,8544084,Technology
2024-12-31,GOOGL,105.5767,19822865,Technology
2024-12-31,META,376.0195,16686059,Technology
2024-12-31,MSFT,403.4257,10740526,Technology
2024-12-31,NFLX,604.7538,4998148,Technology
2024-12-31,NVDA,288.09,13094276,Technology
2024-12-31,ORCL,68.2568,7511674,Technology
2024-12-31,TSLA,311.7342,17958714,Technology
